-- phpMyAdmin SQL Dump
-- version 5.1.1
-- https://www.phpmyadmin.net/
--
-- Host: 127.0.0.1
-- Generation Time: Dec 06, 2021 at 08:55 AM
-- Server version: 10.4.20-MariaDB
-- PHP Version: 8.0.8

SET SQL_MODE = "NO_AUTO_VALUE_ON_ZERO";
START TRANSACTION;
SET time_zone = "+00:00";


/*!40101 SET @OLD_CHARACTER_SET_CLIENT=@@CHARACTER_SET_CLIENT */;
/*!40101 SET @OLD_CHARACTER_SET_RESULTS=@@CHARACTER_SET_RESULTS */;
/*!40101 SET @OLD_COLLATION_CONNECTION=@@COLLATION_CONNECTION */;
/*!40101 SET NAMES utf8mb4 */;

--
-- Database: `seaboard`
--

-- --------------------------------------------------------

--
-- Table structure for table `accesses`
--

CREATE TABLE `accesses` (
  `access_id` int(11) NOT NULL,
  `access_title` varchar(255) NOT NULL,
  `access_desc` varchar(255) DEFAULT NULL
) ENGINE=InnoDB DEFAULT CHARSET=utf8mb4;

--
-- Dumping data for table `accesses`
--

INSERT INTO `accesses` (`access_id`, `access_title`, `access_desc`) VALUES
(1, 'Application Admin', 'Application Admin'),
(3, 'Employment Form', 'Employement Form Admin'),
(4, 'Head Of Department', 'Head Of Department'),
(100, 'Attendance Admin', 'Attendance Admin'),
(101, 'Mark Attednace', 'Mark Attednace'),
(102, 'Device Setup', 'Device Setup'),
(103, 'View Employees', 'View Employees'),
(500, 'Inventory', 'Inventory'),
(502, 'View All Employees Attendance', 'View All Employees Attendance'),
(503, 'View Guests Meetings', 'View Guests Meetings'),
(504, 'Inventory Home Page Purchase Requisition List', 'Inventory Home Page Purchase Requisition List'),
(505, 'Inventory Home Page Purchase Order List', 'Inventory Home Page Purchase Order List'),
(506, 'View Employees Attendance Companywise', 'View Employees Attendance Companywise'),
(509, 'View Employees Leave Requests', 'View Employees Leave Requests'),
(510, 'Send Request On Behalf Of Other Employee', 'Send Request On Behalf Of Other Employee'),
(512, 'put forward the purchase request for approval', 'put forward the purchase request for approval'),
(513, 'approve the purchase request', 'approve the purchase request'),
(514, 'override the purchase request', 'override the purchase request'),
(515, 'approve purchase requests that are greater than 150000', 'approve purchase requests that are greater than 150000');

-- --------------------------------------------------------

--
-- Table structure for table `att_devices`
--

CREATE TABLE `att_devices` (
  `device_id` int(11) NOT NULL,
  `device_name` varchar(255) NOT NULL,
  `device_code` varchar(255) NOT NULL,
  `location_code` int(11) NOT NULL
) ENGINE=InnoDB DEFAULT CHARSET=utf8mb4;

--
-- Dumping data for table `att_devices`
--

INSERT INTO `att_devices` (`device_id`, `device_name`, `device_code`, `location_code`) VALUES
(1, 'Galaxy Tab S&', 'Gala123', 1);

-- --------------------------------------------------------

--
-- Table structure for table `companies`
--

CREATE TABLE `companies` (
  `company_code` int(11) NOT NULL,
  `company_name` varchar(255) NOT NULL
) ENGINE=InnoDB DEFAULT CHARSET=utf8mb4;

--
-- Dumping data for table `companies`
--

INSERT INTO `companies` (`company_code`, `company_name`) VALUES
(1, 'Seaboard Services'),
(5, 'SeaTech'),
(6, 'Peader Engineering'),
(7, 'KDC'),
(8, 'PDC'),
(10, 'Qasim Freight Station'),
(20, 'Seaboard Logistics'),
(100, 'City Transport'),
(200, 'Reliance Services');

-- --------------------------------------------------------

--
-- Table structure for table `company_locations`
--

CREATE TABLE `company_locations` (
  `id` int(11) NOT NULL,
  `company_code` int(11) NOT NULL,
  `location_code` int(11) NOT NULL
) ENGINE=InnoDB DEFAULT CHARSET=utf8mb4;

--
-- Dumping data for table `company_locations`
--

INSERT INTO `company_locations` (`id`, `company_code`, `location_code`) VALUES
(6, 1, 1),
(1, 1, 2),
(9, 5, 1),
(8, 10, 1),
(7, 10, 4),
(5, 20, 1),
(2, 20, 3);

-- --------------------------------------------------------

--
-- Table structure for table `departments`
--

CREATE TABLE `departments` (
  `department_code` int(11) NOT NULL,
  `department_name` varchar(255) NOT NULL
) ENGINE=InnoDB DEFAULT CHARSET=utf8mb4;

--
-- Dumping data for table `departments`
--

INSERT INTO `departments` (`department_code`, `department_name`) VALUES
(1, 'Accounts'),
(2, 'Finance & Legal'),
(3, 'Operations'),
(4, 'Engineering'),
(5, 'Admin'),
(7, 'IT'),
(23, 'HR');

-- --------------------------------------------------------

--
-- Table structure for table `descussions`
--

CREATE TABLE `descussions` (
  `id` int(11) NOT NULL,
  `emp_id` int(11) NOT NULL,
  `description` varchar(255) NOT NULL,
  `image` varchar(255) NOT NULL,
  `time` time DEFAULT NULL,
  `date` date DEFAULT NULL
) ENGINE=InnoDB DEFAULT CHARSET=utf8mb4;

--
-- Dumping data for table `descussions`
--

INSERT INTO `descussions` (`id`, `emp_id`, `description`, `image`, `time`, `date`) VALUES
(1, 500, 'In publishing and graphic design, Lorem ipsum is a placeholder text commonly used to demonstrate the visual form of a document or a typeface without relying on meaningful content.', 'img1.jpg', '14:06:22', '2021-09-15');

-- --------------------------------------------------------

--
-- Table structure for table `designations`
--

CREATE TABLE `designations` (
  `designation_code` int(11) NOT NULL,
  `designation_name` varchar(255) NOT NULL,
  `department_code` int(11) NOT NULL
) ENGINE=InnoDB DEFAULT CHARSET=utf8mb4;

--
-- Dumping data for table `designations`
--

INSERT INTO `designations` (`designation_code`, `designation_name`, `department_code`) VALUES
(1, 'Accountant', 1),
(2, 'Accts. Assist.(Billing)', 1),
(3, 'Office Assistant', 5),
(4, 'Peon', 5),
(5, 'Asst Foreman', 3),
(6, 'Office Assistant', 3),
(7, 'Clerk', 3),
(8, 'Foreman', 3),
(9, 'Surveyor', 3),
(10, 'General Duty Clerk', 5),
(11, 'Fitter', 4),
(12, 'Welder', 4),
(13, 'Helper', 4),
(14, 'Helper M&R', 4),
(15, 'Supervisor', 4),
(16, 'Forklift Operator', 4),
(17, 'Asst. Mech.', 4),
(18, 'Fabrication-c-Helper', 4),
(19, 'Accounts Officer', 1),
(20, 'Accounts Assistant', 1),
(22, 'Commercial Manager', 5),
(23, 'Out - Door Staff', 5),
(24, 'Assistant Documentation', 3),
(25, 'Developer', 7),
(27, 'Sweeper', 5),
(28, 'Inventory Assist. Manager', 1),
(29, 'Assistant Documentation', 5),
(31, 'Operator', 5),
(32, 'Generator Operator', 5),
(33, 'Electrician', 5),
(34, 'Gardener', 5),
(35, 'Watchman', 5),
(36, 'Telephone Operator', 5),
(37, 'Coordinator Operations', 3),
(38, 'Asst. Coordinator Operations', 3),
(39, 'Operation Assistan', 3),
(40, 'Operation Assistan (Field)', 3),
(41, 'Operation Documentation Officer', 3),
(42, 'Gate Supervisor', 3),
(43, 'Driver', 5),
(44, 'Export Supervisor', 3),
(45, 'Shed Supervisor', 3),
(46, 'Export Staff', 3),
(47, 'Documentation Supervisor', 3),
(48, 'Documentation Staff', 3),
(49, 'Data Entry Operator', 3),
(50, 'Cargo Surveyor', 3),
(51, 'Foreman', 3),
(52, 'Team Leader APL', 3),
(53, 'Empty Operations', 3),
(54, 'Empty Operations', 3),
(55, 'Electrician Helper', 5),
(56, 'Qari', 5),
(57, 'chief', 5),
(58, 'Documentation Manager', 3),
(59, 'Cleaner', 5),
(60, 'Supervisor', 5),
(61, 'Operation Coordinator', 5),
(62, 'Supervisor', 3),
(63, 'Assistant Shed Supervisor', 3),
(64, 'Yard Foreman', 3),
(65, 'Container Shifting', 3),
(66, 'Cashier', 1),
(67, 'Rider', 5),
(68, 'Operation Manager', 3),
(69, 'Archiving Officer', 3),
(70, 'Assistant Archiving', 3),
(71, 'Finance Manager', 1),
(72, 'IT Operator', 7);

-- --------------------------------------------------------

--
-- Table structure for table `employees`
--

CREATE TABLE `employees` (
  `emp_id` int(11) NOT NULL,
  `name` varchar(255) NOT NULL,
  `father_name` varchar(255) NOT NULL,
  `date_of_birth` date DEFAULT NULL,
  `place_of_birth` varchar(255) NOT NULL,
  `residential_address` varchar(255) NOT NULL,
  `permanent_address` varchar(255) NOT NULL,
  `emergency_person_name` varchar(255) NOT NULL,
  `emergency_person_number` varchar(255) NOT NULL,
  `landline` varchar(255) NOT NULL,
  `cell` varchar(255) NOT NULL,
  `gender` varchar(255) NOT NULL,
  `time_in` varchar(255) DEFAULT NULL,
  `time_out` varchar(255) DEFAULT NULL,
  `salary` varchar(255) DEFAULT NULL,
  `date_of_join` date DEFAULT NULL,
  `additional_off` varchar(255) DEFAULT NULL,
  `emp_status` varchar(255) DEFAULT NULL,
  `email` varchar(255) DEFAULT NULL,
  `access` varchar(255) DEFAULT NULL,
  `marital_status` varchar(255) NOT NULL,
  `children` mediumtext DEFAULT NULL,
  `cnic` varchar(255) NOT NULL,
  `cnic_date_of_issue` date DEFAULT NULL,
  `cnic_date_of_expiry` date DEFAULT NULL,
  `cnic_place_of_issue` varchar(255) NOT NULL,
  `cnic_front_image` varchar(255) NOT NULL,
  `cnic_back_image` varchar(255) NOT NULL,
  `guest_meetable` tinyint(1) NOT NULL,
  `company_code` int(11) DEFAULT NULL,
  `location_code` int(11) DEFAULT NULL,
  `department_code` int(11) DEFAULT NULL,
  `designation_code` int(11) DEFAULT NULL,
  `user_id` int(11) NOT NULL,
  `grade_code` int(11) DEFAULT NULL,
  `created_at` date DEFAULT NULL,
  `updated_at` date DEFAULT NULL
) ENGINE=InnoDB DEFAULT CHARSET=utf8mb4;

--
-- Dumping data for table `employees`
--

INSERT INTO `employees` (`emp_id`, `name`, `father_name`, `date_of_birth`, `place_of_birth`, `residential_address`, `permanent_address`, `emergency_person_name`, `emergency_person_number`, `landline`, `cell`, `gender`, `time_in`, `time_out`, `salary`, `date_of_join`, `additional_off`, `emp_status`, `email`, `access`, `marital_status`, `children`, `cnic`, `cnic_date_of_issue`, `cnic_date_of_expiry`, `cnic_place_of_issue`, `cnic_front_image`, `cnic_back_image`, `guest_meetable`, `company_code`, `location_code`, `department_code`, `designation_code`, `user_id`, `grade_code`, `created_at`, `updated_at`) VALUES
(100, 'Akhter Hussain', 'Taj Hussain', '1972-10-15', 'Karachi', 'House No 2086, Street / Muhallah K-14-17 Gulistan colony Lyari  Madina Masjid Karachi', 'House No 2086, Street / Muhallah K-14-17 Gulistan colony Lyari  Madina Masjid Karachi', 'Fawad Hussain', '03102803826', '03232383254', '03232383254', 'Male', '09:00 AM', '05:00 PM', '0', '2016-10-06', '[]', 'Active', NULL, '[]', 'Married', '[{\"childName\":\"Fawad Hussain\",\"childAge\":\"19\",\"childGender\":\"Male\"},{\"childName\":\"Saad Hussain\",\"childAge\":\"18\",\"childGender\":\"Male\"},{\"childName\":\"Ashad Hussain\",\"childAge\":\"16\",\"childGender\":\"Male\"},{\"childName\":\"Warisha Hussain\",\"childAge\":\"11\",\"childG', '4230152740109', '2020-07-26', '2030-07-26', 'Karachi', 'AkhTaj42301527_front.png', 'AkhTaj42301527_back.png', 0, 1, 1, 5, 4, 5, 1, '2021-09-08', '0000-00-00'),
(101, 'Mustafa Hussain', 'Muhammad Yaseen', '1966-06-16', 'Karachi', 'E-302  Saima Classic  B-10/A Gulshan e Iqbal, Karachi', 'E-302  Saima Classic  B-10/A Gulshan e Iqbal, Karachi', 'Javaid Iqbal', '03333257115', '03332473101', '03332473101', 'Male', '09:00 AM', '05:00 PM', '0', '2021-01-25', '[]', 'Active', NULL, '[506]', 'Married', '[{\"childName\":\"Muneeba Hussain\",\"childAge\":\"18\",\"childGender\":\"FeMale\"},{\"childName\":\"Mubasharah Hussain\",\"childAge\":\"16\",\"childGender\":\"FeMale\"},{\"childName\":\"Muhammad Hassaan Hussain\",\"childAge\":\"14\",\"childGender\":\"Male\"},{\"childName\":\"Muhammad Ehtasham', '4250114101787', '2018-02-03', '2028-02-03', 'karachi', 'MusMuh42501141_front.png', 'MusMuh42501141_back.png', 1, 1, 1, 1, 1, 4, 3, '2021-09-06', '0000-00-00'),
(102, 'Muhammad Iqbal', 'Ilyas Arbi', '1953-02-12', 'Karachi', 'Sumaira Heights flot no:B-13/2 sector 33/38 mosamyat, karachi', 'Sumaira Heights flot no:B-13/2 sector 33/38 mosamyat, karachi', 'Yasmeen Bano', '03232585377', '03303733020', '03218970410', 'Male', '09:00 AM', '05:00 PM', '0', '1988-07-01', '[]', 'Active', NULL, '[]', 'Married', '[{\"childName\":\"Muhammad jawwad\",\"childAge\":\"30\",\"childGender\":\"Male\"},{\"childName\":\"Muhammad Saud\",\"childAge\":\"28\",\"childGender\":\"Male\"},{\"childName\":\"Muhammad Abdul Samad\",\"childAge\":\"25\",\"childGender\":\"Male\"},{\"childName\":\"Muhammad Abdul Saboor\",\"childA', '4210113824305', '2014-09-25', '3000-01-01', 'karachi', 'MuhIly42101138_front.png', 'MuhIly42101138_back.png', 0, 1, 1, 5, 3, 4, 1, '2021-09-06', '0000-00-00'),
(200, 'Antash Javaid', 'Barkat Javaid', '1998-04-16', 'Bahawalpur', 'Yuhanabad Feroz pur Road House: 141 St:6 block-H Lahore', 'post office khas chuck NO 174/9 L Tahsil:  Chichawatni, Distt: Sahiwal', 'Barkat Javaid', '03083567839', '03033024671', '03033024671', 'Male', '10:00 AM', '06:00 PM', '50000', '2021-04-10', '[]', 'Active', NULL, '[500,510,512]', 'Single', '[]', '3120268576413', '2016-06-27', '2026-06-27', 'Bahawalpur', 'AntBar31202685_front.png', 'AntBar31202685_back.png', 1, 20, 1, 1, 20, 1, 1, '2021-06-27', '2021-06-27'),
(500, 'Muhammad Usman', 'Badar Alam', '2002-09-24', 'Karachi', 'LS-5, ST-8, SECTOR-10, NORTH KARACHI, KARACHI', 'LS-5, ST-8, SECTOR-10, NORTH KARACHI, KARACHI', 'Umer Badar', '03162135497', '03352154438', '03303744620', 'Male', '09:00 AM', '05:00 PM', '70000', '2021-05-13', '[\"Saturday\"]', 'Active', 'usman.umer0335@gmail.com', '[1,3,4,100,101,102,103,500,510,514,512,513,515]', 'Single', '[]', '4210161716531', '2020-01-24', '2030-01-24', 'Karachi', 'MuhBad42101617_front.png', 'MuhBad42101617_back.png', 0, 5, 1, 7, 25, 1, 1, '2021-06-15', '2021-06-27'),
(502, 'Ishtiaq Ahmed', 'Malik', '1997-07-28', 'Karachi', 'kashmir mujahid colony near civiline, karachi', 'kalakote police line, house - 9,  block - N', 'malik', '03332141617', '03332141617', '03332498261', 'Male', '10:00 AM', '06:00 PM', '18000', '2021-06-25', '[]', 'Active', NULL, '[]', 'Single', '[]', '4230127306427', '2018-10-02', '2028-10-02', 'karachi', 'IshMal42301273_front.png', 'IshMal42301273_back.png', 0, 5, 1, 3, 69, 1, 1, '2021-06-27', '2021-06-27'),
(503, 'Muhammad Malahim', 'Muhammad Ayoub', '1998-10-21', 'Karachi', 'R-874, Sector-9, North Karachi, Karachi', 'R-874, Sector-9, North Karachi, Karachi', 'Muhammad Ayoub', '03313704049', '03422567766', '03422618990', 'Male', '10:00 AM', '06:00 PM', '0', '2021-08-12', '[\"Saturday\"]', 'Active', 'm.malahim57@gmail.com', '[506]', 'Single', '[]', '4210134573767', '2016-11-29', '2026-11-29', 'Karachi', 'MuhMuh42101345_front.png', 'MuhMuh42101345_back.png', 0, 5, 1, 7, 25, 1, 2, '2021-08-17', '0000-00-00'),
(504, 'Faiz Honey', 'Mumtaz Akhter', '2005-12-10', 'Karachi', 'House no.305, Mohalla I Area Korangi 5, City Karachi', 'House no.305, Mohalla I Area Korangi 5, City Karachi', 'Rehan Khurrum', '03337907417', '03182077081', '03182077081', 'Male', '09:00 AM', '05:00 PM', '0', '2021-08-12', '[]', 'Active', NULL, '[]', 'Single', '[]', '4260403453057', '2019-08-23', '3000-08-23', 'Karachi', 'FaiMum42604034_front.png', 'FaiMum42604034_back.png', 0, 5, 1, 3, 70, 5, 1, '2021-09-14', '0000-00-00'),
(505, 'Admin', 'Admin', '0001-01-01', 'Admin', 'Admin At Admin', 'Admin At Admin', 'Admin', '0000000000000', '000000000000000', '0000000000000', 'Male', '05:00 AM', '08:30 PM', '0', '0001-01-01', '[\"Monday\",\"Tuesday\",\"Wednessday\",\"Saturday\",\"Friday\",\"Thursday\"]', 'Active', NULL, '[502,503]', 'Single', '[]', '0000000000000', '0001-01-01', '0022-02-22', 'Admin', 'AdmAdm00000000_front.png', 'AdmAdm00000000_back.png', 0, 5, 1, 1, 71, 1, 8, '2021-10-04', '0000-00-00'),
(506, 'Muhammad Raheel\' Khatri', 'Muhammad Rafiq Khatri', '1999-06-03', 'Karachi', 'SM plasa ghans galli musa lane, house No 401', 'SM plasa ghans galli musa lane, house No 401', 'Muhammad Rafiq Khatri', '03452505449', '03332505449', '03202300252', 'Male', '10:00 AM', '06:00 PM', '0', '2021-05-10', '[]', 'Active', NULL, '[]', 'Single', '[]', '4230169612119', '2018-01-22', '2028-01-22', 'Karachi', 'MuhMuh42301696_front.png', 'MuhMuh42301696_back.png', 0, 5, 1, 7, 72, 1, 1, '2021-10-06', '0000-00-00'),
(1000, 'Zeeshan Ahmed Dawood', 'Dawood Abdul Ghaffar', '1981-03-15', 'Karachi', '112/2, Husainabad F.B Area Karachi', '112/2, Husainabad F.B Area Karachi', 'Rizewan', '03009297573', '3215452452', '03002467766', 'Male', '09:00 AM', '05:00 PM', '89438', '2008-12-12', '[]', 'Active', NULL, '[506]', 'Married', '[{\"childName\":\"Hasham\",\"childAge\":\"12\",\"childGender\":\"Male\"},{\"childName\":\"Arham\",\"childAge\":\"10\",\"childGender\":\"Male\"}]', '4210117530249', '2021-06-16', '2031-06-16', 'Karachi', 'ZeeDaw42101175_front.png', 'ZeeDaw42101175_back.png', 1, 10, 1, 1, 1, 1, 1, '2021-06-27', '2021-06-27'),
(1001, 'Muhammad Iqbal', 'Essa Kara', '1971-12-01', 'Karachi', 'House no:05 Noor Islam Masjid Panjiree Para Kemari, Karachi', 'House no:05 Noor Islam Masjid Panjiree Para Kemari, Karachi', 'Muhammad Imran', '03343977441', '03452926895', '03452926895', 'Male', '09:00 AM', '05:00 PM', '0', '2019-07-01', '[]', 'Active', NULL, '[]', 'Married', '[{\"childName\":\"Muhammad Uzair\",\"childAge\":\"12\",\"childGender\":\"Male\"}]', '4240115552887', '2020-11-30', '2030-11-30', 'karachi', 'MuhEss42401555_front.png', 'MuhEss42401555_back.png', 0, 10, 1, 5, 36, 4, 2, '2021-09-02', '0000-00-00'),
(1002, 'Muhammad Kashif Naseer', 'Naseer Muhammad', '1994-04-04', 'Karachi', 'House no:S-2/646 Saudabad Malir, karachi', 'House no:S-2/646 Saudabad Malir, karachi', 'Muhammad Asif Naseer', '03332320571', '03333351749', '03333351749', 'Male', '09:00 AM', '05:00 PM', '0', '2021-02-10', '[]', 'Active', NULL, '[]', 'Married', '[{\"childName\":\"Muhammad Ahmed Kashif\",\"childAge\":\"6\",\"childGender\":\"Male\"},{\"childName\":\"Aiza Kashif\",\"childAge\":\"5\",\"childGender\":\"FeMale\"},{\"childName\":\"Aysha Kashif\",\"childAge\":\"3\",\"childGender\":\"FeMale\"}]', '4220189167303', '2016-01-31', '2026-01-04', 'karachi', 'MuhNas42201891_front.png', 'MuhNas42201891_back.png', 0, 10, 1, 1, 20, 4, 3, '2021-09-02', '0000-00-00'),
(1003, 'Syed Abid Hussain', 'Syed Zahid Hussain', '1972-05-06', 'Karachi', 'House no:13/12 Firdous Colony Gulbahar 02, Karachi', 'House no:13/12 Firdous Colony Gulbahar 02, Karachi', 'Mrs Abid', '03362521145', '03222900102', '03222900102', 'Male', '09:00 AM', '05:00 PM', '0', '2017-01-16', '[]', 'Active', NULL, '[]', 'Married', '[{\"childName\":\"Syeda Maryam Fatima\",\"childAge\":\"17\",\"childGender\":\"FeMale\"},{\"childName\":\"Syeda Aliza Fatima\",\"childAge\":\"13\",\"childGender\":\"FeMale\"}]', '4210119150931', '2012-12-20', '2019-12-20', 'karachi', 'SyeSye42101191_front.png', 'SyeSye42101191_back.png', 1, 10, 1, 1, 19, 4, 3, '2021-09-02', '0000-00-00'),
(1004, 'Fahad', 'Ishtiaq Ahmed', '1996-04-25', 'Karachi', 'House No: A-128 J1 Area Korangi Sec 5, Karachi', 'House no: D/152 Noor colony Hanifabad Orangi sec 10, Karachi.', 'Waqas Ahmed', '03132558953', '03151191477', '03102485287', 'Male', '08:00 AM', '05:00 PM', '0', '2021-03-01', '[]', 'Active', NULL, '[]', 'Single', '[]', '4240165852059', '2014-09-21', '2024-09-21', 'karachi', 'FahIsh42401658_front.png', 'FahIsh42401658_back.png', 0, 10, 1, 5, 33, 4, 2, '2021-09-03', '0000-00-00'),
(1005, 'Asad Ali', 'Muhammad Ali', '1997-10-02', 'Karachi', 'Hasan Ali Meer Muhammad Road House No:297/A secter Nawalane Liyari, Karachi', 'Hasan Ali Meer Muhammad Road House No:297/A secter Nawalane Liyari, Karachi', 'Yaseen', '03162616641', '03021254516', '03202050477', 'Male', '09:00 AM', '05:00 PM', '0', '2019-07-01', '[]', 'Active', NULL, '[]', 'Single', '[]', '4230130074533', '2016-01-30', '2026-01-30', 'karachi', 'AsaMuh42301300_front.png', 'AsaMuh42301300_back.png', 0, 10, 1, 5, 4, 4, 1, '2021-09-06', '0000-00-00'),
(1006, 'Manzoor Hussain', 'Abdul Rehman', '1951-04-03', 'Karachi', 'C-506 Reno center near Uncle Sarya Hospital Randell Road, Karachi', 'C-506 Reno center near Uncle Sarya Hospital Randell Road, Karachi', 'Usman Mansoor', '03342108663', '03223845993', '03223845993', 'Male', '09:00 AM', '05:00 PM', '0', '2019-07-01', '[]', 'Active', NULL, '[]', 'Married', '[{\"childName\":\"Adnan Mansoor\",\"childAge\":\"40\",\"childGender\":\"Male\"},{\"childName\":\"Rizwan Mansoor\",\"childAge\":\"38\",\"childGender\":\"Male\"},{\"childName\":\"Usman Mansoor\",\"childAge\":\"29\",\"childGender\":\"Male\"},{\"childName\":\"Sadia Mansoor\",\"childAge\":\"34\",\"childG', '4230109302317', '2011-06-13', '3000-01-01', 'karachi', 'ManAbd42301093_front.png', 'ManAbd42301093_back.png', 1, 10, 1, 1, 66, 4, 3, '2021-09-06', '0000-00-00'),
(1007, 'Mahesh', 'Babu Lal', '1989-08-31', 'Karachi', 'House no L-2/6, Mohalla Bazar Area Bakshan Village Karachi', 'House no L-2/6, Mohalla Bazar Area Bakshan Village Karachi', 'Mukesh', '03362887621', '03152401913', '03152401913', 'Male', '09:00 AM', '05:00 PM', '0', '2021-06-02', '[]', 'Active', NULL, '[]', 'Married', '[]', '4200034776237', '2012-02-07', '2022-02-07', 'Karachi', 'MahBab42000347_front.png', 'MahBab42000347_back.png', 0, 10, 1, 5, 27, 5, 1, '2021-09-09', '0000-00-00'),
(1008, 'Usman Ghani', 'Saleh Muhammad', '1959-01-01', 'Karachi', 'House no B-477 Muhalla New Okhai Scheme 33 Malir Karachi ', 'Flat no 5 Muhalla Second Floor Saleh Memon Society Karachi', 'Muhammad Waqas', '03212609711', '03002269290', '03002269290', 'Male', '09:00 AM', '05:00 PM', '0', '2019-07-01', '[]', 'Active', NULL, '[]', 'Married', '[{\"childName\":\"Muhammad Waqad\",\"childAge\":\"31\",\"childGender\":\"Male\"},{\"childName\":\"Muhammad Owais\",\"childAge\":\"29\",\"childGender\":\"Male\"},{\"childName\":\"Mawish Usman Ghani\",\"childAge\":\"24\",\"childGender\":\"FeMale\"}]', '4230107390021', '2019-12-31', '3000-12-31', 'Karachi', 'UsmSal42301073_front.png', 'UsmSal42301073_back.png', 0, 10, 1, 5, 43, 5, 1, '2021-09-10', '0000-00-00'),
(1009, 'Muhammad Asif Anwar', 'Muhammad Anwar', '1972-12-06', 'Karachi', 'House no A-121-A, Block 8, Muhalla AEEC, PECHS Gulistan-e-jauhar Karachi', 'House no A-121-A, Block 8, Muhalla AEEC, PECHS Gulistan-e-jauhar Karachi', 'Aafia Asif', '03322381736', '03008213353', '03008213353', 'Male', '11:00 AM', '08:00 PM', '0', '2000-10-02', '[]', 'Active', NULL, '[]', 'Married', '[{\"childName\":\"Muhammad Shamleed Asif\",\"childAge\":\"19\",\"childGender\":\"Male\"},{\"childName\":\"Muhammad Umer Asif\",\"childAge\":\"18\",\"childGender\":\"Male\"}]', '4230114036639', '2016-04-28', '2026-04-28', 'Karachi', 'MuhMuh42301140_front.png', 'MuhMuh42301140_back.png', 1, 10, 1, 3, 68, 5, 4, '2021-09-10', '0000-00-00'),
(1010, 'Yousuf Devid', 'Feroz Masih ', '1978-05-12', 'Karachi', 'House No 338/339, Muhalla Christan Town New Abadi Korangi Karachi', 'House No 338/339, Muhalla Christan Town New Abadi Korangi Karachi', 'Yousuf Devid', '03422759290', '03422759290', '03422759290', 'Male', '10:00 AM', '06:00 PM', '0', '2020-12-01', '[]', 'Active', NULL, '[]', 'Married', '[{\"childName\":\"Mary Floray\",\"childAge\":\"7\",\"childGender\":\"FeMale\"},{\"childName\":\"Fostina\",\"childAge\":\"4\",\"childGender\":\"FeMale\"}]', '4220185840767', '2019-04-25', '2029-04-25', 'Karachi', 'YouFer42201858_front.png', 'YouFer42201858_back.png', 0, 10, 1, 5, 57, 5, 2, '2021-09-17', '0000-00-00'),
(1011, 'Abdul Rashid Kath', 'Ismail Kath', '1957-08-07', 'Karachi', 'Works Housing Society Gulistan-e-Johar Scheme 36, House No A-18 S Block 4, Karachi', 'Empress Apartment 3, Gulshan Iqbal, House No L-6, Block 16 Karachi', 'Abdul Samad Kath', '03218227793', '03228227793', '03228227793', 'Male', '10:00 AM', '06:00 PM', '0', '0001-01-01', '[]', 'Active', NULL, '[515,500]', 'Married', '[{\"childName\":\"Abdul Samad Kath\",\"childAge\":\"34\",\"childGender\":\"Male\"},{\"childName\":\"Muhammad Bilal Kath\",\"childAge\":\"29\",\"childGender\":\"Male\"},{\"childName\":\"Bilquis Fizan Dad\",\"childAge\":\"23\",\"childGender\":\"FeMale\"}]', '4220104631911', '2017-05-06', '3000-05-06', 'Karachi', 'AbdIsm42201046_front.png', 'AbdIsm42201046_back.png', 0, 10, 1, 1, 71, 5, 5, '2021-09-17', '0000-00-00'),
(1012, 'Kifayat Ullah', 'MUhammad Hashim', '1983-05-25', 'Karachi', 'Addasi Nagar Korangi No 1, House No 2571,  Street No 34, Sector 32-A, Karachi ', 'Addasi Nagar Korangi No 1, House No 2571,  Street No 34, Sector 32-A, Karachi', 'Muhammad Usman', '03222683191', '03232279125', '03232279125', 'Male', '08:00 AM', '09:00 AM', '0', '0001-01-01', '[]', 'Active', NULL, '[]', 'Married', '[{\"childName\":\"Anma Kousar\",\"childAge\":\"7\",\"childGender\":\"FeMale\"},{\"childName\":\"Bushra\",\"childAge\":\"5\",\"childGender\":\"FeMale\"},{\"childName\":\"Muhammad Mustafa Sani\",\"childAge\":\"3\",\"childGender\":\"Male\"}]', '4220129223301', '2018-12-27', '2028-12-27', 'Karachi', 'KifMUh42201292_front.png', 'KifMUh42201292_back.png', 0, 10, 1, 5, 56, 5, 1, '2021-09-18', '0000-00-00'),
(2000, 'Samiullah Farooq', 'Amanullah Anjum', '1992-04-06', 'Mianwali', 'House no: AK-185 Khadda Abadi sec 06.D Shari Sharifabad Korangi, karachi', 'House no: AK-185 Khadda Abadi sec 06.D Shari Sharifabad Korangi, karachi', 'Naeemullah', '03343569790', '03152626243', '03062220993', 'Male', '09:00 AM', '05:30 PM', '0', '2016-04-19', '[]', 'Active', NULL, '[]', 'Married', '[{\"childName\":\"Hafsa \",\"childAge\":\"5\",\"childGender\":\"FeMale\"},{\"childName\":\"Summayah\",\"childAge\":\"1\",\"childGender\":\"FeMale\"}]', '3810152846283', '2014-05-09', '2024-05-09', 'Bakhar', 'SamAma38101528_front.png', 'SamAma38101528_back.png', 1, 20, 1, 5, 4, 4, 3, '2021-09-02', '0000-00-00'),
(2001, 'Shahnawaz', 'Taiyyeb Ali', '1982-09-11', 'Karachi', 'Creative Appartments Block C Flat no : C-8 Fatimah Jinnah Colony Jamshed Road No: 03, Karachi.', 'Creative Appartments Block C Flat no : C-8 Fatimah Jinnah Colony Jamshed Road No: 03, Karachi.', 'Danish Poonawala', '03452893800', '34911631', '03482976998', 'Male', '09:00 AM', '05:00 PM', '0', '2021-06-19', '[]', 'Active', NULL, '[]', 'Married', '[{\"childName\":\"Bushra\",\"childAge\":\"8\",\"childGender\":\"FeMale\"},{\"childName\":\"Hamnah\",\"childAge\":\"4\",\"childGender\":\"FeMale\"}]', '4230117543173', '2020-11-23', '2030-11-23', 'karachi', 'ShaTai42301175_front.png', 'ShaTai42301175_back.png', 0, 20, 1, 1, 19, 4, 3, '2021-09-03', '0000-00-00'),
(2002, 'Syed Muhammad Fawad Kareem', 'Syed Muhammad Raza Kareem', '1966-10-14', 'Karachi', 'House no:1798 Block 15 Fedral B Area Karachi', 'House no:1798 Block 15 Fedral B Area Karachi', 'Asmat Parveen', '03333564452', '03333564425', '03333564425', 'Male', '09:00 AM', '05:00 PM', '0', '2016-03-01', '[]', 'Active', NULL, '[506]', 'Married', '[]', '4240119204913', '2018-12-11', '2028-12-11', 'karachi', 'SyeSye42401192_front.png', 'SyeSye42401192_back.png', 0, 20, 1, 1, 20, 4, 3, '2021-09-03', '0000-00-00'),
(2003, 'Muhammad Arif', 'Muhammad Rafeeq', '1990-08-12', 'Karachi', 'Juna Kumhar wara Ghulam shah Lane, Lyari, Karachi', 'Juna Kumhar wara Ghulam shah Lane, Lyari, Karachi', 'Muhammad Rafeeq', '03093293271', '03133588760', '03133588760', 'Male', '09:00 AM', '05:00 PM', '0', '2016-03-01', '[]', 'Active', NULL, '[]', 'Married', '[{\"childName\":\"Maheen\",\"childAge\":\"4\",\"childGender\":\"FeMale\"},{\"childName\":\"Hoorain\",\"childAge\":\"3\",\"childGender\":\"FeMale\"},{\"childName\":\"Aqsa\",\"childAge\":\"1\",\"childGender\":\"FeMale\"}]', '4230110571065', '2011-12-31', '2020-02-01', 'karachi', 'MuhMuh42301105_front.png', 'MuhMuh42301105_back.png', 0, 20, 1, 5, 23, 4, 2, '2021-09-03', '0000-00-00'),
(2004, 'Mahmood ul Hassan', 'Abdul Rehman', '1957-05-01', 'Karachi', 'House No : F-41 Defence View,Phase 2 behind Iqra University Karachi East, Karachi', 'House No : F-41 Defence View,Phase 2 behind Iqra University Karachi East, Karachi', 'Mrs Nasreen Ara', '03333743114', '03332155885', '03232155885', 'Male', '09:00 AM', '05:00 PM', '0', '2016-03-01', '[]', 'Active', NULL, '[]', 'Married', '[{\"childName\":\"Najia Hassan\",\"childAge\":\"36\",\"childGender\":\"FeMale\"},{\"childName\":\"Aysha Hassan\",\"childAge\":\"29\",\"childGender\":\"FeMale\"},{\"childName\":\"Tahir mahmood\",\"childAge\":\"26\",\"childGender\":\"Male\"},{\"childName\":\"Osama Mahmood\",\"childAge\":\"22\",\"child', '4200004221465', '2015-01-28', '3000-01-01', 'karachi', 'MahAbd42000042_front.png', 'MahAbd42000042_back.png', 0, 20, 1, 5, 22, 4, 3, '2021-09-03', '0000-00-00'),
(2005, 'Muhammad Shehzad Liaquat', 'Liaquat Ali', '1989-09-15', 'AzadKashmir', 'House no:402 4th floor plot no:26 block 28 Tara chand Road kemari, Karachi', 'House no:402 4th floor plot no:26 block 28 Tara chand Road kemari, Karachi', 'Liaquat Ali', '03463132402', '03212132206', '03212132206', 'Male', '09:00 AM', '05:00 PM', '0', '2018-06-11', '[]', 'Active', NULL, '[]', 'Single', '[]', '4240183863723', '2018-12-31', '2028-12-31', 'karachi', 'MuhLia42401838_front.png', 'MuhLia42401838_back.png', 0, 20, 1, 5, 23, 4, 2, '2021-09-03', '0000-00-00'),
(2006, 'Muhammad Sarfaraz', 'Muhammad Sarwar', '1993-06-22', 'Karachi', 'House no:B11 B-1025, Street no:01 Sadia Masjid Massan Road Kemari, Karachi', 'House no:B11 B-1025, Street no:01 Sadia Masjid Massan Road Kemari, Karachi', 'Ameer Hamza', '03401645829', '03462461181', '03462461181', 'Male', '09:00 AM', '05:00 PM', '0', '2016-03-01', '[]', 'Active', NULL, '[]', 'Married', '[{\"childName\":\"Muhammad Ibrahim\",\"childAge\":\"4\",\"childGender\":\"Male\"},{\"childName\":\"Muhammad Iqrar\",\"childAge\":\"1\",\"childGender\":\"Male\"}]', '4240171938163', '2012-08-08', '2022-08-08', 'karachi', 'MuhMuh42401719_front.png', 'MuhMuh42401719_back.png', 1, 20, 1, 3, 24, 4, 2, '2021-09-03', '0000-00-00'),
(2007, 'Muhammad Ammar Siddiqui', 'Muhammad Zakir Siddiqui', '1994-05-03', 'Karachi', 'House # 8/9, Orangi Town Sector 7/E,  Karachi.', 'House # 8/9, Orangi Town Sector 7/E,  Karachi.', 'Muhammad Zakir Siddiqui', '03112361684', '03152263651', '03152263651', 'Male', '09:00 AM', '05:00 PM', '0', '2016-03-01', '[]', 'Active', NULL, '[]', 'Married', '[]', '4240113126619', '2014-09-30', '2024-09-30', 'Karachi', 'MuhMuh42401131_front.png', 'MuhMuh42401131_back.png', 0, 20, 1, 5, 67, 5, 2, '2021-09-08', '0000-00-00'),
(2008, 'Muhammad Shoaib', 'Muhammad Riyaz', '1985-12-13', 'Karachi', 'Jahangeer Road House No:H91/04 Satgroo Cotage, Karachi', 'Jahangeer Road House No:H91/04 Satgroo Cotage, Karachi', 'Muhammad Asad', '03472067938', '03471620907', '03062831651', 'Male', '09:00 AM', '05:00 PM', '0', '2021-07-01', '[]', 'Active', NULL, '[]', 'Married', '[{\"childName\":\"Muhammad Zartash\",\"childAge\":\"5\",\"childGender\":\"Male\"},{\"childName\":\"Dua Fatimah\",\"childAge\":\"2\",\"childGender\":\"FeMale\"}]', '4220124133819', '2018-08-29', '2028-08-29', 'karachi', 'MuhMuh42201241_front.png', 'MuhMuh42201241_back.png', 0, 20, 1, 1, 66, 4, 2, '2021-09-06', '0000-00-00'),
(2009, 'Muhammad Javaid Lakhani', 'Abdul Ghaffar', '1960-11-29', 'Karachi', 'Flat No E-308 Afsan Appt 327/3 Zuzrat Road Garden Karachi', 'Flat No E-308 Afsan Appt 327/3 Zuzrat Road Garden Karachi', 'Muhammad Hassan Lakhani', '03200219853', '03212116750', '03212116750', 'Male', '09:00 AM', '05:00 PM', '0', '2021-01-02', '[]', 'Active', NULL, '[]', 'Married', '[{\"childName\":\"Afreen Lakhani\",\"childAge\":\"30\",\"childGender\":\"FeMale\"},{\"childName\":\"Onaiza Lakhani\",\"childAge\":\"27\",\"childGender\":\"FeMale\"},{\"childName\":\"Muhammad Hassan Lakhani\",\"childAge\":\"26\",\"childGender\":\"Male\"},{\"childName\":\"Abeeha\",\"childAge\":\"8\",', '4200004941143', '2021-01-27', '3000-01-27', 'Karachi', 'MuhAbd42000049_front.png', 'MuhAbd42000049_back.png', 0, 20, 1, 5, 67, 5, 1, '2021-09-09', '0000-00-00'),
(2010, 'Muhammad Faisal', 'Pervaiz Akhter', '1993-09-23', 'Karachi', '4th Floor Baba Tower Flat No 5 Jackson Market Karachi', '4th Floor Baba Tower Flat No 5 Jackson Market Karachi', 'Nasir', '03442235558', '03113679162', '03113679162', 'Male', '09:00 AM', '05:00 PM', '0', '2017-07-18', '[]', 'Active', NULL, '[]', 'Single', '[]', '4240150418853', '2014-11-20', '2024-11-20', 'Karachi', 'MuhPer42401504_front.png', 'MuhPer42401504_back.png', 0, 20, 1, 5, 67, 5, 1, '2021-09-09', '0000-00-00'),
(2011, 'Fahim', 'Iqbal', '1984-04-11', 'Karachi', 'Flat No B-29, 4th Floor, Sumaria Height Main University Road Mosmyiat', 'Flat No B-29, 4th Floor, Sumaria Height Main University Road Mosmyiat', 'Muhammad Iqbal', '03222202519', '03212370929', '03212370929', 'Male', '09:00 AM', '05:00 PM', '0', '2016-03-01', '[]', 'Active', NULL, '[]', 'Married', '[{\"childName\":\"Hassan Fahim\",\"childAge\":\"13\",\"childGender\":\"Male\"},{\"childName\":\"Sannan\",\"childAge\":\"12\",\"childGender\":\"Male\"},{\"childName\":\"Rayyan\",\"childAge\":\"4\",\"childGender\":\"Male\"},{\"childName\":\"Shebaan\",\"childAge\":\"2\",\"childGender\":\"Male\"}]', '4230170504729', '2015-12-28', '2025-12-28', 'Karachi', 'FahIqb42301705_front.png', 'FahIqb42301705_back.png', 0, 20, 1, 5, 67, 5, 1, '2021-09-10', '0000-00-00'),
(2012, 'Syed Nasir Hasnain', 'Nazar Hussain', '1992-09-29', 'Karachi', 'House no L-266, Steet no 11, Muhallah Sheere Jinnah Colony No 1 Clifton Karachi', 'House no L-266, Steet no 11, Muhallah Sheere Jinnah Colony No 1 Clifton Karachi', 'Gazala Bibi', '03121800587', '03149522760', '03149522760', 'Male', '09:00 AM', '05:00 PM', '0', '2017-06-18', '[]', 'Active', NULL, '[]', 'Married', '[{\"childName\":\"Duye Zahra\",\"childAge\":\"1\",\"childGender\":\"FeMale\"}]', '4230104936043', '2012-04-05', '2022-04-05', 'Karachi', 'SyeNaz42301049_front.png', 'SyeNaz42301049_back.png', 0, 20, 1, 5, 67, 5, 1, '2021-09-10', '0000-00-00'),
(2013, 'Salman Punjwani', 'Ahmed Punjwano', '1979-11-19', 'Karachi', 'Flat No B-101, Muhalla Al Zahra Complex Unversity Road, Scheme 33, Malir Karachi', 'Flat No B-101, Muhalla Al Zahra Complex Unversity Road, Scheme 33, Malir Karachi', 'Anis', '03232876434', '03212791315', '03212791315', 'Male', '09:00 AM', '05:00 PM', '0', '2021-01-01', '[]', 'Active', NULL, '[500,513]', 'Married', '[{\"childName\":\"Areesa\",\"childAge\":\"16\",\"childGender\":\"FeMale\"},{\"childName\":\"Sannan\",\"childAge\":\"14\",\"childGender\":\"Male\"},{\"childName\":\"Shaffan\",\"childAge\":\"12\",\"childGender\":\"Male\"},{\"childName\":\"Subhan\",\"childAge\":\"10\",\"childGender\":\"Male\"},{\"childName\":\"Hasan\",\"childAge\":\"8\",\"childGender\":\"Male\"}]', '4220107072639', '2020-12-16', '2030-12-16', 'Karachi', 'SalAhm42201070_front.png', 'SalAhm42201070_back.png', 1, 20, 1, 1, 1, 5, 4, '2021-09-15', '0000-00-00'),
(2014, 'Aftab Akbar', 'Ayub Akbar', '1997-03-31', 'Karachi', 'House No 223, Street No 4, Muhalla Dox Colony Touheed Masjid Keamari Karachi', 'House No 223, Street No 4, Muhalla Dox Colony Touheed Masjid Keamari Karachi', 'Ayub Akbar', '03212984263', '03488366251', '03488366251', 'Male', '09:00 AM', '05:00 PM', '0', '0001-01-01', '[]', 'Active', NULL, '[]', 'Married', '[]', '4240158411479', '2015-05-21', '2025-05-21', 'Karachi', 'AftAyu42401584_front.png', 'AftAyu42401584_back.png', 0, 20, 1, 5, 67, 5, 1, '2021-09-20', '0000-00-00');

-- --------------------------------------------------------

--
-- Table structure for table `emp_app_profile`
--

CREATE TABLE `emp_app_profile` (
  `id` int(11) NOT NULL,
  `emp_id` int(11) NOT NULL,
  `login_id` mediumtext DEFAULT NULL,
  `emp_password` mediumtext DEFAULT NULL,
  `emp_image` varchar(255) DEFAULT NULL
) ENGINE=InnoDB DEFAULT CHARSET=utf8mb4;

--
-- Dumping data for table `emp_app_profile`
--

INSERT INTO `emp_app_profile` (`id`, `emp_id`, `login_id`, `emp_password`, `emp_image`) VALUES
(1, 200, 'c9a41f5ea2451f86b16700af8f43ec4daf1aebde97046ee12eeea38fe5051a4bb8ca2bcfaba407cd501006f06d4fb3d5+hyBNoyeQOh5CE0JZDmPPA==', 'c9a41f5ea2451f86b16700af8f43ec4daf1aebde97046ee12eeea38fe5051a4bb8ca2bcfaba407cd501006f06d4fb3d5+hyBNoyeQOh5CE0JZDmPPA==', 'Ant1627886839742Bar.png'),
(2, 502, '9df772dadc1cabf986908c5bccd94e411fce20f4f35e5ea1b2ae3ab989c8fce5fd729a05063a43fc576a46d46d56f5b26CcF19a4nyF5abA9q7E4zQ==', '9df772dadc1cabf986908c5bccd94e411fce20f4f35e5ea1b2ae3ab989c8fce5fd729a05063a43fc576a46d46d56f5b26CcF19a4nyF5abA9q7E4zQ==', 'Ish1627887775138mal.png'),
(3, 500, 'f9da6bae1547ba5989d3fe34f18beaa235d16e4f2027be8928401ea20d5282ef53e9ab68cdcc81f6d13e0e6ba9781152pap7iz4ERUFM+Fx+f7xHXw==', 'ee92b616e465007a04e570dccb1ac82b18d6700d70832d5f3dbad87bf34d7113b02827def014753d05391b2d9dccafd8VG4n9hsun/LJPzrKyprBBGcP+QenmzjAgs6Ga10uTqg=', 'Muh1627888846900Ume.png'),
(4, 1000, '9b00924413c3e8590c7c2a0ded85293cb650e586f476c385fea439dccc3fd5ee0c10fee43c8810248d80b80718b8aa60uGNQTpcdfpJ/Qkjz0DhXqQ==', '38e64184bdbb96859582b091e1e0a810867a74c669ee42f8d3b00bb795037c6a36f21b86001755b66735b20f4547c445sjXl0pURwVhVOfhibBh5PA==', 'Zee1627893939351Riz.png'),
(7, 503, 'eb27ff3d735a5633eaccf5dac1a8e0b45c41a0ed05cbbbae3e2064a831bcf03833d0894c1970f5d61f4905f13798d59apBeisSeesFslK163+bdpXQ==', '97dd88546a339820c68d4d833c380a25bfb178d6b4aa492870de5c9904437dc5a36e436bcb6c330ea797f786d1634a2e8FepDKb+gF0Ed4IrZPEHIA==', 'Muh1629190810264Muh.png'),
(8, 1001, 'b2815ccd9a45e32fe44d8fb4841c7edb206a2137e58ed3b9e010698907f8c341f58f7e72897c2dfea525e89197dbaf1aPRKE3W9GVjCBNisyT67NSg==', '3e5ad33f8b3ac710c25687ef3caf67efe981fe231de106ad5dc0907c423947bf87d19e68ececfb28c289d60bdd8217fdgfzdlR4tH11GUz98DBW+1w==', 'Muh1630582648648Muh.png'),
(9, 1003, '2b7f94713c80f17a94fd1c6f358c8dacb21d50e1856a1d044156f5621878e049609c5c1a2dc0c64e80adf8b756e3823eqOOiaMTd1zRaN+l8zos5vw==', '9e2635dbc5851cf9779ed6a3145fbfaee1643e605ae5f0e4a18ec5fcf3dd2528baab9d08ada00118e99cd3e81a88ab88lXKpQ/bUNomPM5pTnmrFOg==', 'Sye1630583529274Mrs.png'),
(10, 1002, '71ea66faf5f861905b37c3818127f019a777c1e69bdca1afa01e5f0aba4a6340633c25a408d2b1153b6c9bef1030c632GddpJuwU5sHwtWjI/CLy4A==', '864b7d4b24c6fcdc559aba4e8ec1134892c1dc5a976d94c8e7cc74b67942de3f2cd0f1268d247721d2a4732debd2bffa5Y27kFtoilYDlz0Hs+ZXkA==', 'Muh1630584587933Muh.png'),
(11, 2000, '3a8be3928d73832d83e96b438afbb49180f84d3c524b22ee63311d94650668bfa9bc4a38e31974f6d12d042af4fb6e8eM48AX5LGfhgDK7H6s/n2GA==', '9415f1b9508d110210fffc66f91597c70265f46146ccb2327ea5dba078fdf831d6b3fb41b57a5035ab8af14a1700073avjhzm9+4FSjOA8eKgqPtAA==', 'Sam1630586078891Nae.png'),
(12, 2006, 'd26f7f9e1915cc24b22f6d4a81fec84d1a2380575b4a0b5d23c22ec704e42caf909f66d24546710d16599930e379af56CIjAqcju5lX5GamIYTeocg==', '5f83face0fc3a5bd06533206ce22980a2576486d07833ff31a8a2b03bdd43ef258f9a2fe54b3a716f475b767669708192WQX3QSQClBuwO3aYO/J6w==', 'Muh1630666782592Ame.png'),
(13, 2005, '6fe0d438c929a121325c1625af25f512f0d736c1e488d86dc507a70225d4e8273d5996db35aa7fcb219ba9d407e176994+1tuAMNCIPTNg8gV0AnaA==', 'af72e24ecaad2d2014f4936e2c87e418110910e76d5cd3de0b65f718cc13ecb8c6c16b4d152c8b0fe34d74d01250e832iag0yjYwa3X6UkmSC4bvUA==', 'Muh1630667692288Lia.png'),
(14, 2004, '9d06e239f354279e476cb632dd4da204d819a5412ccd6d088b8a925aa2da793b6e90607c2c73a01c205d80d0931a1bfeRjAyWAvfuTfuZBmd10pApQ==', '0b578352b6401aa75ac092adcec20865a6fe0593c312911097668d54f27eb3239c37c5a56039616960f25453eaa66f06A+wXDoAV/x3JFj0gO77rVw==', 'Mah1630668579937Mrs.png'),
(15, 2003, 'b0b80aad751cc8c77d8a46d929896779569b7f975c3b21a056f7353ad0ec684860e84ac8265e4546b8a378a16a6bac79D7zqFzY7qC6cM2uo4nyH2Q==', '2d8cb3fa101d0e59d6ae7c90e1dccf04809a97591d54b95506195dd50e1f2da73a2ef0f9af485713333df3139ac98edaQ1a99lWU87vfTnuY4XkIqQ==', 'Muh1630669247421Muh.png'),
(16, 2002, '4f1a1fdccca0cbebb26a2b32d6dbec8a1d6218408bf985efdf8da59b643c70d1785af7d86dce38456c418c4bfaabe8669MHAlMGXUQoNr4UXI7cpGQ==', '93cea157cad09d10438a15a3c9dc2952096f32255efd0f6ff8246c4e902f076d7bfbf0c9847b1d3322f87d2556a42ec9ARoJWmthUwvLADgTyAzWtw==', 'Sye1630669828023Asm.png'),
(17, 2001, 'e69380b2424b0b034db21227f17f630279c404c2866f2acd637aa09a753a29b0da23a30c0e8051705db6c535e5c09c27S5SXlSK4UmZ/xWrTOeqkXg==', 'fbdcf06528a12937a2fe0590620a01f671735e39e1c5550e68dac7b2c751e76c5aefe56aba70fe8a85fd71714592d2cfkHHTB2PbRWbMslhb/SGOJw==', 'Sha1630670675898Dan.png'),
(18, 1004, 'a19557c0caefa9c8f4a84b71c740e59ad61833f186b9ac64c06df5cf83297e3600e42cece27a16420777d815fffb19c87/HOjoDUzYodGYVP8S1ncQ==', '5d695ff758000d8888ae29df1e415e723323dd718b0de60a3bb38c0db247a2c6c3ac70f870aa972febf940b27323d729mwqmFa0gtD+mqgdF48DhGw==', 'Fah1630671481286Waq.png'),
(19, 102, 'c3fbb2be6e80e26525d757c509e851077768851adf10a3a0a0b22090c2544e1e476209a9fadd29972667ad57d90cf626zGlrMLjnVCQTH54oFHawtg==', '8afd4f54849d8c9b1fa75f253b2d0587759d5f28908d947bcc48d11a06e2fa6950c4a8e323bf12f32ab37986957b93adGjhhK92izOrxvS6aYlt/JQ==', 'Muh1630928314303Yas.png'),
(20, 1006, '3d2c4746b96e8e18107badfa524533eaff2e7653bd016dc0f74c168bd6c51e4ea09adbfc37807dd93bebb6b3f6e82179vRuR8uPk9FU0hWaK+LVp+Q==', 'dbc4572c6b01d11944353021e5a9f7265967943ed1638451f88f565e7c9af4f8bc4a3f72b3edc396ca77f8091cee7156buJ+wDi/nECZrqaS1VmMKw==', 'Man1630929102642Usm.png'),
(21, 2008, '7759ce31493ad7e57685757810dfe482d84c13ee0b6f2a04f3951a2c60fbae2138470303d10e103fe0004dcec7d6b2fadX1+EkN9eWcPbIQV5KfrWg==', '45e05f4ef7fd43025b1210288ab87ebbb033e4f02efc4d856d721b1ea3592d56fd863798bd172df3f462c054c631f551G6JELteG43L7LU0hFQwNYQ==', 'Muh1630929680403Muh.png'),
(22, 1005, '82735cf2c432c8329d8a5e7e962b23bf4fccc1e6f8e1626551ddf8919902b98be91d03046a94c3a816743407879b711czzZdnZ6QfRjO4sY8CMhljw==', '8a5a310a3a335b3928624a81f6757bb825771461b9608659882c0ad6f0127a10668ca9dccd318563d74ef93d67a5e7853M1Rr7jH4Ub42wJu6dOROw==', 'Asa1630930410977Yas.png'),
(23, 101, '8660409b18ae3ffe2e7e6f11eb9bfb574d4c478105fe0f60f25887aca7f2cf7b8e150d07f88c314e8f5ce0ae8baaabe06sPPwHGuvV1rEt3q32g8sQ==', '5da24d9e485ee6fdd404833429410018d577470173af10e83a21acb8d4b5f99ba5508feadfd7fda2be4e74bce9e33165ViSplMCaqTxi+YGZVdY9Hw==', 'Mus1630931361726Jav.png'),
(24, 100, '67070fd09f6be8bce5df1ab1d17f97fb778817ef494266fe62606ff06a66f9d332fc581957db15309c021b3036590ee2fIkue75qpfbvXdpUC/nnoA==', 'b70571d506001b078e727e31ca1f7f4db019094145d93c4f2ee8353c2ed3157470933e0b25f1ca602d5440b8a20bb180v+NKVm2bMpqpOHkp/2a3Dw==', 'Akh1631093451607Faw.png'),
(25, 2007, 'c9e4ac3b72b8cd671b86e7c1cd9ace002c8640d256fecc064c39bf7129bc36633a4a451e4dc5c8125e3737a2fc5abbc2L0WZEcEsWlrvEFZNhWxxEw==', '0f18eab532d102e2856838a9befa74dcbac293a8dcfdd55143f504c6b9a9343e7db63546467e9343ee65a07d86db9625gx1p3S5sHql7Bwr7jStF4g==', 'Muh1631094333746Muh.png'),
(26, 1007, 'e4916059ebcd71b88b447c5f982bdf78ac7b5a1ab2dae6311a29be66daaf721ec7635884caad848aae2958345eb55ef2SXnRk2e/Qa1lT1Tn9dl2XQ==', '0d2b6dbe1244363764beada16e8ca5eb2c5ffbea2cbc289a21f372c069528acebee64fdae7af6b6b65854967b7c91184zLG8sdeC+dT4unOJyd4pTw==', 'Mah1631164355797Muk.png'),
(27, 2009, 'f76d0bdbfe2bf8e9d612c4ec12aa71cca7de4619af19f200efd9228a933cf7926620a2a5ebaa1a5b18ea2fa3dbf22b56zIn9eyMo4v2hZ5zOuYBuEA==', 'b4e0bb64d38e1587fd93d541fffc33a4fb376845258f8f59a1ed1a2af43f7e014f6c4c983a6a20a09da37595fe6a5c99BL9T1HckxmOr/OwMcZ+osw==', 'Muh1631165592143Muh.png'),
(28, 2010, 'ad6ac11eee901ea814ffbf869afb18c3b0038e6858ba20d02badbf8d41450d0f90f4a700fe2c8d621ab5139fb0ea99830gx13iGKC+ugpEXEJw2fhw==', 'b59aafac013d2f768420decf93d248a3940c5e3bf73dd01ee013e313a7d8110944aae7bf8d477ea85852f5be5e97e863oTUt6YfGeze5gide8tZTYA==', 'Muh1631184448554Nas.png'),
(29, 2012, '4ae51255827469e853be45c76747591c9f90205b9b892cef281790b825c48575c22fc6d01dff199a889d7384a083debbZiIzBfVgE/TrD9IedNsz7TywTrOHUlW9fqVUGQKQUHE=', '4f23d78ed51863f883a2ddfd6040e87c32e9fe6957c12c78867634f881836e024179d459c99c0703d7d89019b8028045KdTiX4P5lPxLfTetRT37cg==', 'Sye1631251578979Gaz.png'),
(30, 1008, 'a06679350e164257487af5c97fe4e5df460620554289eb9995d4fb2e145fe052885a46653620b5abb15edd80697e59baNxjfvStC3M0UOwdNNkV8VA==', '43b17f2213301f7e1ac9181d09ab8923849139e78381df54e04ca878326097ff754011a53c4e8ccf45646d73abe99c4cXqpPHsDRUQn1c4tfFMXDsw==', 'Usm1631269536734Muh.png'),
(31, 2011, 'e294b8d7e95d497dbde6539cd067d96e69f459f0625f903649562a7ae42a98eef7279ffee51ccfda75a66fd49c1e1f4cuu04FdBadgh2mzzAycYcKQ==', '117b63e4b7d8fdf807f79bbd8d48d977f82413232397a98c866fd062fce7549cf154ccb250c0bd62d949561ad7abb90bv5ZKkVK/BRrSp4ElW/EJCA==', 'Fah1631270794695Muh.png'),
(32, 1009, 'a778df9e689317587959ecc769e8b6e565356077bab491c8aa16c3ee61ff982edbfe7e2b3c00f84a9d9bd4037fd09f63eoWc1x77QSXXhsDCB/fVxg==', '1a991005f7c9a6e210d93709f70ab68018d4227d7f4b4ef7bf62c62ba72a042882a3f44b7b6ea4879ab535885af1c979uq9BScZXSSaNvQSuTQuKDw==', 'Muh1631273688048Aaf.png'),
(33, 504, 'b2ed78dd72237f2d0ebca9f0af57f8c352699dc883d6539dd22fdecee23db942441a523deb74da170b181e055d2ba960VLGG0Z9WM2687H+gQV8ldA==', 'ebdf353812b4ed4d05d7462cd5a2c0d98e603b979e68b98a42abcd0f2272a68fc3e65e77bc018ca5ca6bfaf0717bb84dSubnrgw5ducMjmQIC5SjqA==', 'Fai1631601694881Reh.png'),
(34, 2013, '62906230948608a51e47c1fd1f6acbb82c931f42ca864a3963f678803edbd2203264dd45393ee491c1c04d43e73474ffki5f6qANATVtqmPVNqCUQQ==', 'a4c5d8eef401b94bc4d149a5dd1bb8119dc1ae68deed1b1e4939c984c6289dd588211bb843bbf25f7d4ce13bc024a1cfvS2j4Q3Is/gtI3A4DLY5dQ==', 'Sal1631692668671Ani.png'),
(35, 1010, '784dae4d26734ccfad92a14c7c72a0cb01cd08010f444faf55ee2e42f7773250a9bc7229211849ca150d44612e2864banFWwFZA/TtWNqW6IXOo6Eg==', 'c6b060f82acac278b54367d524c49fa9da8c5238564fc7c6791af3a3c00e0b0d33d160aa5c503996625182706f579b3d1mXEi77VEMOOKHLJHGmfGQ==', 'You1631857708817You.png'),
(36, 1011, '412768c63a40af9e7c54819207d6230a2919f7361272566b318bb9a150a10842f4fdfd5f20a4a7626d824a9d34beaa1fkNxDREgxaMkucfXXODi3vw==', '0a34d5e9ff00edba870caaa5587cf33622b5a860be124922b07e3fa2bbe943f2e5dce6f43aef03cd989b7733183abedfTulAvblkPqy6Uf/PbNhqDA==', 'Abd1631879057576Abd.png'),
(37, 1012, '6be1ff68566222d777ee00f8985e26b5759c086df19f4c182982d3bdf339e1e9145d289988c759ef2940fefb78c877eb31Zle9aAZNll0unjiWzW2A==', 'b561dff0f423a402ecdd6a903caa12ff397c73f20d5dfc0160ddccaf21fb6f6af58b5e7a43e15117f127907b420c5ed9RWoTAAE2eWmn6YNYDR3yxAIpdKXluRKmbYZr6Z6scLo=', 'Kif1631939196362Muh.png'),
(38, 2014, 'd0de1d96adfdbc0f011e1d6c84927fde47e2db60ff7a63f100e8433212447cf26a48bc70e36a73eb7c1b2a0d262cd83cJpnOryvKQNRvp3zYkm6pww==', '9db7afe04b49ef47a21571a35887ad73c447df1e0a005332033eefc841b27ed686b650e9b8f4187202d55d8fbc061073WAxtzH4gC9waakjb96s2sA==', 'Aft1632113545821Ayu.png'),
(39, 505, '4b2206a901ed8c6c329fbdf14ea53612e0e8666a59e46cc3c8eb9f4b28e821da2c770f421577917cfd4ce9523132e195A5awTiiZFMjzEPqUJIMF0g==', '35886ade0180afb8d9107f50bb1b9528cc847b80e4f92f6159e3ffb156d3b3755162f0e6a3b821de4e02b1b418eb903c/2G6kAmFea80x2PAyWP92A==', 'Adm1633351543933Adm.png'),
(40, 506, 'e7d8a73c2ce0e41335a5d7a996661cf1a6dd39af46b387cd63bc8a104a446e5768619fcf225125cc9dc19444bc78517cJ6s4OpuFXDp2RkQfRSlCfA==', 'd67bb1ae8e105af03a5dd44399303d0ad19dffd3c067190ae6a2b5ba18d5b62f9d18daad1019f948cb54fceac1a40e41IKSQloCJLe8tZfpWgtKsCaYBUcDwv8ReFJFzLtsQDmg=', 'Muh1633525896001Muh.png');

-- --------------------------------------------------------

--
-- Table structure for table `emp_armed_license`
--

CREATE TABLE `emp_armed_license` (
  `id` int(11) NOT NULL,
  `emp_id` int(11) NOT NULL,
  `armed_license` varchar(255) DEFAULT NULL,
  `status` varchar(255) DEFAULT NULL
) ENGINE=InnoDB DEFAULT CHARSET=utf8mb4;

-- --------------------------------------------------------

--
-- Table structure for table `emp_attendance`
--

CREATE TABLE `emp_attendance` (
  `id` int(11) NOT NULL,
  `emp_id` int(11) NOT NULL,
  `status` varchar(255) DEFAULT NULL,
  `time_in` time DEFAULT NULL,
  `time_out` time DEFAULT NULL,
  `break_in` time DEFAULT NULL,
  `break_out` time DEFAULT NULL,
  `emp_date` date DEFAULT NULL,
  `leave_ref` varchar(255) DEFAULT NULL
) ENGINE=InnoDB DEFAULT CHARSET=utf8mb4;

--
-- Dumping data for table `emp_attendance`
--

INSERT INTO `emp_attendance` (`id`, `emp_id`, `status`, `time_in`, `time_out`, `break_in`, `break_out`, `emp_date`, `leave_ref`) VALUES
(1, 500, 'Absent', '09:09:24', '11:52:51', '01:15:51', '02:07:41', '2021-11-05', NULL),
(2, 1000, NULL, '09:26:27', '05:12:57', '08:06:07', NULL, '2021-08-02', NULL),
(3, 200, NULL, '10:21:02', '06:12:09', '11:07:45', '11:08:09', '2021-08-03', NULL),
(4, 502, NULL, '10:21:15', '06:11:35', '02:39:05', '02:39:14', '2021-08-03', NULL),
(5, 500, NULL, '08:47:02', '11:52:51', '01:15:51', '02:07:41', '2021-08-03', NULL),
(6, 502, NULL, '10:10:41', '06:11:35', '02:39:05', '02:39:14', '2021-08-04', NULL),
(7, 200, NULL, '10:24:15', '06:12:09', '11:07:45', '11:08:09', '2021-08-04', NULL),
(8, 500, NULL, '08:48:43', '11:52:51', '01:15:51', '02:07:41', '2021-08-05', NULL),
(10, 1000, NULL, '09:12:47', '05:12:57', '08:06:07', NULL, '2021-08-05', NULL),
(11, 502, NULL, '09:57:59', '06:11:35', '02:39:05', '02:39:14', '2021-08-05', NULL),
(13, 200, NULL, '05:48:06', '06:12:09', '11:07:45', '11:08:09', '2021-08-05', NULL),
(14, 500, NULL, '09:00:58', '11:52:51', '01:15:51', '02:07:41', '2021-08-06', NULL),
(15, 1000, NULL, '09:15:14', '05:12:57', '08:06:07', NULL, '2021-08-06', NULL),
(16, 502, NULL, '10:07:56', '06:11:35', '02:39:05', '02:39:14', '2021-08-06', NULL),
(17, 200, NULL, '10:08:18', '06:12:09', '11:07:45', '11:08:09', '2021-08-06', NULL),
(18, 1000, NULL, '08:54:33', '05:12:57', '08:06:07', NULL, '2021-08-07', NULL),
(19, 502, NULL, '10:11:01', '06:11:35', '02:39:05', '02:39:14', '2021-08-07', NULL),
(20, 200, NULL, '11:14:43', '06:12:09', '11:07:45', '11:08:09', '2021-08-07', NULL),
(21, 500, NULL, '08:57:29', '11:52:51', '01:15:51', '02:07:41', '2021-08-09', NULL),
(22, 1000, NULL, '09:05:49', '05:12:57', '08:06:07', NULL, '2021-08-09', NULL),
(23, 502, NULL, '10:00:46', '06:11:35', '02:39:05', '02:39:14', '2021-08-09', NULL),
(24, 200, NULL, '10:18:48', '06:12:09', '11:07:45', '11:08:09', '2021-08-09', NULL),
(25, 500, NULL, '08:55:16', '11:52:51', '01:15:51', '02:07:41', '2021-08-10', NULL),
(26, 1000, NULL, '09:06:25', '05:12:57', '08:06:07', NULL, '2021-08-10', NULL),
(27, 502, NULL, '10:05:02', '06:11:35', '02:39:05', '02:39:14', '2021-08-10', NULL),
(28, 200, NULL, '10:15:11', '06:12:09', '11:07:45', '11:08:09', '2021-08-10', NULL),
(29, 500, NULL, '10:26:22', '11:52:51', '01:15:51', '02:07:41', '2021-08-11', NULL),
(30, 500, NULL, '04:49:08', '11:52:51', '01:15:51', '02:07:41', '2021-08-12', NULL),
(31, 200, NULL, '04:54:25', '06:12:09', '11:07:45', '11:08:09', '2021-08-12', NULL),
(32, 502, NULL, '05:13:19', '06:11:35', '02:39:05', '02:39:14', '2021-08-12', NULL),
(33, 1000, NULL, '05:59:14', '05:12:57', '08:06:07', NULL, '2021-08-12', NULL),
(38, 502, NULL, '11:15:19', '06:11:35', '02:39:05', '02:39:14', '2021-08-16', NULL),
(39, 500, NULL, '11:20:12', '11:52:51', '01:15:51', '02:07:41', '2021-08-16', NULL),
(42, 200, NULL, '11:56:06', '06:12:09', '11:07:45', '11:08:09', '2021-08-16', NULL),
(43, 500, NULL, '04:42:36', '11:52:51', '01:15:51', '02:07:41', '2021-08-17', NULL),
(44, 502, NULL, '05:13:45', '06:11:35', '02:39:05', '02:39:14', '2021-08-17', NULL),
(45, 200, NULL, '05:21:06', '06:12:09', '11:07:45', '11:08:09', '2021-08-17', NULL),
(70, 500, NULL, '03:23:33', '11:52:51', '01:15:51', '02:07:41', '2021-08-20', NULL),
(71, 503, NULL, '03:23:55', '06:04:12', '01:59:18', '04:03:06', '2021-08-20', NULL),
(72, 200, NULL, '03:24:12', '06:12:09', '11:07:45', '11:08:09', '2021-08-20', NULL),
(73, 502, NULL, '03:25:10', '06:11:35', '02:39:05', '02:39:14', '2021-08-20', NULL),
(74, 200, NULL, '06:13:38', '06:12:09', '11:07:45', '11:08:09', '2021-08-23', NULL),
(75, 502, NULL, '06:22:49', '06:11:35', '02:39:05', '02:39:14', '2021-08-23', NULL),
(76, 503, NULL, '06:12:53', '06:04:12', '01:59:18', '04:03:06', '2021-08-24', NULL),
(77, 200, NULL, '06:13:13', '06:12:09', '11:07:45', '11:08:09', '2021-08-24', NULL),
(78, 502, NULL, '06:14:16', '06:11:35', '02:39:05', '02:39:14', '2021-08-24', NULL),
(79, 200, NULL, '09:45:11', '06:12:09', '11:07:45', '11:08:09', '2021-08-25', NULL),
(80, 502, NULL, '10:10:14', '06:11:35', '02:39:05', '02:39:14', '2021-08-25', NULL),
(81, 1000, NULL, '10:13:27', '05:12:57', NULL, NULL, '2021-08-25', NULL),
(82, 503, NULL, '01:52:41', '06:04:12', '01:59:18', '04:03:06', '2021-08-25', NULL),
(83, 1000, NULL, '09:06:33', '05:12:57', NULL, NULL, '2021-08-26', NULL),
(84, 503, NULL, '10:05:26', '06:04:12', '01:59:18', '04:03:06', '2021-08-26', NULL),
(85, 200, NULL, '10:10:30', '06:12:09', '11:07:45', '11:08:09', '2021-08-26', NULL),
(86, 502, NULL, '10:11:54', '06:11:35', '02:39:05', '02:39:14', '2021-08-26', NULL),
(87, 200, NULL, '10:04:47', '06:12:09', '11:07:45', '11:08:09', '2021-08-27', NULL),
(88, 503, NULL, '10:04:57', '06:04:12', '01:59:18', '04:03:06', '2021-08-27', NULL),
(89, 500, NULL, '10:10:47', '11:52:51', '01:15:51', '02:07:41', '2021-08-27', NULL),
(90, 502, NULL, '10:15:15', '06:11:35', '02:39:05', '02:39:14', '2021-08-27', NULL),
(91, 1000, NULL, '09:04:39', '05:12:57', NULL, NULL, '2021-08-28', NULL),
(92, 200, NULL, '10:07:28', '06:12:09', '11:07:45', '11:08:09', '2021-08-28', NULL),
(93, 502, NULL, '10:11:29', '06:11:35', '02:39:05', '02:39:14', '2021-08-28', NULL),
(94, 1000, NULL, '09:46:41', '05:12:57', NULL, NULL, '2021-09-01', NULL),
(95, 500, NULL, '09:46:58', '11:52:51', '01:15:51', '02:07:41', '2021-09-01', NULL),
(96, 503, NULL, '10:04:25', '06:04:12', '01:59:18', '04:03:06', '2021-09-01', NULL),
(97, 502, NULL, '10:08:46', '06:11:35', '02:39:05', '02:39:14', '2021-09-01', NULL),
(98, 503, NULL, '11:16:59', '06:04:12', '01:59:18', '04:03:06', '2021-09-02', NULL),
(99, 500, NULL, '11:17:10', '11:52:51', '01:15:51', '02:07:41', '2021-09-02', NULL),
(100, 200, NULL, '12:02:09', '06:12:09', '11:07:45', '11:08:09', '2021-09-02', NULL),
(101, 502, NULL, '01:45:20', '06:11:35', '02:39:05', '02:39:14', '2021-09-02', NULL),
(102, 500, NULL, '09:40:45', '11:52:51', '01:15:51', '02:07:41', '2021-09-03', NULL),
(103, 503, NULL, '10:05:01', '06:04:12', '01:59:18', '04:03:06', '2021-09-03', NULL),
(104, 502, NULL, '10:07:36', '06:11:35', '02:39:05', '02:39:14', '2021-09-03', NULL),
(105, 200, NULL, '10:08:54', '06:12:09', '11:07:45', '11:08:09', '2021-09-03', NULL),
(106, 1001, NULL, '05:08:51', '05:08:55', '12:35:33', NULL, '2021-09-03', NULL),
(107, 1000, NULL, '05:12:49', '05:12:57', NULL, NULL, '2021-09-03', NULL),
(108, 1003, NULL, '11:06:48', NULL, NULL, NULL, '2021-09-04', NULL),
(109, 502, NULL, '11:06:58', NULL, NULL, NULL, '2021-09-04', NULL),
(110, 1001, NULL, '11:07:08', NULL, '12:35:33', NULL, '2021-09-04', NULL),
(111, 200, NULL, '11:07:34', NULL, '11:07:45', '11:08:09', '2021-09-04', NULL),
(112, 1002, NULL, '11:52:34', NULL, '11:53:02', '11:53:15', '2021-09-04', NULL),
(129, 1002, NULL, '09:04:09', NULL, NULL, NULL, '2021-09-06', NULL),
(130, 1003, NULL, '09:04:44', NULL, '13:08:26', '13:26:07', '2021-09-06', NULL),
(132, 1000, NULL, '09:13:30', '19:30:14', NULL, NULL, '2021-09-06', NULL),
(133, 200, NULL, '10:05:03', '18:49:03', NULL, NULL, '2021-09-06', NULL),
(134, 502, NULL, '10:10:56', '18:14:18', '13:19:20', '13:33:37', '2021-09-06', NULL),
(135, 503, NULL, '10:12:20', '18:01:09', '13:24:25', '13:33:20', '2021-09-06', NULL),
(136, 500, NULL, '10:13:53', '18:09:45', '13:08:31', '13:36:10', '2021-09-06', NULL),
(146, 1001, NULL, '09:05:08', '17:14:05', '13:01:22', '13:38:56', '2021-09-06', NULL),
(149, 2008, NULL, '00:00:00', '00:00:00', '00:00:00', '00:00:00', '2021-09-06', NULL),
(150, 1005, NULL, '00:00:00', '00:00:00', '00:00:00', '00:00:00', '2021-09-06', NULL),
(151, 101, NULL, '00:00:00', '00:00:00', '00:00:00', '00:00:00', '2021-09-06', NULL),
(152, 1001, NULL, '09:02:02', '17:10:20', '13:03:29', '13:35:46', '2021-09-07', NULL),
(153, 2006, NULL, '09:07:53', '17:07:11', '13:32:47', '13:52:39', '2021-09-07', NULL),
(154, 1002, NULL, '09:08:05', NULL, NULL, NULL, '2021-09-07', NULL),
(155, 1003, NULL, '09:11:25', '17:10:04', '13:06:05', '13:31:29', '2021-09-07', NULL),
(156, 2003, NULL, '09:15:45', '18:12:27', NULL, NULL, '2021-09-07', NULL),
(157, 2001, NULL, '09:19:44', NULL, '13:33:34', NULL, '2021-09-07', NULL),
(158, 1000, NULL, '10:00:51', NULL, '13:02:22', '19:25:31', '2021-09-07', NULL),
(159, 500, NULL, '10:01:00', '18:12:45', '13:06:24', '13:54:17', '2021-09-07', NULL),
(160, 200, NULL, '10:01:19', '18:30:01', '13:09:05', '13:35:29', '2021-09-07', NULL),
(161, 2004, NULL, '10:02:49', NULL, NULL, NULL, '2021-09-07', NULL),
(162, 502, NULL, '10:03:04', '18:29:48', '13:18:54', '13:42:45', '2021-09-07', NULL),
(163, 503, NULL, '10:11:26', '13:12:48', NULL, NULL, '2021-09-07', NULL),
(164, 1004, NULL, '11:37:41', NULL, '13:30:14', NULL, '2021-09-07', NULL),
(165, 1002, NULL, '08:59:15', '17:09:22', '13:35:45', '14:03:04', '2021-09-08', NULL),
(166, 1001, NULL, '09:00:46', '17:10:48', '13:03:26', '13:30:13', '2021-09-08', NULL),
(167, 2006, NULL, '09:01:41', '17:05:03', '13:35:35', '13:56:52', '2021-09-08', NULL),
(168, 2004, NULL, '09:07:03', '17:03:20', NULL, NULL, '2021-09-08', NULL),
(169, 1003, NULL, '09:08:18', '17:10:42', '13:05:00', '13:25:33', '2021-09-08', NULL),
(170, 1000, NULL, '09:09:42', NULL, NULL, NULL, '2021-09-08', NULL),
(171, 2002, NULL, '09:10:20', NULL, NULL, NULL, '2021-09-08', NULL),
(172, 2003, NULL, '09:15:44', '17:14:04', '13:11:16', '13:24:34', '2021-09-08', NULL),
(173, 2001, NULL, '09:17:41', '18:03:09', '13:33:19', '14:02:58', '2021-09-08', NULL),
(175, 500, NULL, '09:47:02', '18:02:27', '13:21:30', '13:46:53', '2021-09-08', NULL),
(176, 502, NULL, '10:00:08', '18:22:10', '13:29:55', '13:46:37', '2021-09-08', NULL),
(177, 503, NULL, '10:05:16', '18:01:59', '13:16:52', '16:02:12', '2021-09-08', NULL),
(178, 200, NULL, '10:21:08', '18:29:21', '13:29:39', '13:53:02', '2021-09-08', NULL),
(179, 2007, NULL, '00:00:00', '00:00:00', '00:00:00', '00:00:00', '2021-09-08', NULL),
(180, 100, NULL, '00:00:00', '00:00:00', '00:00:00', '00:00:00', '2021-09-08', NULL),
(181, 1001, NULL, '09:12:33', '17:03:39', '13:03:02', '13:25:26', '2021-09-09', NULL),
(182, 2002, NULL, '09:12:47', '17:55:34', NULL, NULL, '2021-09-09', NULL),
(183, 2006, NULL, '09:12:56', '17:02:02', '13:54:20', '13:54:54', '2021-09-09', NULL),
(184, 2001, NULL, '09:30:44', '17:14:51', '13:54:36', '13:55:04', '2021-09-09', NULL),
(185, 1003, NULL, '09:37:51', '17:06:44', '13:04:54', '13:23:34', '2021-09-09', NULL),
(186, 500, NULL, '10:01:36', '18:01:42', '13:19:43', '13:38:14', '2021-09-09', NULL),
(187, 503, NULL, '10:18:02', '18:02:21', '13:16:52', '13:37:47', '2021-09-09', NULL),
(188, 1004, NULL, '10:51:24', NULL, '13:16:42', NULL, '2021-09-09', NULL),
(189, 200, NULL, '11:21:51', '18:33:17', '13:11:43', '13:32:05', '2021-09-09', NULL),
(190, 1005, NULL, '14:59:53', NULL, NULL, NULL, '2021-09-09', NULL),
(191, 100, NULL, '15:05:34', '17:00:55', NULL, NULL, '2021-09-09', NULL),
(192, 101, NULL, '17:11:13', '17:11:39', NULL, NULL, '2021-09-09', NULL),
(193, 2005, NULL, '17:36:22', '17:36:26', NULL, NULL, '2021-09-09', NULL),
(194, 1007, NULL, '00:00:00', '00:00:00', '00:00:00', '00:00:00', '2021-09-09', NULL),
(195, 2009, NULL, '00:00:00', '00:00:00', '00:00:00', '00:00:00', '2021-09-09', NULL),
(196, 2010, NULL, '00:00:00', '00:00:00', '00:00:00', '00:00:00', '2021-09-09', NULL),
(197, 1001, NULL, '09:03:37', '17:08:00', '13:02:12', '14:22:03', '2021-09-10', NULL),
(198, 1003, NULL, '09:03:50', NULL, '13:16:14', '14:19:59', '2021-09-10', NULL),
(199, 100, NULL, '09:04:22', '17:19:59', '12:59:45', NULL, '2021-09-10', NULL),
(200, 1002, NULL, '09:04:44', '17:48:59', '13:08:57', '14:26:13', '2021-09-10', NULL),
(201, 102, NULL, '09:06:49', '17:04:19', NULL, NULL, '2021-09-10', NULL),
(202, 101, NULL, '09:12:42', '17:47:29', NULL, NULL, '2021-09-10', NULL),
(203, 2006, NULL, '09:13:05', '17:04:05', '13:02:38', '14:25:33', '2021-09-10', NULL),
(204, 2003, NULL, '09:15:31', '17:03:31', '13:02:51', '14:19:47', '2021-09-10', NULL),
(205, 2004, NULL, '09:21:45', '17:09:03', NULL, NULL, '2021-09-10', NULL),
(206, 2000, NULL, '09:23:28', NULL, NULL, NULL, '2021-09-10', NULL),
(207, 2001, NULL, '09:27:06', '17:46:32', NULL, NULL, '2021-09-10', NULL),
(208, 500, NULL, '09:53:50', '18:15:27', '13:21:32', '14:35:26', '2021-09-10', NULL),
(209, 1006, NULL, '10:02:26', '17:47:47', NULL, NULL, '2021-09-10', NULL),
(210, 2008, NULL, '10:06:14', NULL, NULL, NULL, '2021-09-10', NULL),
(211, 503, NULL, '10:09:17', '18:05:55', '13:57:05', '14:17:21', '2021-09-10', NULL),
(212, 200, NULL, '10:19:26', '19:00:38', '13:28:30', '13:58:06', '2021-09-10', NULL),
(213, 502, NULL, '10:40:07', '18:44:49', '13:31:58', '14:34:29', '2021-09-10', NULL),
(214, 1005, NULL, '11:33:16', NULL, '13:04:24', NULL, '2021-09-10', NULL),
(215, 1004, NULL, '11:40:43', NULL, NULL, NULL, '2021-09-10', NULL),
(216, 2002, NULL, '12:17:15', '13:03:15', '12:17:15', NULL, '2021-09-10', NULL),
(217, 2012, NULL, '16:08:30', '17:05:51', NULL, NULL, '2021-09-10', NULL),
(218, 2010, NULL, '16:19:20', '17:04:50', NULL, NULL, '2021-09-10', NULL),
(219, 1009, NULL, '16:43:32', NULL, NULL, NULL, '2021-09-10', NULL),
(220, 2007, NULL, '17:05:27', '17:05:37', NULL, NULL, '2021-09-10', NULL),
(221, 1008, NULL, '00:00:00', '00:00:00', '00:00:00', '00:00:00', '2021-09-10', NULL),
(222, 2011, NULL, '00:00:00', '00:00:00', '00:00:00', '00:00:00', '2021-09-10', NULL),
(223, 2002, NULL, '09:12:01', '13:07:21', NULL, NULL, '2021-09-11', NULL),
(224, 2006, NULL, '09:12:32', '13:14:05', NULL, NULL, '2021-09-11', NULL),
(225, 1001, NULL, '09:12:53', '13:09:18', NULL, NULL, '2021-09-11', NULL),
(226, 1007, NULL, '09:13:03', '16:07:28', NULL, NULL, '2021-09-11', NULL),
(227, 100, NULL, '09:17:50', NULL, NULL, NULL, '2021-09-11', NULL),
(228, 2012, NULL, '09:19:22', '13:09:36', NULL, NULL, '2021-09-11', NULL),
(229, 1003, NULL, '09:19:41', '13:05:26', NULL, NULL, '2021-09-11', NULL),
(230, 200, NULL, '09:21:58', '13:54:07', NULL, NULL, '2021-09-11', NULL),
(231, 2005, NULL, '09:22:32', '15:14:25', NULL, NULL, '2021-09-11', NULL),
(232, 2001, NULL, '09:25:17', '13:14:16', NULL, NULL, '2021-09-11', NULL),
(233, 2003, NULL, '09:35:11', '13:03:10', NULL, NULL, '2021-09-11', NULL),
(234, 2007, NULL, '09:38:05', '13:04:39', NULL, NULL, '2021-09-11', NULL),
(235, 2010, NULL, '09:50:04', '13:04:46', NULL, NULL, '2021-09-11', NULL),
(236, 502, NULL, '10:08:13', '14:19:53', NULL, NULL, '2021-09-11', NULL),
(237, 102, NULL, '13:02:16', '13:02:19', NULL, NULL, '2021-09-11', NULL),
(238, 2004, NULL, '13:02:30', '13:02:32', NULL, NULL, '2021-09-11', NULL),
(239, 1006, NULL, '13:04:05', '13:04:08', NULL, NULL, '2021-09-11', NULL),
(240, 1002, NULL, '13:35:17', '13:35:41', NULL, NULL, '2021-09-11', NULL),
(241, 101, NULL, '13:44:15', '13:44:17', NULL, NULL, '2021-09-11', NULL),
(242, 1008, NULL, '16:23:14', NULL, NULL, NULL, '2021-09-11', NULL),
(243, 100, NULL, '08:43:22', '17:14:07', '13:29:08', '13:51:59', '2021-09-13', NULL),
(244, 1007, NULL, '08:48:05', '17:06:42', NULL, NULL, '2021-09-13', NULL),
(245, 1001, NULL, '08:56:58', '17:08:53', '13:03:17', '13:28:21', '2021-09-13', NULL),
(246, 2004, NULL, '08:57:41', '17:02:43', NULL, NULL, '2021-09-13', NULL),
(247, 1008, NULL, '08:57:59', NULL, '13:31:38', '14:24:51', '2021-09-13', NULL),
(248, 102, NULL, '08:58:32', '17:01:37', NULL, NULL, '2021-09-13', NULL),
(249, 2005, NULL, '08:59:04', '14:07:36', '13:16:22', '13:21:34', '2021-09-13', NULL),
(250, 1006, NULL, '09:06:24', NULL, NULL, NULL, '2021-09-13', NULL),
(251, 1003, NULL, '09:09:15', '17:05:39', '13:04:00', '13:23:25', '2021-09-13', NULL),
(252, 2008, NULL, '09:10:45', NULL, NULL, NULL, '2021-09-13', NULL),
(253, 101, NULL, '09:12:00', '17:55:20', '13:04:16', '13:42:04', '2021-09-13', NULL),
(254, 2006, NULL, '09:13:04', '17:01:14', '13:37:11', '13:54:55', '2021-09-13', NULL),
(255, 2003, NULL, '09:19:20', '17:02:53', '13:21:46', '13:31:55', '2021-09-13', NULL),
(256, 2001, NULL, '09:24:34', '17:15:52', '13:31:28', '13:59:26', '2021-09-13', NULL),
(257, 2012, NULL, '09:24:46', '17:03:03', NULL, NULL, '2021-09-13', NULL),
(258, 1000, NULL, '09:28:32', '20:01:49', '13:19:18', '13:28:10', '2021-09-13', NULL),
(259, 500, NULL, '09:50:00', '18:20:20', '13:03:49', '13:37:24', '2021-09-13', NULL),
(260, 2010, NULL, '09:53:21', '17:01:30', NULL, NULL, '2021-09-13', NULL),
(261, 2009, NULL, '10:00:40', '16:45:05', NULL, NULL, '2021-09-13', NULL),
(262, 200, NULL, '10:03:10', '18:13:38', '13:21:57', '13:38:40', '2021-09-13', NULL),
(263, 502, NULL, '10:10:38', '18:18:18', '13:17:52', '13:36:53', '2021-09-13', NULL),
(264, 503, NULL, '10:12:15', '18:00:43', '13:24:03', '13:43:31', '2021-09-13', NULL),
(265, 1005, NULL, '11:33:04', '20:02:08', NULL, NULL, '2021-09-13', NULL),
(266, 100, NULL, '08:41:21', NULL, '13:21:18', '13:53:49', '2021-09-14', NULL),
(267, 1000, NULL, '08:51:13', '19:07:07', '13:17:21', NULL, '2021-09-14', NULL),
(268, 2002, NULL, '08:51:58', '17:24:44', NULL, NULL, '2021-09-14', NULL),
(269, 2005, NULL, '08:52:33', '17:10:36', '13:20:45', '13:29:23', '2021-09-14', NULL),
(270, 1008, NULL, '09:05:56', '17:42:25', NULL, NULL, '2021-09-14', NULL),
(271, 1006, NULL, '09:09:36', NULL, '09:09:37', NULL, '2021-09-14', NULL),
(272, 2009, NULL, '09:10:18', '17:01:52', NULL, NULL, '2021-09-14', NULL),
(273, 2006, NULL, '09:11:07', '17:02:31', '13:43:46', '14:01:51', '2021-09-14', NULL),
(274, 2012, NULL, '09:12:23', '17:02:48', '09:12:54', NULL, '2021-09-14', NULL),
(275, 2003, NULL, '09:13:03', '17:02:15', '13:20:31', '13:29:37', '2021-09-14', NULL),
(276, 101, NULL, '09:25:06', '19:04:43', '13:59:29', NULL, '2021-09-14', NULL),
(277, 2001, NULL, '09:25:24', '17:34:11', '13:28:48', '13:29:17', '2021-09-14', NULL),
(278, 2007, NULL, '09:32:57', '17:05:53', NULL, NULL, '2021-09-14', NULL),
(279, 500, NULL, '09:54:11', '18:13:09', '13:17:37', '13:34:52', '2021-09-14', NULL),
(280, 2010, NULL, '09:55:01', '17:04:03', NULL, NULL, '2021-09-14', NULL),
(281, 502, NULL, '10:03:48', '18:13:01', '13:34:12', '13:34:26', '2021-09-14', NULL),
(282, 200, NULL, '10:07:58', '18:17:14', '13:09:45', '13:36:20', '2021-09-14', NULL),
(283, 503, NULL, '11:15:12', '18:05:37', '13:13:20', '13:33:09', '2021-09-14', NULL),
(284, 1009, NULL, '15:03:07', NULL, NULL, NULL, '2021-09-14', NULL),
(285, 2008, NULL, '17:03:06', '17:03:08', NULL, NULL, '2021-09-14', NULL),
(286, 102, NULL, '17:04:32', '17:04:33', NULL, NULL, '2021-09-14', NULL),
(287, 504, NULL, '00:00:00', '00:00:00', '00:00:00', '00:00:00', '2021-09-14', NULL),
(288, 1005, NULL, '21:03:30', '21:03:31', NULL, NULL, '2021-09-14', NULL),
(289, 2000, NULL, '21:03:39', '21:03:40', NULL, NULL, '2021-09-14', NULL),
(290, 2002, NULL, '08:51:43', '17:05:14', NULL, NULL, '2021-09-15', NULL),
(291, 1002, NULL, '08:55:46', '17:56:51', '13:34:34', '13:59:43', '2021-09-15', NULL),
(292, 1007, NULL, '08:56:34', '17:04:12', NULL, NULL, '2021-09-15', NULL),
(293, 1001, NULL, '08:57:38', '17:03:43', '13:02:21', '13:33:16', '2021-09-15', NULL),
(294, 1003, NULL, '09:00:35', '17:07:02', '13:04:53', NULL, '2021-09-15', NULL),
(295, 1006, NULL, '09:01:42', '17:03:23', NULL, NULL, '2021-09-15', NULL),
(296, 100, NULL, '09:02:57', '17:00:47', '13:20:49', '13:50:26', '2021-09-15', NULL),
(297, 101, NULL, '09:03:25', '18:26:41', '13:33:24', '13:50:02', '2021-09-15', NULL),
(298, 2006, NULL, '09:11:10', '17:02:25', '13:30:27', '13:47:06', '2021-09-15', NULL),
(299, 1008, NULL, '09:11:52', '18:47:00', '13:58:41', '13:58:57', '2021-09-15', NULL),
(300, 2009, NULL, '09:16:41', '16:54:48', NULL, NULL, '2021-09-15', NULL),
(301, 2003, NULL, '09:19:24', '17:02:39', '13:21:50', '13:41:59', '2021-09-15', NULL),
(302, 2001, NULL, '09:28:12', '18:27:52', '13:33:07', NULL, '2021-09-15', NULL),
(303, 500, NULL, '09:40:59', '18:04:55', '13:17:53', '13:35:56', '2021-09-15', NULL),
(304, 2007, NULL, '09:45:38', '17:06:06', NULL, NULL, '2021-09-15', NULL),
(305, 504, NULL, '09:45:54', '17:14:03', NULL, NULL, '2021-09-15', NULL),
(306, 2008, NULL, '09:46:14', '17:01:13', NULL, NULL, '2021-09-15', NULL),
(307, 2012, NULL, '09:46:26', '17:02:50', NULL, NULL, '2021-09-15', NULL),
(308, 2010, NULL, '09:51:44', '17:03:52', NULL, NULL, '2021-09-15', NULL),
(309, 200, NULL, '09:55:13', '18:05:40', '13:09:12', '13:31:43', '2021-09-15', NULL),
(310, 102, NULL, '10:07:13', '17:01:54', NULL, NULL, '2021-09-15', NULL),
(311, 503, NULL, '10:07:41', '18:05:54', '13:11:46', '13:35:44', '2021-09-15', NULL),
(312, 502, NULL, '10:11:56', '18:09:58', '13:20:32', '13:40:36', '2021-09-15', NULL),
(313, 1000, NULL, '11:17:34', '17:57:46', '13:13:26', '13:58:01', '2021-09-15', NULL),
(314, 1005, NULL, '11:37:13', NULL, '13:59:28', '14:23:53', '2021-09-15', NULL),
(315, 1009, NULL, '14:16:56', NULL, NULL, NULL, '2021-09-15', NULL),
(316, 2013, NULL, '00:00:00', '00:00:00', '00:00:00', '00:00:00', '2021-09-15', NULL),
(317, 504, NULL, '10:06:45', '17:02:45', NULL, NULL, '2021-09-16', NULL),
(318, 500, NULL, '10:06:58', '19:29:37', '13:04:08', '13:42:31', '2021-09-16', NULL),
(319, 503, NULL, '10:07:45', '18:01:20', '13:06:32', '13:29:14', '2021-09-16', NULL),
(320, 502, NULL, '10:11:19', '18:38:10', '13:20:26', '18:37:58', '2021-09-16', NULL),
(321, 200, NULL, '10:14:41', '14:51:21', '13:20:33', '13:45:59', '2021-09-16', NULL),
(322, 1003, NULL, '10:51:12', '17:07:18', '13:06:50', '13:25:44', '2021-09-16', NULL),
(323, 1005, NULL, '11:39:07', '21:15:10', NULL, NULL, '2021-09-16', NULL),
(324, 1001, NULL, '13:03:36', NULL, '13:29:23', '13:29:33', '2021-09-16', NULL),
(325, 2003, NULL, '13:03:58', '17:02:05', '13:03:59', '13:27:05', '2021-09-16', NULL),
(326, 2005, NULL, '13:30:18', '17:06:46', '13:30:33', NULL, '2021-09-16', NULL),
(327, 1009, NULL, '15:11:27', '21:42:21', NULL, NULL, '2021-09-16', NULL),
(328, 2008, NULL, '17:01:26', '17:01:52', NULL, NULL, '2021-09-16', NULL),
(329, 2002, NULL, '17:02:36', '17:03:08', NULL, NULL, '2021-09-16', NULL),
(330, 2007, NULL, '17:12:06', '17:12:08', NULL, NULL, '2021-09-16', NULL),
(331, 2012, NULL, '17:12:18', '17:12:20', NULL, NULL, '2021-09-16', NULL),
(332, 1002, NULL, '18:56:32', '18:56:47', NULL, NULL, '2021-09-16', NULL),
(333, 1000, NULL, '18:57:15', '18:57:44', NULL, NULL, '2021-09-16', NULL),
(334, 504, NULL, '08:41:28', '17:07:45', '13:03:42', '13:38:44', '2021-09-17', NULL),
(335, 100, NULL, '08:42:35', '17:00:02', '12:59:50', NULL, '2021-09-17', NULL),
(336, 1000, NULL, '08:51:06', '18:37:43', '12:56:42', '13:19:48', '2021-09-17', NULL),
(337, 2002, NULL, '08:51:54', '17:07:02', NULL, NULL, '2021-09-17', NULL),
(338, 1003, NULL, '08:56:06', '17:14:41', '13:20:23', '14:21:58', '2021-09-17', NULL),
(339, 1007, NULL, '08:57:09', '17:12:47', NULL, NULL, '2021-09-17', NULL),
(340, 2009, NULL, '08:57:52', '17:06:09', '12:45:51', '14:20:24', '2021-09-17', NULL),
(341, 1006, NULL, '09:02:19', NULL, NULL, NULL, '2021-09-17', NULL),
(342, 2005, NULL, '09:06:02', '20:03:33', '14:26:02', '14:26:17', '2021-09-17', NULL),
(343, 2004, NULL, '09:10:21', NULL, NULL, NULL, '2021-09-17', NULL),
(344, 1002, NULL, '09:10:40', '18:01:20', '13:03:28', '18:01:19', '2021-09-17', NULL),
(345, 2006, NULL, '09:11:49', '17:20:02', '12:59:27', '14:39:08', '2021-09-17', NULL),
(347, 1008, NULL, '09:12:28', NULL, NULL, NULL, '2021-09-17', NULL),
(348, 2003, NULL, '09:13:21', '17:05:54', '13:41:18', '14:26:27', '2021-09-17', NULL),
(349, 2008, NULL, '09:17:56', '15:07:17', NULL, NULL, '2021-09-17', NULL),
(350, 2012, NULL, '09:18:06', '16:49:27', NULL, NULL, '2021-09-17', NULL),
(351, 101, NULL, '09:20:13', '17:46:48', '13:04:32', '14:20:05', '2021-09-17', NULL),
(352, 2001, NULL, '09:20:48', '17:47:06', NULL, NULL, '2021-09-17', NULL),
(353, 1001, NULL, '09:27:22', '17:13:45', '13:04:07', '14:23:30', '2021-09-17', NULL),
(354, 2007, NULL, '09:45:23', NULL, NULL, NULL, '2021-09-17', NULL),
(355, 500, NULL, '10:02:26', '18:12:41', '13:08:07', '14:17:01', '2021-09-17', NULL),
(356, 200, NULL, '10:04:53', '18:26:10', '13:08:56', '13:43:02', '2021-09-17', NULL),
(357, 2010, NULL, '10:06:33', '17:08:04', NULL, NULL, '2021-09-17', NULL),
(358, 503, NULL, '10:08:24', '18:08:15', '13:53:31', '14:16:35', '2021-09-17', NULL),
(359, 502, NULL, '10:11:56', '18:19:00', '13:11:29', '14:21:11', '2021-09-17', NULL),
(360, 1005, NULL, '11:40:15', '20:13:57', '14:04:41', '14:38:41', '2021-09-17', NULL),
(361, 102, NULL, '13:02:55', '13:55:21', '13:03:11', '13:55:00', '2021-09-17', NULL),
(362, 1009, NULL, '14:22:19', '20:43:19', NULL, NULL, '2021-09-17', NULL),
(363, 1010, NULL, '00:00:00', '00:00:00', '00:00:00', '00:00:00', '2021-09-17', NULL),
(364, 1011, NULL, '00:00:00', '00:00:00', '00:00:00', '00:00:00', '2021-09-17', NULL),
(365, 102, NULL, '09:04:31', '09:04:43', NULL, NULL, '2021-09-18', NULL),
(366, 1003, NULL, '09:05:07', '13:04:50', NULL, NULL, '2021-09-18', NULL),
(367, 2005, NULL, '09:05:21', '13:55:57', NULL, NULL, '2021-09-18', NULL),
(368, 1001, NULL, '09:05:33', '13:04:11', NULL, NULL, '2021-09-18', NULL),
(369, 2009, NULL, '09:05:45', '13:04:16', NULL, NULL, '2021-09-18', NULL),
(370, 1006, NULL, '09:09:30', '13:08:00', NULL, NULL, '2021-09-18', NULL),
(371, 100, NULL, '09:12:19', '13:01:28', NULL, NULL, '2021-09-18', NULL),
(372, 2006, NULL, '09:12:29', '13:02:05', NULL, NULL, '2021-09-18', NULL),
(373, 2003, NULL, '09:13:31', '13:03:25', NULL, NULL, '2021-09-18', NULL),
(374, 2008, NULL, '09:18:27', '13:03:19', NULL, NULL, '2021-09-18', NULL),
(375, 2001, NULL, '09:26:15', '14:19:27', NULL, NULL, '2021-09-18', NULL),
(376, 504, NULL, '09:29:00', '13:05:08', NULL, NULL, '2021-09-18', NULL),
(377, 2007, NULL, '09:44:03', '13:03:37', NULL, NULL, '2021-09-18', NULL),
(378, 1007, NULL, '09:45:24', '17:13:27', NULL, NULL, '2021-09-18', NULL),
(379, 2010, NULL, '10:00:23', '13:01:05', NULL, NULL, '2021-09-18', NULL),
(380, 200, NULL, '10:05:45', '14:03:35', NULL, NULL, '2021-09-18', NULL),
(381, 502, NULL, '10:14:39', '14:12:00', NULL, NULL, '2021-09-18', NULL),
(382, 1005, NULL, '11:38:12', NULL, NULL, NULL, '2021-09-18', NULL),
(383, 1004, NULL, '12:17:27', NULL, NULL, NULL, '2021-09-18', NULL),
(384, 1009, NULL, '12:28:32', '21:42:29', NULL, NULL, '2021-09-18', NULL),
(385, 1000, NULL, '13:07:15', '13:07:19', NULL, NULL, '2021-09-18', NULL),
(386, 2002, NULL, '13:08:12', NULL, NULL, NULL, '2021-09-18', NULL),
(387, 101, NULL, '14:21:37', '14:21:52', NULL, NULL, '2021-09-18', NULL),
(388, 1012, NULL, '00:00:00', '00:00:00', '00:00:00', '00:00:00', '2021-09-18', NULL),
(389, 1007, NULL, '08:56:36', '17:02:09', NULL, NULL, '2021-09-20', NULL),
(390, 101, NULL, '08:56:48', '17:51:28', '13:32:34', '13:47:27', '2021-09-20', NULL),
(391, 1002, NULL, '08:57:29', '17:35:30', NULL, NULL, '2021-09-20', NULL),
(392, 1008, NULL, '08:58:46', NULL, NULL, NULL, '2021-09-20', NULL),
(393, 2009, NULL, '08:59:49', NULL, NULL, NULL, '2021-09-20', NULL),
(394, 1000, NULL, '09:06:03', NULL, '13:05:40', '13:48:31', '2021-09-20', NULL),
(395, 1001, NULL, '09:06:24', '17:04:10', '13:05:54', '14:26:01', '2021-09-20', NULL),
(396, 102, NULL, '09:08:09', '17:02:27', NULL, NULL, '2021-09-20', NULL),
(397, 1003, NULL, '09:08:28', '17:09:44', '13:26:10', '13:26:20', '2021-09-20', NULL),
(398, 2006, NULL, '09:10:58', '17:28:45', '13:33:04', '13:53:57', '2021-09-20', NULL),
(399, 2008, NULL, '09:12:33', '17:00:26', NULL, NULL, '2021-09-20', NULL),
(400, 2012, NULL, '09:12:45', '17:02:16', NULL, NULL, '2021-09-20', NULL),
(401, 2003, NULL, '09:13:21', '17:07:06', '13:06:40', '13:22:08', '2021-09-20', NULL),
(402, 2001, NULL, '09:21:18', '17:49:15', '13:35:52', NULL, '2021-09-20', NULL),
(403, 200, NULL, '09:42:13', '18:23:10', '13:06:49', '13:24:49', '2021-09-20', NULL),
(404, 500, NULL, '09:48:58', '18:23:44', '13:17:22', '13:36:32', '2021-09-20', NULL),
(405, 2010, NULL, '09:59:43', '17:02:45', NULL, NULL, '2021-09-20', NULL),
(406, 503, NULL, '10:02:04', '18:09:02', '13:16:06', '13:29:15', '2021-09-20', NULL),
(407, 502, NULL, '10:15:49', '18:23:50', '13:12:04', '13:27:32', '2021-09-20', NULL),
(408, 504, NULL, '13:08:27', '17:01:58', '13:08:28', '13:28:02', '2021-09-20', NULL),
(409, 1009, NULL, '15:14:04', '20:24:20', NULL, NULL, '2021-09-20', NULL),
(410, 1010, NULL, '17:12:08', '17:12:18', NULL, NULL, '2021-09-20', NULL),
(411, 2014, NULL, '00:00:00', '00:00:00', '00:00:00', '00:00:00', '2021-09-20', NULL),
(412, 2004, NULL, '08:48:06', NULL, NULL, NULL, '2021-09-21', NULL),
(413, 504, NULL, '08:48:27', '17:06:51', '13:07:26', '13:31:01', '2021-09-21', NULL),
(414, 1006, NULL, '08:54:02', '17:11:45', NULL, NULL, '2021-09-21', NULL),
(415, 1000, NULL, '08:54:41', '19:11:55', '13:15:05', '14:01:06', '2021-09-21', NULL),
(416, 2002, NULL, '08:55:15', '13:22:35', NULL, NULL, '2021-09-21', NULL),
(417, 100, NULL, '08:56:39', '17:25:48', '08:56:39', '13:31:47', '2021-09-21', NULL),
(418, 101, NULL, '08:57:44', '17:36:55', '13:27:42', '13:44:22', '2021-09-21', NULL),
(419, 1001, NULL, '09:00:20', '17:07:42', '13:04:55', '13:31:14', '2021-09-21', NULL),
(420, 2006, NULL, '09:01:11', '17:26:49', '13:36:03', '13:36:04', '2021-09-21', NULL),
(421, 102, NULL, '09:04:17', '17:02:08', NULL, NULL, '2021-09-21', NULL),
(422, 2009, NULL, '09:04:40', '16:58:40', NULL, NULL, '2021-09-21', NULL),
(423, 1003, NULL, '09:06:34', '17:07:12', NULL, NULL, '2021-09-21', NULL),
(424, 1008, NULL, '09:07:42', '19:22:34', NULL, NULL, '2021-09-21', NULL),
(425, 1002, NULL, '09:08:52', '18:36:28', '09:08:53', '14:00:46', '2021-09-21', NULL),
(426, 1007, NULL, '09:09:36', '17:06:24', NULL, NULL, '2021-09-21', NULL),
(427, 2001, NULL, '09:10:58', '17:32:23', '13:33:38', NULL, '2021-09-21', NULL),
(428, 2008, NULL, '09:16:43', '17:02:20', NULL, NULL, '2021-09-21', NULL),
(429, 2012, NULL, '09:16:50', '17:01:42', NULL, NULL, '2021-09-21', NULL),
(430, 2003, NULL, '09:23:50', '17:11:29', '13:10:18', '13:34:55', '2021-09-21', NULL),
(431, 500, NULL, '09:56:24', '18:05:21', '13:16:13', '13:43:14', '2021-09-21', NULL),
(432, 503, NULL, '10:02:17', '18:05:33', '13:07:47', '13:32:27', '2021-09-21', NULL),
(433, 200, NULL, '10:07:12', '18:06:48', '13:13:16', '13:38:41', '2021-09-21', NULL),
(434, 2010, NULL, '10:07:40', NULL, NULL, NULL, '2021-09-21', NULL),
(435, 502, NULL, '10:10:09', '18:28:40', '13:16:52', '13:37:35', '2021-09-21', NULL),
(436, 1010, NULL, '11:01:24', NULL, NULL, NULL, '2021-09-21', NULL),
(437, 1004, NULL, '13:39:39', NULL, NULL, NULL, '2021-09-21', NULL),
(438, 1009, NULL, '14:28:45', '21:09:33', NULL, NULL, '2021-09-21', NULL),
(439, 2000, NULL, '20:53:29', '20:54:11', '20:53:47', '20:53:58', '2021-09-21', NULL),
(440, 100, NULL, '08:47:19', '17:42:49', '13:20:11', '14:02:02', '2021-09-22', NULL),
(441, 504, NULL, '08:47:42', '17:02:53', '13:00:48', '13:21:38', '2021-09-22', NULL),
(442, 1003, NULL, '08:47:53', NULL, '13:03:07', '13:30:48', '2021-09-22', NULL),
(443, 101, NULL, '08:55:44', '18:27:04', '13:32:53', '13:48:34', '2021-09-22', NULL),
(444, 2004, NULL, '09:00:28', NULL, NULL, NULL, '2021-09-22', NULL),
(445, 1006, NULL, '09:01:39', NULL, NULL, NULL, '2021-09-22', NULL),
(446, 102, NULL, '09:02:00', '17:08:39', NULL, NULL, '2021-09-22', NULL),
(447, 1001, NULL, '09:05:53', '17:09:18', '13:02:39', '13:32:41', '2021-09-22', NULL),
(448, 2009, NULL, '09:07:30', '17:23:44', NULL, NULL, '2021-09-22', NULL),
(449, 1002, NULL, '09:08:05', '17:41:48', '13:36:20', '14:03:31', '2021-09-22', NULL),
(450, 2006, NULL, '09:08:20', '17:24:21', '13:35:22', '14:02:14', '2021-09-22', NULL),
(451, 1000, NULL, '09:12:29', '18:05:36', '13:19:54', '13:32:30', '2021-09-22', NULL),
(452, 2002, NULL, '09:13:10', '17:03:05', NULL, NULL, '2021-09-22', NULL),
(453, 2003, NULL, '09:13:51', '17:08:28', '13:02:03', '13:29:07', '2021-09-22', NULL),
(454, 2001, NULL, '09:27:42', NULL, '13:24:12', NULL, '2021-09-22', NULL),
(455, 2012, NULL, '09:29:52', '13:25:00', '13:02:23', NULL, '2021-09-22', NULL),
(456, 200, NULL, '09:51:01', NULL, '13:13:27', '13:34:12', '2021-09-22', NULL),
(457, 2010, NULL, '09:53:34', '17:08:18', NULL, NULL, '2021-09-22', NULL),
(458, 1008, NULL, '09:54:01', '17:42:56', NULL, NULL, '2021-09-22', NULL),
(459, 503, NULL, '10:04:08', '18:01:24', '13:02:53', '13:29:28', '2021-09-22', NULL),
(460, 502, NULL, '10:14:48', '18:23:10', '13:14:08', '13:31:04', '2021-09-22', NULL),
(461, 2007, NULL, '10:24:26', '18:00:22', '13:35:59', '13:58:24', '2021-09-22', NULL),
(462, 1010, NULL, '10:30:21', NULL, NULL, NULL, '2021-09-22', NULL),
(463, 2000, NULL, '10:35:17', NULL, '10:35:17', NULL, '2021-09-22', NULL),
(464, 1004, NULL, '11:33:57', NULL, NULL, NULL, '2021-09-22', NULL),
(465, 1009, NULL, '13:49:11', NULL, NULL, NULL, '2021-09-22', NULL),
(466, 1003, NULL, '17:06:22', '17:06:43', NULL, NULL, '2021-09-23', NULL),
(467, 2007, NULL, '17:06:32', '17:06:33', NULL, NULL, '2021-09-23', NULL),
(468, 2002, NULL, '17:12:51', '17:13:12', NULL, NULL, '2021-09-23', NULL),
(469, 1002, NULL, '17:54:51', '17:55:06', NULL, NULL, '2021-09-23', NULL),
(470, 200, NULL, '18:11:39', '18:11:52', NULL, NULL, '2021-09-23', NULL),
(471, 502, NULL, '18:12:24', '18:12:41', NULL, NULL, '2021-09-23', NULL),
(472, 100, NULL, '08:46:56', '17:02:25', NULL, NULL, '2021-09-24', NULL),
(473, 504, NULL, '08:47:09', '17:03:10', NULL, NULL, '2021-09-24', NULL),
(474, 102, NULL, '08:49:17', '17:03:00', NULL, NULL, '2021-09-24', NULL),
(475, 1003, NULL, '08:52:35', NULL, NULL, NULL, '2021-09-24', NULL),
(476, 1000, NULL, '08:53:37', '17:49:44', NULL, NULL, '2021-09-24', NULL),
(477, 2002, NULL, '08:54:20', '17:02:05', NULL, NULL, '2021-09-24', NULL),
(478, 1001, NULL, '08:59:59', '17:08:04', NULL, NULL, '2021-09-24', NULL),
(479, 1007, NULL, '09:01:41', NULL, NULL, NULL, '2021-09-24', NULL),
(480, 1008, NULL, '09:04:31', NULL, NULL, NULL, '2021-09-24', NULL),
(481, 2006, NULL, '09:06:13', '17:09:40', NULL, NULL, '2021-09-24', NULL),
(482, 101, NULL, '09:07:47', NULL, NULL, NULL, '2021-09-24', NULL),
(483, 2009, NULL, '09:11:14', NULL, NULL, NULL, '2021-09-24', NULL),
(484, 1006, NULL, '09:11:41', NULL, NULL, NULL, '2021-09-24', NULL),
(485, 2003, NULL, '09:18:30', NULL, NULL, NULL, '2021-09-24', NULL),
(486, 2012, NULL, '09:18:41', NULL, NULL, NULL, '2021-09-24', NULL),
(487, 2008, NULL, '09:18:49', '17:22:24', NULL, NULL, '2021-09-24', NULL),
(488, 1002, NULL, '09:19:09', '17:10:04', NULL, NULL, '2021-09-24', NULL),
(489, 2004, NULL, '09:24:59', NULL, NULL, NULL, '2021-09-24', NULL),
(490, 2007, NULL, '09:46:21', '17:20:19', NULL, NULL, '2021-09-24', NULL),
(491, 2010, NULL, '09:50:08', '17:04:10', NULL, NULL, '2021-09-24', NULL),
(492, 503, NULL, '10:05:51', '18:08:12', NULL, NULL, '2021-09-24', NULL),
(493, 200, NULL, '10:08:40', '18:14:41', NULL, NULL, '2021-09-24', NULL),
(494, 502, NULL, '10:10:57', '18:15:38', NULL, NULL, '2021-09-24', NULL),
(495, 1010, NULL, '10:22:52', NULL, NULL, NULL, '2021-09-24', NULL),
(496, 500, NULL, '10:28:36', '18:07:57', '14:42:50', NULL, '2021-09-24', NULL),
(497, 1004, NULL, '10:51:56', NULL, NULL, NULL, '2021-09-24', NULL),
(498, 100, NULL, '08:40:48', '20:48:02', NULL, NULL, '2021-09-25', NULL),
(499, 2002, NULL, '08:41:12', '13:05:30', NULL, NULL, '2021-09-25', NULL),
(500, 1000, NULL, '08:41:23', '13:03:23', NULL, NULL, '2021-09-25', NULL),
(501, 504, NULL, '08:41:36', '13:07:02', NULL, NULL, '2021-09-25', NULL),
(502, 2004, NULL, '08:49:44', NULL, NULL, NULL, '2021-09-25', NULL),
(503, 1003, NULL, '08:51:16', '13:06:43', NULL, NULL, '2021-09-25', NULL),
(504, 101, NULL, '08:55:57', NULL, NULL, NULL, '2021-09-25', NULL),
(505, 2009, NULL, '08:57:52', '13:01:20', NULL, NULL, '2021-09-25', NULL),
(506, 102, NULL, '09:01:42', '13:02:31', NULL, NULL, '2021-09-25', NULL),
(507, 1002, NULL, '09:05:05', '13:48:27', NULL, NULL, '2021-09-25', NULL),
(508, 1008, NULL, '09:06:51', NULL, NULL, NULL, '2021-09-25', NULL),
(509, 2006, NULL, '09:10:42', '13:30:21', NULL, NULL, '2021-09-25', NULL),
(510, 2008, NULL, '09:14:21', '13:04:35', NULL, NULL, '2021-09-25', NULL),
(511, 2012, NULL, '09:14:34', '13:03:14', NULL, NULL, '2021-09-25', NULL),
(512, 2001, NULL, '09:27:26', '13:36:49', NULL, NULL, '2021-09-25', NULL),
(513, 1001, NULL, '09:39:58', '13:09:43', NULL, NULL, '2021-09-25', NULL),
(514, 2003, NULL, '09:44:41', '13:07:21', NULL, NULL, '2021-09-25', NULL),
(515, 2007, NULL, '09:52:52', '13:04:21', NULL, NULL, '2021-09-25', NULL),
(516, 2010, NULL, '10:01:42', NULL, NULL, NULL, '2021-09-25', NULL),
(517, 502, NULL, '10:05:32', '14:28:43', NULL, NULL, '2021-09-25', NULL),
(518, 200, NULL, '10:18:18', '14:24:33', NULL, NULL, '2021-09-25', NULL),
(519, 1007, NULL, '10:36:14', '17:01:48', NULL, NULL, '2021-09-25', NULL),
(520, 1010, NULL, '10:46:31', NULL, NULL, NULL, '2021-09-25', NULL),
(521, 1004, NULL, '10:47:35', NULL, NULL, NULL, '2021-09-25', NULL),
(522, 100, NULL, '08:51:13', '20:55:52', '13:27:09', '13:56:05', '2021-09-27', NULL),
(523, 504, NULL, '08:52:39', '17:05:53', '13:08:27', '13:33:29', '2021-09-27', NULL),
(524, 1000, NULL, '08:54:47', '17:04:12', '13:13:08', '13:43:16', '2021-09-27', NULL),
(525, 2002, NULL, '08:55:06', '17:03:51', NULL, NULL, '2021-09-27', NULL),
(526, 1001, NULL, '08:56:13', '17:10:35', '13:00:41', '13:32:11', '2021-09-27', NULL),
(527, 1007, NULL, '08:59:23', '17:01:39', NULL, NULL, '2021-09-27', NULL),
(528, 2009, NULL, '09:03:16', '17:31:35', NULL, NULL, '2021-09-27', NULL),
(529, 1006, NULL, '09:03:40', '17:04:54', NULL, NULL, '2021-09-27', NULL),
(530, 1002, NULL, '09:03:53', '17:07:45', NULL, NULL, '2021-09-27', NULL),
(531, 101, NULL, '09:05:57', NULL, NULL, NULL, '2021-09-27', NULL),
(532, 102, NULL, '09:06:19', '16:59:51', NULL, NULL, '2021-09-27', NULL),
(533, 1003, NULL, '09:08:36', '17:04:27', NULL, NULL, '2021-09-27', NULL),
(534, 2006, NULL, '09:11:23', '17:02:41', NULL, NULL, '2021-09-27', NULL),
(535, 2008, NULL, '09:14:11', '17:00:10', NULL, NULL, '2021-09-27', NULL),
(536, 2012, NULL, '09:14:32', NULL, '13:06:48', '13:26:54', '2021-09-27', NULL),
(537, 1008, NULL, '09:19:57', NULL, NULL, NULL, '2021-09-27', NULL),
(538, 2003, NULL, '09:22:09', '17:04:40', '13:06:29', '13:31:57', '2021-09-27', NULL),
(539, 2001, NULL, '09:23:47', '17:05:22', NULL, NULL, '2021-09-27', NULL),
(540, 200, NULL, '09:42:04', '18:01:16', NULL, NULL, '2021-09-27', NULL),
(541, 2004, NULL, '09:50:20', '17:58:15', NULL, NULL, '2021-09-27', NULL),
(542, 2010, NULL, '09:55:41', '17:05:36', NULL, NULL, '2021-09-27', NULL),
(543, 500, NULL, '10:00:29', '18:33:11', '13:16:44', '14:03:00', '2021-09-27', NULL),
(544, 502, NULL, '10:03:10', '18:04:29', '13:21:12', '13:43:36', '2021-09-27', NULL),
(545, 2007, NULL, '10:17:13', '17:53:32', NULL, NULL, '2021-09-27', NULL),
(546, 503, NULL, '10:30:43', '18:03:09', '13:21:28', '13:28:56', '2021-09-27', NULL),
(547, 2000, NULL, '10:44:32', '19:29:16', NULL, NULL, '2021-09-27', NULL),
(548, 1010, NULL, '11:01:26', NULL, NULL, NULL, '2021-09-27', NULL),
(549, 1009, NULL, '15:05:18', NULL, NULL, NULL, '2021-09-27', NULL),
(550, 1004, NULL, '15:25:08', NULL, NULL, NULL, '2021-09-27', NULL),
(551, 100, NULL, '08:47:07', '17:33:24', '13:43:26', '14:11:31', '2021-09-28', NULL),
(552, 504, NULL, '08:48:27', '17:04:57', '13:05:15', '13:28:58', '2021-09-28', NULL),
(553, 1000, NULL, '08:54:46', '17:10:05', '13:20:53', '13:52:59', '2021-09-28', NULL),
(554, 1007, NULL, '08:55:07', '17:10:51', NULL, NULL, '2021-09-28', NULL),
(555, 2002, NULL, '08:55:37', '17:06:28', NULL, NULL, '2021-09-28', NULL),
(556, 2009, NULL, '08:57:58', NULL, NULL, NULL, '2021-09-28', NULL),
(557, 1002, NULL, '08:58:44', '17:34:55', NULL, NULL, '2021-09-28', NULL),
(558, 1003, NULL, '09:02:11', '17:08:58', '13:01:25', '13:31:28', '2021-09-28', NULL),
(559, 1008, NULL, '09:07:01', '17:58:28', '14:02:29', '14:02:56', '2021-09-28', NULL),
(560, 2006, NULL, '09:08:23', '17:44:02', '13:31:06', '13:53:17', '2021-09-28', NULL),
(561, 102, NULL, '09:12:16', '17:03:29', NULL, NULL, '2021-09-28', NULL),
(562, 1001, NULL, '09:40:11', '17:06:16', '13:02:11', '13:31:43', '2021-09-28', NULL),
(563, 2007, NULL, '09:53:12', '17:41:42', NULL, NULL, '2021-09-28', NULL),
(564, 502, NULL, '09:53:36', '18:13:26', '13:23:16', '13:42:45', '2021-09-28', NULL),
(565, 2010, NULL, '09:58:11', '16:11:32', NULL, NULL, '2021-09-28', NULL),
(566, 200, NULL, '10:02:36', '18:15:07', '13:33:56', NULL, '2021-09-28', NULL),
(567, 503, NULL, '10:11:23', '18:02:14', '13:20:12', '13:40:19', '2021-09-28', NULL),
(568, 1006, NULL, '10:19:06', '17:06:44', '13:50:33', '13:50:57', '2021-09-28', NULL),
(569, 2008, NULL, '10:29:37', '17:40:36', NULL, NULL, '2021-09-28', NULL),
(570, 2000, NULL, '10:47:34', NULL, NULL, NULL, '2021-09-28', NULL),
(571, 500, NULL, '10:51:12', '18:13:44', '13:23:26', '13:50:16', '2021-09-28', NULL),
(572, 1010, NULL, '11:05:59', '17:35:36', NULL, NULL, '2021-09-28', NULL),
(573, 2004, NULL, '13:09:56', '17:44:29', '13:10:20', NULL, '2021-09-28', NULL),
(574, 2001, NULL, '13:33:02', '18:25:41', '13:33:20', '13:53:38', '2021-09-28', NULL),
(575, 101, NULL, '13:33:31', '17:34:25', '13:33:46', '13:54:27', '2021-09-28', NULL),
(576, 1009, NULL, '16:28:33', '20:27:56', '19:55:36', NULL, '2021-09-28', NULL),
(577, 2013, NULL, '18:04:53', '20:04:57', '18:05:25', '18:05:38', '2021-09-28', NULL),
(578, 100, NULL, '08:37:57', NULL, '13:29:10', '13:58:16', '2021-09-29', NULL),
(579, 504, NULL, '08:38:37', NULL, '13:07:39', '13:32:26', '2021-09-29', NULL),
(580, 1002, NULL, '08:52:41', '17:28:44', '13:40:39', '14:03:30', '2021-09-29', NULL),
(581, 1007, NULL, '08:52:50', '17:57:33', NULL, NULL, '2021-09-29', NULL),
(582, 101, NULL, '09:02:52', '17:42:51', '13:39:24', '13:57:03', '2021-09-29', NULL),
(583, 1000, NULL, '09:03:05', '17:59:19', '13:08:12', '13:41:13', '2021-09-29', NULL),
(584, 102, NULL, '09:03:13', '17:27:41', '13:27:23', '13:49:54', '2021-09-29', NULL),
(585, 1003, NULL, '09:03:34', NULL, '13:02:47', NULL, '2021-09-29', NULL),
(586, 2002, NULL, '09:03:57', NULL, '13:26:49', '13:47:30', '2021-09-29', NULL),
(587, 1006, NULL, '09:04:52', NULL, NULL, NULL, '2021-09-29', NULL),
(588, 2004, NULL, '09:05:08', '17:31:39', '13:08:55', '13:54:43', '2021-09-29', NULL),
(589, 1001, NULL, '09:07:59', NULL, '13:01:14', '13:35:08', '2021-09-29', NULL),
(590, 2006, NULL, '09:14:05', '17:27:53', '13:36:16', '13:56:52', '2021-09-29', NULL),
(591, 2003, NULL, '09:14:33', '17:32:00', '13:09:15', '13:37:12', '2021-09-29', NULL),
(592, 2008, NULL, '09:22:19', '17:31:52', NULL, NULL, '2021-09-29', NULL),
(593, 1008, NULL, '09:22:55', '18:59:14', NULL, NULL, '2021-09-29', NULL),
(594, 2012, NULL, '09:26:17', '17:29:12', '13:17:57', '13:40:19', '2021-09-29', NULL),
(595, 2009, NULL, '09:26:41', NULL, NULL, NULL, '2021-09-29', NULL),
(596, 2001, NULL, '09:32:03', '17:41:51', '13:40:58', '14:03:13', '2021-09-29', NULL),
(597, 2010, NULL, '09:59:02', NULL, NULL, NULL, '2021-09-29', NULL),
(598, 2007, NULL, '10:06:21', '17:34:19', NULL, NULL, '2021-09-29', NULL),
(599, 502, NULL, '10:11:42', '18:21:30', '13:17:31', '13:34:48', '2021-09-29', NULL),
(600, 1010, NULL, '10:38:45', NULL, NULL, NULL, '2021-09-29', NULL),
(601, 200, NULL, '10:41:12', '18:22:23', '13:08:34', '13:54:56', '2021-09-29', NULL),
(602, 2013, NULL, '10:52:59', '17:48:47', NULL, NULL, '2021-09-29', NULL),
(603, 1009, NULL, '17:34:38', NULL, NULL, NULL, '2021-09-29', NULL),
(604, 100, NULL, '08:38:36', '17:01:52', NULL, NULL, '2021-09-30', NULL),
(605, 504, NULL, '08:41:00', '17:02:01', '13:07:36', '13:27:03', '2021-09-30', NULL),
(606, 1003, NULL, '08:51:19', '17:05:38', '13:02:29', '13:24:55', '2021-09-30', NULL),
(607, 1002, NULL, '08:53:16', '17:47:36', '13:39:12', '13:58:24', '2021-09-30', NULL),
(608, 1000, NULL, '08:54:40', '17:09:43', NULL, NULL, '2021-09-30', NULL),
(609, 1007, NULL, '08:55:17', '17:05:27', NULL, NULL, '2021-09-30', NULL),
(610, 2002, NULL, '08:55:42', '17:08:00', NULL, NULL, '2021-09-30', NULL),
(611, 1008, NULL, '08:59:01', '08:59:21', NULL, NULL, '2021-09-30', NULL),
(612, 101, NULL, '09:03:32', '17:32:42', '13:38:19', '13:54:12', '2021-09-30', NULL),
(613, 1001, NULL, '09:04:24', '17:04:26', '13:01:43', '13:28:03', '2021-09-30', NULL),
(614, 102, NULL, '09:04:37', '17:25:49', NULL, NULL, '2021-09-30', NULL),
(615, 1006, NULL, '09:05:26', '17:04:14', NULL, NULL, '2021-09-30', NULL),
(616, 2006, NULL, '09:13:28', '17:07:44', '13:34:33', '13:53:53', '2021-09-30', NULL),
(617, 2009, NULL, '09:17:22', NULL, NULL, NULL, '2021-09-30', NULL),
(618, 2003, NULL, '09:22:41', '17:02:51', '13:04:37', '13:26:46', '2021-09-30', NULL),
(619, 2001, NULL, '09:24:34', '17:07:37', '13:54:38', '13:54:53', '2021-09-30', NULL),
(620, 2008, NULL, '09:35:15', '17:01:32', NULL, NULL, '2021-09-30', NULL),
(621, 2012, NULL, '09:35:30', '17:03:32', '13:08:10', '13:24:35', '2021-09-30', NULL),
(622, 2010, NULL, '09:50:45', NULL, '13:08:22', '13:27:33', '2021-09-30', NULL),
(623, 200, NULL, '09:53:09', '17:49:21', '13:12:19', '13:37:57', '2021-09-30', NULL),
(624, 500, NULL, '09:55:15', '18:03:39', '13:21:07', '13:44:22', '2021-09-30', NULL),
(625, 2004, NULL, '09:59:59', '17:02:41', '13:24:20', '13:50:58', '2021-09-30', NULL),
(626, 2000, NULL, '10:02:35', NULL, '13:04:54', '13:45:04', '2021-09-30', NULL),
(627, 503, NULL, '10:03:57', '18:05:05', '13:07:59', '13:40:04', '2021-09-30', NULL),
(628, 502, NULL, '10:10:10', '18:07:01', '13:12:37', '13:39:36', '2021-09-30', NULL),
(629, 2007, NULL, '10:36:02', '17:03:53', NULL, NULL, '2021-09-30', NULL),
(630, 1010, NULL, '11:00:44', NULL, NULL, NULL, '2021-09-30', NULL),
(631, 2013, NULL, '11:07:22', '21:07:47', NULL, NULL, '2021-09-30', NULL),
(632, 1009, NULL, '16:32:10', NULL, NULL, NULL, '2021-09-30', NULL),
(633, 1000, NULL, '08:55:00', '18:48:14', '12:56:46', '13:49:37', '2021-10-01', NULL),
(634, 504, NULL, '08:55:11', '17:02:53', NULL, NULL, '2021-10-01', NULL),
(635, 2002, NULL, '08:55:36', '17:04:02', '13:49:05', '13:49:27', '2021-10-01', NULL),
(636, 1007, NULL, '08:55:48', NULL, NULL, NULL, '2021-10-01', NULL),
(637, 100, NULL, '08:56:43', '17:01:46', '08:56:47', '12:59:59', '2021-10-01', NULL),
(638, 1003, NULL, '08:58:17', '17:02:14', '14:23:38', '14:23:48', '2021-10-01', NULL),
(639, 1008, NULL, '09:05:35', '17:00:50', NULL, NULL, '2021-10-01', NULL),
(640, 2012, NULL, '09:06:18', '16:07:19', NULL, NULL, '2021-10-01', NULL),
(641, 1001, NULL, '09:12:06', '17:08:39', '13:01:27', '14:32:10', '2021-10-01', NULL),
(642, 1006, NULL, '09:12:17', '17:37:29', NULL, NULL, '2021-10-01', NULL),
(643, 2006, NULL, '09:13:01', '17:31:00', '12:59:35', '14:41:32', '2021-10-01', NULL),
(644, 102, NULL, '09:14:26', '17:24:22', '13:00:57', '13:55:23', '2021-10-01', NULL),
(645, 101, NULL, '09:32:27', NULL, '14:06:12', '17:05:26', '2021-10-01', NULL),
(646, 1002, NULL, '09:35:41', '17:35:57', '14:06:55', '14:34:15', '2021-10-01', NULL),
(647, 2001, NULL, '09:39:45', '17:40:12', '14:06:28', '14:33:00', '2021-10-01', NULL),
(648, 2003, NULL, '09:43:29', '17:02:40', NULL, NULL, '2021-10-01', NULL),
(649, 200, NULL, '10:12:55', '18:32:36', '13:00:19', '13:55:49', '2021-10-01', NULL),
(650, 502, NULL, '10:13:13', '18:32:46', '13:36:45', '14:33:54', '2021-10-01', NULL),
(651, 2004, NULL, '10:31:30', NULL, '12:59:47', '14:39:55', '2021-10-01', NULL),
(652, 2010, NULL, '10:32:34', '17:03:36', '13:02:49', '16:59:18', '2021-10-01', NULL),
(653, 1010, NULL, '11:13:20', NULL, NULL, NULL, '2021-10-01', NULL),
(654, 2013, NULL, '11:30:58', '20:08:41', NULL, NULL, '2021-10-01', NULL),
(655, 1009, NULL, '14:38:07', NULL, NULL, NULL, '2021-10-01', NULL),
(656, 100, NULL, '08:45:29', '13:03:05', NULL, NULL, '2021-10-02', NULL),
(657, 504, NULL, '08:45:46', '13:05:51', NULL, NULL, '2021-10-02', NULL),
(658, 2009, NULL, '08:47:29', NULL, NULL, NULL, '2021-10-02', NULL),
(659, 1000, NULL, '08:57:16', '13:07:43', NULL, NULL, '2021-10-02', NULL),
(660, 1008, NULL, '08:57:39', '19:26:15', '13:32:38', '15:17:54', '2021-10-02', NULL),
(661, 102, NULL, '08:58:11', '13:04:25', NULL, NULL, '2021-10-02', NULL),
(662, 2002, NULL, '08:58:50', '13:06:22', NULL, NULL, '2021-10-02', NULL),
(663, 1006, NULL, '08:59:07', '13:47:36', NULL, NULL, '2021-10-02', NULL),
(664, 101, NULL, '09:05:12', '14:05:55', NULL, NULL, '2021-10-02', NULL),
(665, 2006, NULL, '09:10:18', '13:54:16', NULL, NULL, '2021-10-02', NULL),
(666, 2008, NULL, '09:10:56', '13:24:45', NULL, NULL, '2021-10-02', NULL),
(667, 2012, NULL, '09:11:06', NULL, NULL, NULL, '2021-10-02', NULL),
(668, 1002, NULL, '09:12:17', '14:13:09', NULL, NULL, '2021-10-02', NULL),
(669, 2003, NULL, '09:14:06', '13:07:22', NULL, NULL, '2021-10-02', NULL),
(670, 2007, NULL, '09:14:19', '13:39:03', NULL, NULL, '2021-10-02', NULL),
(671, 2001, NULL, '09:19:42', '14:10:20', NULL, NULL, '2021-10-02', NULL),
(672, 1001, NULL, '09:19:53', '13:04:44', NULL, NULL, '2021-10-02', NULL),
(673, 1003, NULL, '09:21:36', '13:06:44', NULL, NULL, '2021-10-02', NULL),
(674, 2010, NULL, '09:51:02', NULL, NULL, NULL, '2021-10-02', NULL),
(675, 200, NULL, '10:09:52', '14:14:34', NULL, NULL, '2021-10-02', NULL),
(676, 2000, NULL, '10:15:12', '20:14:06', NULL, NULL, '2021-10-02', NULL),
(677, 2004, NULL, '10:15:48', NULL, NULL, NULL, '2021-10-02', NULL),
(678, 502, NULL, '10:20:33', '14:17:49', NULL, NULL, '2021-10-02', NULL),
(679, 1010, NULL, '11:01:15', '14:47:11', NULL, NULL, '2021-10-02', NULL),
(680, 2013, NULL, '11:25:09', '15:23:03', NULL, NULL, '2021-10-02', NULL),
(681, 1004, NULL, '12:40:15', NULL, NULL, NULL, '2021-10-02', NULL),
(682, 1009, NULL, '16:12:37', '20:43:47', NULL, NULL, '2021-10-02', NULL),
(683, 2002, NULL, '09:53:08', '17:16:27', NULL, NULL, '2021-10-04', NULL),
(684, 504, NULL, '09:53:22', '17:05:48', '13:05:17', '13:25:18', '2021-10-04', NULL),
(685, 500, NULL, '09:54:22', '18:07:22', '13:18:12', '13:35:26', '2021-10-04', NULL),
(686, 2010, NULL, '10:00:58', '17:03:51', '13:08:09', '13:26:15', '2021-10-04', NULL),
(687, 502, NULL, '10:10:59', '18:37:46', '13:20:38', '13:37:10', '2021-10-04', NULL),
(688, 503, NULL, '10:11:26', '18:03:29', '13:15:00', '14:05:31', '2021-10-04', NULL),
(689, 2000, NULL, '10:13:43', NULL, NULL, NULL, '2021-10-04', NULL),
(690, 200, NULL, '10:39:16', '18:55:37', '13:23:14', '13:37:35', '2021-10-04', NULL),
(691, 2013, NULL, '10:56:04', '19:20:45', '13:45:46', '14:04:47', '2021-10-04', NULL),
(692, 1010, NULL, '10:56:17', '19:54:54', NULL, NULL, '2021-10-04', NULL),
(693, 1011, NULL, '11:27:35', '20:42:59', NULL, NULL, '2021-10-04', NULL),
(694, 2009, NULL, '13:02:30', '16:55:42', '13:02:44', '13:35:14', '2021-10-04', NULL),
(695, 1001, NULL, '13:03:15', '17:13:27', '13:03:29', '13:30:38', '2021-10-04', NULL),
(696, 2003, NULL, '13:14:24', '17:08:01', '13:14:39', '13:27:59', '2021-10-04', NULL),
(697, 1000, NULL, '13:19:18', '18:26:22', '13:50:52', '13:52:19', '2021-10-04', NULL),
(698, 102, NULL, '13:25:47', '17:12:57', '13:49:46', '13:50:25', '2021-10-04', NULL),
(699, 2004, NULL, '13:31:35', NULL, '13:32:02', NULL, '2021-10-04', NULL),
(700, 1003, NULL, '13:32:11', '17:20:29', '13:32:24', '13:32:37', '2021-10-04', NULL),
(701, 101, NULL, '13:33:50', '18:05:43', '13:34:09', '13:51:52', '2021-10-04', NULL),
(702, 1002, NULL, '13:39:57', '18:16:10', '13:40:11', '14:05:14', '2021-10-04', NULL),
(703, 2001, NULL, '13:44:12', '18:12:05', '13:44:38', '14:05:03', '2021-10-04', NULL),
(704, 100, NULL, '13:51:03', '17:42:43', '13:52:54', '13:54:15', '2021-10-04', NULL),
(705, 1008, NULL, '14:11:17', '19:29:50', '14:11:36', '15:12:10', '2021-10-04', NULL);
INSERT INTO `emp_attendance` (`id`, `emp_id`, `status`, `time_in`, `time_out`, `break_in`, `break_out`, `emp_date`, `leave_ref`) VALUES
(706, 1004, NULL, '15:08:49', '19:07:32', NULL, NULL, '2021-10-04', NULL),
(707, 1009, NULL, '15:55:21', '20:41:10', NULL, NULL, '2021-10-04', NULL),
(708, 1007, NULL, '17:07:31', '17:07:46', NULL, NULL, '2021-10-04', NULL),
(709, 505, NULL, '00:00:00', '00:00:00', '00:00:00', '00:00:00', '2021-10-04', NULL),
(710, 100, NULL, '08:44:25', '17:39:57', '13:46:18', '14:05:31', '2021-10-05', NULL),
(711, 504, NULL, '08:45:00', '17:24:21', '13:02:11', '13:22:12', '2021-10-05', NULL),
(712, 101, NULL, '08:58:58', '17:15:07', '13:31:02', '13:49:07', '2021-10-05', NULL),
(713, 1007, NULL, '08:59:15', '17:05:25', NULL, NULL, '2021-10-05', NULL),
(714, 1001, NULL, '09:02:07', '17:09:58', '13:02:33', '13:25:05', '2021-10-05', NULL),
(715, 1000, NULL, '09:02:22', '17:15:22', '13:18:41', '13:35:18', '2021-10-05', NULL),
(716, 2009, NULL, '09:02:48', '17:10:13', '13:01:55', '13:28:29', '2021-10-05', NULL),
(717, 1008, NULL, '09:02:58', '20:43:57', '13:31:10', '14:03:27', '2021-10-05', NULL),
(718, 2004, NULL, '09:03:12', '17:52:26', NULL, NULL, '2021-10-05', NULL),
(719, 1006, NULL, '09:07:32', '17:41:05', NULL, NULL, '2021-10-05', NULL),
(720, 2006, NULL, '09:08:44', '17:52:38', '13:34:19', '13:58:36', '2021-10-05', NULL),
(721, 1002, NULL, '09:09:42', '17:23:49', '13:32:42', '13:59:40', '2021-10-05', NULL),
(722, 2008, NULL, '09:15:20', '17:01:08', NULL, NULL, '2021-10-05', NULL),
(723, 2012, NULL, '09:15:32', NULL, '13:23:31', '13:40:13', '2021-10-05', NULL),
(724, 2003, NULL, '09:16:45', '17:12:52', '13:08:27', '13:32:21', '2021-10-05', NULL),
(725, 1003, NULL, '09:17:49', '17:12:28', '13:03:33', NULL, '2021-10-05', NULL),
(726, 2001, NULL, '09:25:00', '18:08:08', '13:32:09', '13:59:50', '2021-10-05', NULL),
(727, 102, NULL, '09:29:16', '17:12:07', '13:27:10', '13:48:26', '2021-10-05', NULL),
(728, 2002, NULL, '09:30:00', '17:12:40', '13:02:23', '14:06:05', '2021-10-05', NULL),
(729, 2010, NULL, '09:49:07', '17:49:36', '13:06:46', '13:31:38', '2021-10-05', NULL),
(730, 500, NULL, '09:59:05', '18:11:49', '13:18:53', '13:36:56', '2021-10-05', NULL),
(731, 200, NULL, '10:00:12', '18:29:51', '13:26:54', '13:46:33', '2021-10-05', NULL),
(732, 503, NULL, '10:05:44', '18:05:35', '13:09:56', '13:34:01', '2021-10-05', NULL),
(733, 2007, NULL, '10:14:09', '17:01:31', NULL, NULL, '2021-10-05', NULL),
(734, 502, NULL, '10:00:26', '18:29:41', '13:13:09', '13:38:46', '2021-10-05', NULL),
(735, 2000, NULL, '10:53:24', '21:53:30', NULL, NULL, '2021-10-05', NULL),
(736, 1010, NULL, '10:54:58', NULL, NULL, NULL, '2021-10-05', NULL),
(737, 2013, NULL, '11:07:05', '20:37:53', '13:33:17', '13:58:14', '2021-10-05', NULL),
(738, 1004, NULL, '11:26:13', '21:53:09', NULL, NULL, '2021-10-05', NULL),
(739, 1011, NULL, '15:10:24', '21:03:52', NULL, NULL, '2021-10-05', NULL),
(740, 1009, NULL, '15:49:08', '21:58:49', NULL, NULL, '2021-10-05', NULL),
(741, 100, NULL, '08:46:10', '17:51:25', '13:25:31', '13:53:26', '2021-10-06', NULL),
(742, 504, NULL, '08:46:29', '17:02:04', '13:19:50', '13:45:34', '2021-10-06', NULL),
(743, 101, NULL, '08:51:41', '17:14:58', '13:36:03', '13:59:52', '2021-10-06', NULL),
(744, 2009, NULL, '08:56:08', '17:10:35', '13:50:30', NULL, '2021-10-06', NULL),
(745, 1006, NULL, '08:59:48', '17:12:47', NULL, NULL, '2021-10-06', NULL),
(746, 1007, NULL, '09:00:38', '17:07:02', NULL, NULL, '2021-10-06', NULL),
(747, 1003, NULL, '09:01:32', '17:16:35', '13:01:44', NULL, '2021-10-06', NULL),
(748, 2004, NULL, '09:03:23', '17:14:45', '13:25:14', '13:50:55', '2021-10-06', NULL),
(749, 1001, NULL, '09:05:21', '17:12:02', '13:03:34', '13:33:22', '2021-10-06', NULL),
(750, 102, NULL, '09:07:31', '17:14:35', '13:33:11', '13:52:22', '2021-10-06', NULL),
(751, 2006, NULL, '09:08:40', '17:27:41', '13:35:44', '13:57:31', '2021-10-06', NULL),
(752, 1000, NULL, '09:08:53', '17:31:01', '13:21:54', '13:49:39', '2021-10-06', NULL),
(753, 2002, NULL, '09:09:03', '17:11:31', NULL, NULL, '2021-10-06', NULL),
(754, 2003, NULL, '09:10:52', '17:08:46', '13:07:56', '13:35:17', '2021-10-06', NULL),
(755, 1002, NULL, '09:16:05', '17:36:26', '13:36:38', '14:01:22', '2021-10-06', NULL),
(756, 2008, NULL, '09:17:54', '17:14:16', NULL, NULL, '2021-10-06', NULL),
(757, 2012, NULL, '09:18:03', NULL, '13:01:55', '13:33:41', '2021-10-06', NULL),
(758, 1012, NULL, '09:23:31', '09:23:48', '09:23:33', NULL, '2021-10-06', NULL),
(759, 1008, NULL, '09:24:25', '17:32:12', '13:42:39', '14:18:15', '2021-10-06', NULL),
(760, 500, NULL, '09:50:25', '18:16:38', '13:49:54', '14:00:37', '2021-10-06', NULL),
(761, 2010, NULL, '09:57:09', '17:06:37', '13:01:35', '13:34:20', '2021-10-06', NULL),
(762, 502, NULL, '10:05:41', '18:35:24', '13:22:57', '13:40:54', '2021-10-06', NULL),
(763, 503, NULL, '10:11:30', '18:08:20', '13:47:34', '14:00:59', '2021-10-06', NULL),
(764, 200, NULL, '10:12:33', '18:30:31', '13:24:37', '13:52:16', '2021-10-06', NULL),
(765, 2000, NULL, '10:18:13', '21:24:40', NULL, NULL, '2021-10-06', NULL),
(766, 1010, NULL, '10:45:56', '21:24:57', NULL, NULL, '2021-10-06', NULL),
(767, 2013, NULL, '11:02:41', '18:54:09', '13:40:43', '14:00:47', '2021-10-06', NULL),
(768, 1004, NULL, '11:37:43', NULL, NULL, NULL, '2021-10-06', NULL),
(769, 1011, NULL, '12:15:12', '21:06:04', NULL, NULL, '2021-10-06', NULL),
(770, 1009, NULL, '12:32:34', '21:43:44', NULL, NULL, '2021-10-06', NULL),
(771, 506, NULL, '00:00:00', '00:00:00', '00:00:00', '00:00:00', '2021-10-06', NULL),
(772, 100, NULL, '08:41:12', NULL, NULL, NULL, '2021-10-07', NULL),
(773, 504, NULL, '08:41:33', NULL, '13:19:26', '13:33:55', '2021-10-07', NULL),
(774, 101, NULL, '08:50:54', NULL, '13:35:35', '13:50:12', '2021-10-07', NULL),
(775, 1003, NULL, '08:51:43', NULL, '13:04:47', '13:24:14', '2021-10-07', NULL),
(776, 1012, NULL, '08:56:25', '09:12:38', NULL, NULL, '2021-10-07', NULL),
(777, 2009, NULL, '08:58:41', NULL, '13:46:07', '13:46:57', '2021-10-07', NULL),
(778, 1000, NULL, '09:02:34', NULL, '13:50:31', '13:50:40', '2021-10-07', NULL),
(779, 2002, NULL, '09:03:07', NULL, NULL, NULL, '2021-10-07', NULL),
(780, 1008, NULL, '09:07:29', NULL, '09:07:33', '14:21:24', '2021-10-07', NULL),
(781, 102, NULL, '09:08:00', NULL, '13:54:18', '13:54:28', '2021-10-07', NULL),
(782, 1001, NULL, '09:09:46', NULL, '13:01:40', '13:25:28', '2021-10-07', NULL),
(783, 2003, NULL, '09:11:06', NULL, '13:05:16', '13:26:07', '2021-10-07', NULL),
(784, 1002, NULL, '09:12:05', NULL, '13:38:15', '14:00:05', '2021-10-07', NULL),
(785, 2006, NULL, '09:12:48', NULL, '13:35:16', '13:58:42', '2021-10-07', NULL),
(786, 2008, NULL, '09:14:13', NULL, '13:18:27', '13:33:46', '2021-10-07', NULL),
(787, 2012, NULL, '09:14:30', NULL, '13:05:27', '13:25:16', '2021-10-07', NULL),
(788, 2001, NULL, '09:20:10', NULL, '13:38:54', '14:00:15', '2021-10-07', NULL),
(789, 2007, NULL, '09:36:45', NULL, NULL, NULL, '2021-10-07', NULL),
(790, 2004, NULL, '09:38:05', NULL, NULL, NULL, '2021-10-07', NULL),
(791, 2000, NULL, '09:48:54', NULL, NULL, NULL, '2021-10-07', NULL),
(792, 500, NULL, '09:59:22', NULL, '13:24:58', '13:43:27', '2021-10-07', NULL),
(793, 503, NULL, '10:04:50', NULL, '13:19:38', '13:36:26', '2021-10-07', NULL),
(794, 2010, NULL, '10:05:33', NULL, '13:03:24', '13:26:16', '2021-10-07', NULL),
(795, 502, NULL, '10:14:39', NULL, '13:24:21', '13:43:20', '2021-10-07', NULL),
(796, 200, NULL, '10:18:37', NULL, '13:15:17', '13:30:07', '2021-10-07', NULL),
(797, 506, NULL, '10:35:28', NULL, '13:02:45', '13:58:55', '2021-10-07', NULL),
(798, 1010, NULL, '10:54:35', NULL, NULL, NULL, '2021-10-07', NULL),
(799, 2013, NULL, '10:59:13', NULL, '13:41:42', '13:58:14', '2021-10-07', NULL),
(800, 1011, NULL, '11:09:13', NULL, NULL, NULL, '2021-10-07', NULL),
(801, 1004, NULL, '11:12:15', NULL, NULL, NULL, '2021-10-07', NULL),
(802, 1009, NULL, '14:23:09', NULL, NULL, NULL, '2021-10-07', NULL),
(803, 500, NULL, '14:25:56', NULL, '14:55:19', NULL, '2021-10-08', NULL),
(804, 500, NULL, '14:51:14', NULL, '14:55:19', NULL, '2021-10-08', NULL),
(805, 503, 'Late', '15:35:13', NULL, NULL, NULL, '2021-10-08', NULL),
(806, 200, 'Absent', NULL, NULL, NULL, NULL, '2021-10-21', NULL),
(807, 500, 'Absent', NULL, NULL, NULL, NULL, '2021-10-21', NULL),
(808, 502, 'Absent', NULL, NULL, NULL, NULL, '2021-10-21', NULL),
(809, 503, 'Absent', NULL, NULL, NULL, NULL, '2021-10-21', NULL),
(810, 505, 'Absent', NULL, NULL, NULL, NULL, '2021-10-21', NULL),
(811, 506, 'Absent', NULL, NULL, NULL, NULL, '2021-10-21', NULL),
(812, 1000, 'Absent', NULL, NULL, NULL, NULL, '2021-10-21', NULL),
(813, 101, 'Absent', NULL, NULL, NULL, NULL, '2021-10-21', NULL),
(814, 102, 'Absent', NULL, NULL, NULL, NULL, '2021-10-21', NULL),
(815, 1001, 'Absent', NULL, NULL, NULL, NULL, '2021-10-21', NULL),
(816, 1002, 'Absent', NULL, NULL, NULL, NULL, '2021-10-21', NULL),
(817, 1003, 'Absent', NULL, NULL, NULL, NULL, '2021-10-21', NULL),
(818, 1004, 'Absent', NULL, NULL, NULL, NULL, '2021-10-21', NULL),
(819, 1005, 'Absent', NULL, NULL, NULL, NULL, '2021-10-21', NULL),
(820, 1006, 'Absent', NULL, NULL, NULL, NULL, '2021-10-21', NULL),
(821, 2000, 'Absent', NULL, NULL, NULL, NULL, '2021-10-21', NULL),
(822, 2001, 'Absent', NULL, NULL, NULL, NULL, '2021-10-21', NULL),
(823, 2002, 'Absent', NULL, NULL, NULL, NULL, '2021-10-21', NULL),
(824, 2003, 'Absent', NULL, NULL, NULL, NULL, '2021-10-21', NULL),
(825, 2004, 'Absent', NULL, NULL, NULL, NULL, '2021-10-21', NULL),
(826, 2005, 'Absent', NULL, NULL, NULL, NULL, '2021-10-21', NULL),
(827, 2006, 'Absent', NULL, NULL, NULL, NULL, '2021-10-21', NULL),
(828, 2008, 'Absent', NULL, NULL, NULL, NULL, '2021-10-21', NULL),
(829, 100, 'Absent', NULL, NULL, NULL, NULL, '2021-10-21', NULL),
(830, 504, 'Absent', NULL, NULL, NULL, NULL, '2021-10-21', NULL),
(831, 1007, 'Absent', NULL, NULL, NULL, NULL, '2021-10-21', NULL),
(832, 1008, 'Absent', NULL, NULL, NULL, NULL, '2021-10-21', NULL),
(833, 1009, 'Absent', NULL, NULL, NULL, NULL, '2021-10-21', NULL),
(834, 1010, 'Absent', NULL, NULL, NULL, NULL, '2021-10-21', NULL),
(835, 1011, 'Absent', NULL, NULL, NULL, NULL, '2021-10-21', NULL),
(836, 1012, 'Absent', NULL, NULL, NULL, NULL, '2021-10-21', NULL),
(837, 2007, 'Absent', NULL, NULL, NULL, NULL, '2021-10-21', NULL),
(838, 2009, 'Absent', NULL, NULL, NULL, NULL, '2021-10-21', NULL),
(839, 2010, 'Absent', NULL, NULL, NULL, NULL, '2021-10-21', NULL),
(840, 2011, 'Absent', NULL, NULL, NULL, NULL, '2021-10-21', NULL),
(841, 2012, 'Absent', NULL, NULL, NULL, NULL, '2021-10-21', NULL),
(842, 2013, 'Absent', NULL, NULL, NULL, NULL, '2021-10-21', NULL),
(843, 2014, 'Absent', NULL, NULL, NULL, NULL, '2021-10-21', NULL),
(844, 200, 'Absent', NULL, NULL, NULL, NULL, '2021-10-25', NULL),
(845, 500, 'Absent', NULL, NULL, NULL, NULL, '2021-10-25', NULL),
(846, 502, 'Absent', NULL, NULL, NULL, NULL, '2021-10-25', NULL),
(847, 503, 'Absent', NULL, NULL, NULL, NULL, '2021-10-25', NULL),
(848, 505, 'Absent', NULL, NULL, NULL, NULL, '2021-10-25', NULL),
(849, 506, 'Absent', NULL, NULL, NULL, NULL, '2021-10-25', NULL),
(850, 1000, 'Absent', NULL, NULL, NULL, NULL, '2021-10-25', NULL),
(851, 101, 'Absent', NULL, NULL, NULL, NULL, '2021-10-25', NULL),
(852, 102, 'Absent', NULL, NULL, NULL, NULL, '2021-10-25', NULL),
(853, 1001, 'Absent', NULL, NULL, NULL, NULL, '2021-10-25', NULL),
(854, 1002, 'Absent', NULL, NULL, NULL, NULL, '2021-10-25', NULL),
(855, 1003, 'Absent', NULL, NULL, NULL, NULL, '2021-10-25', NULL),
(856, 1004, 'Absent', NULL, NULL, NULL, NULL, '2021-10-25', NULL),
(857, 1005, 'Absent', NULL, NULL, NULL, NULL, '2021-10-25', NULL),
(858, 1006, 'Absent', NULL, NULL, NULL, NULL, '2021-10-25', NULL),
(859, 2000, 'Absent', NULL, NULL, NULL, NULL, '2021-10-25', NULL),
(860, 2001, 'Absent', NULL, NULL, NULL, NULL, '2021-10-25', NULL),
(861, 2002, 'Absent', NULL, NULL, NULL, NULL, '2021-10-25', NULL),
(862, 2003, 'Absent', NULL, NULL, NULL, NULL, '2021-10-25', NULL),
(863, 2002, 'Absent', NULL, NULL, NULL, NULL, '2021-10-25', NULL),
(864, 2004, 'Absent', NULL, NULL, NULL, NULL, '2021-10-25', NULL),
(865, 2003, 'Absent', NULL, NULL, NULL, NULL, '2021-10-25', NULL),
(866, 2005, 'Absent', NULL, NULL, NULL, NULL, '2021-10-25', NULL),
(867, 2004, 'Absent', NULL, NULL, NULL, NULL, '2021-10-25', NULL),
(868, 2006, 'Absent', NULL, NULL, NULL, NULL, '2021-10-25', NULL),
(869, 2005, 'Absent', NULL, NULL, NULL, NULL, '2021-10-25', NULL),
(870, 2008, 'Absent', NULL, NULL, NULL, NULL, '2021-10-25', NULL),
(871, 2006, 'Absent', NULL, NULL, NULL, NULL, '2021-10-25', NULL),
(872, 100, 'Absent', NULL, NULL, NULL, NULL, '2021-10-25', NULL),
(873, 2008, 'Absent', NULL, NULL, NULL, NULL, '2021-10-25', NULL),
(874, 504, 'Absent', NULL, NULL, NULL, NULL, '2021-10-25', NULL),
(875, 100, 'Absent', NULL, NULL, NULL, NULL, '2021-10-25', NULL),
(876, 1007, 'Absent', NULL, NULL, NULL, NULL, '2021-10-25', NULL),
(877, 504, 'Absent', NULL, NULL, NULL, NULL, '2021-10-25', NULL),
(878, 1008, 'Absent', NULL, NULL, NULL, NULL, '2021-10-25', NULL),
(879, 1007, 'Absent', NULL, NULL, NULL, NULL, '2021-10-25', NULL),
(880, 1009, 'Absent', NULL, NULL, NULL, NULL, '2021-10-25', NULL),
(881, 1008, 'Absent', NULL, NULL, NULL, NULL, '2021-10-25', NULL),
(882, 1010, 'Absent', NULL, NULL, NULL, NULL, '2021-10-25', NULL),
(883, 1009, 'Absent', NULL, NULL, NULL, NULL, '2021-10-25', NULL),
(884, 1011, 'Absent', NULL, NULL, NULL, NULL, '2021-10-25', NULL),
(885, 1010, 'Absent', NULL, NULL, NULL, NULL, '2021-10-25', NULL),
(886, 1012, 'Absent', NULL, NULL, NULL, NULL, '2021-10-25', NULL),
(887, 1011, 'Absent', NULL, NULL, NULL, NULL, '2021-10-25', NULL),
(888, 2007, 'Absent', NULL, NULL, NULL, NULL, '2021-10-25', NULL),
(889, 1012, 'Absent', NULL, NULL, NULL, NULL, '2021-10-25', NULL),
(890, 2009, 'Absent', NULL, NULL, NULL, NULL, '2021-10-25', NULL),
(891, 2007, 'Absent', NULL, NULL, NULL, NULL, '2021-10-25', NULL),
(892, 2010, 'Absent', NULL, NULL, NULL, NULL, '2021-10-25', NULL),
(893, 2009, 'Absent', NULL, NULL, NULL, NULL, '2021-10-25', NULL),
(894, 2011, 'Absent', NULL, NULL, NULL, NULL, '2021-10-25', NULL),
(895, 2010, 'Absent', NULL, NULL, NULL, NULL, '2021-10-25', NULL),
(896, 2012, 'Absent', NULL, NULL, NULL, NULL, '2021-10-25', NULL),
(897, 2011, 'Absent', NULL, NULL, NULL, NULL, '2021-10-25', NULL),
(898, 2013, 'Absent', NULL, NULL, NULL, NULL, '2021-10-25', NULL),
(899, 2012, 'Absent', NULL, NULL, NULL, NULL, '2021-10-25', NULL),
(900, 2014, 'Absent', NULL, NULL, NULL, NULL, '2021-10-25', NULL),
(901, 2013, 'Absent', NULL, NULL, NULL, NULL, '2021-10-25', NULL),
(902, 2014, 'Absent', NULL, NULL, NULL, NULL, '2021-10-25', NULL),
(903, 200, 'Absent', NULL, NULL, NULL, NULL, '2021-10-29', NULL),
(904, 500, 'Absent', NULL, NULL, NULL, NULL, '2021-10-29', NULL),
(905, 502, 'Absent', NULL, NULL, NULL, NULL, '2021-10-29', NULL),
(906, 503, 'Absent', NULL, NULL, NULL, NULL, '2021-10-29', NULL),
(907, 505, 'Absent', NULL, NULL, NULL, NULL, '2021-10-29', NULL),
(908, 506, 'Absent', NULL, NULL, NULL, NULL, '2021-10-29', NULL),
(909, 1000, 'Absent', NULL, NULL, NULL, NULL, '2021-10-29', NULL),
(910, 101, 'Absent', NULL, NULL, NULL, NULL, '2021-10-29', NULL),
(911, 102, 'Absent', NULL, NULL, NULL, NULL, '2021-10-29', NULL),
(912, 1001, 'Absent', NULL, NULL, NULL, NULL, '2021-10-29', NULL),
(913, 1002, 'Absent', NULL, NULL, NULL, NULL, '2021-10-29', NULL),
(914, 1003, 'Absent', NULL, NULL, NULL, NULL, '2021-10-29', NULL),
(915, 1004, 'Absent', NULL, NULL, NULL, NULL, '2021-10-29', NULL),
(916, 1005, 'Absent', NULL, NULL, NULL, NULL, '2021-10-29', NULL),
(917, 1006, 'Absent', NULL, NULL, NULL, NULL, '2021-10-29', NULL),
(918, 2000, 'Absent', NULL, NULL, NULL, NULL, '2021-10-29', NULL),
(919, 2001, 'Absent', NULL, NULL, NULL, NULL, '2021-10-29', NULL),
(920, 2002, 'Absent', NULL, NULL, NULL, NULL, '2021-10-29', NULL),
(921, 2003, 'Absent', NULL, NULL, NULL, NULL, '2021-10-29', NULL),
(922, 2004, 'Absent', NULL, NULL, NULL, NULL, '2021-10-29', NULL),
(923, 2005, 'Absent', NULL, NULL, NULL, NULL, '2021-10-29', NULL),
(924, 2006, 'Absent', NULL, NULL, NULL, NULL, '2021-10-29', NULL),
(925, 2008, 'Absent', NULL, NULL, NULL, NULL, '2021-10-29', NULL),
(926, 100, 'Absent', NULL, NULL, NULL, NULL, '2021-10-29', NULL),
(927, 504, 'Absent', NULL, NULL, NULL, NULL, '2021-10-29', NULL),
(928, 1007, 'Absent', NULL, NULL, NULL, NULL, '2021-10-29', NULL),
(929, 1008, 'Absent', NULL, NULL, NULL, NULL, '2021-10-29', NULL),
(930, 1009, 'Absent', NULL, NULL, NULL, NULL, '2021-10-29', NULL),
(931, 1010, 'Absent', NULL, NULL, NULL, NULL, '2021-10-29', NULL),
(932, 1011, 'Absent', NULL, NULL, NULL, NULL, '2021-10-29', NULL),
(933, 1012, 'Absent', NULL, NULL, NULL, NULL, '2021-10-29', NULL),
(934, 2007, 'Absent', NULL, NULL, NULL, NULL, '2021-10-29', NULL),
(935, 2009, 'Absent', NULL, NULL, NULL, NULL, '2021-10-29', NULL),
(936, 2010, 'Absent', NULL, NULL, NULL, NULL, '2021-10-29', NULL),
(937, 2011, 'Absent', NULL, NULL, NULL, NULL, '2021-10-29', NULL),
(938, 2012, 'Absent', NULL, NULL, NULL, NULL, '2021-10-29', NULL),
(939, 2013, 'Absent', NULL, NULL, NULL, NULL, '2021-10-29', NULL),
(940, 2014, 'Absent', NULL, NULL, NULL, NULL, '2021-10-29', NULL),
(941, 200, 'Absent', NULL, NULL, NULL, NULL, '2021-10-30', NULL),
(942, 500, 'Absent', NULL, NULL, NULL, NULL, '2021-10-30', NULL),
(943, 502, 'Absent', NULL, NULL, NULL, NULL, '2021-10-30', NULL),
(944, 503, 'Absent', NULL, NULL, NULL, NULL, '2021-10-30', NULL),
(945, 505, 'Absent', NULL, NULL, NULL, NULL, '2021-10-30', NULL),
(946, 506, 'Absent', NULL, NULL, NULL, NULL, '2021-10-30', NULL),
(947, 1000, 'Absent', NULL, NULL, NULL, NULL, '2021-10-30', NULL),
(948, 101, 'Absent', NULL, NULL, NULL, NULL, '2021-10-30', NULL),
(949, 102, 'Absent', NULL, NULL, NULL, NULL, '2021-10-30', NULL),
(950, 1001, 'Absent', NULL, NULL, NULL, NULL, '2021-10-30', NULL),
(951, 1002, 'Absent', NULL, NULL, NULL, NULL, '2021-10-30', NULL),
(952, 1003, 'Absent', NULL, NULL, NULL, NULL, '2021-10-30', NULL),
(953, 1004, 'Absent', NULL, NULL, NULL, NULL, '2021-10-30', NULL),
(954, 1005, 'Absent', NULL, NULL, NULL, NULL, '2021-10-30', NULL),
(955, 1006, 'Absent', NULL, NULL, NULL, NULL, '2021-10-30', NULL),
(956, 2000, 'Absent', NULL, NULL, NULL, NULL, '2021-10-30', NULL),
(957, 2001, 'Absent', NULL, NULL, NULL, NULL, '2021-10-30', NULL),
(958, 2002, 'Absent', NULL, NULL, NULL, NULL, '2021-10-30', NULL),
(959, 2003, 'Absent', NULL, NULL, NULL, NULL, '2021-10-30', NULL),
(960, 2004, 'Absent', NULL, NULL, NULL, NULL, '2021-10-30', NULL),
(961, 2005, 'Absent', NULL, NULL, NULL, NULL, '2021-10-30', NULL),
(962, 2006, 'Absent', NULL, NULL, NULL, NULL, '2021-10-30', NULL),
(963, 2008, 'Absent', NULL, NULL, NULL, NULL, '2021-10-30', NULL),
(964, 100, 'Absent', NULL, NULL, NULL, NULL, '2021-10-30', NULL),
(965, 504, 'Absent', NULL, NULL, NULL, NULL, '2021-10-30', NULL),
(966, 1007, 'Absent', NULL, NULL, NULL, NULL, '2021-10-30', NULL),
(967, 1008, 'Absent', NULL, NULL, NULL, NULL, '2021-10-30', NULL),
(968, 1009, 'Absent', NULL, NULL, NULL, NULL, '2021-10-30', NULL),
(969, 1010, 'Absent', NULL, NULL, NULL, NULL, '2021-10-30', NULL),
(970, 1011, 'Absent', NULL, NULL, NULL, NULL, '2021-10-30', NULL),
(971, 1012, 'Absent', NULL, NULL, NULL, NULL, '2021-10-30', NULL),
(972, 1012, 'Absent', NULL, NULL, NULL, NULL, '2021-10-30', NULL),
(973, 2007, 'Absent', NULL, NULL, NULL, NULL, '2021-10-30', NULL),
(974, 2007, 'Absent', NULL, NULL, NULL, NULL, '2021-10-30', NULL),
(975, 2009, 'Absent', NULL, NULL, NULL, NULL, '2021-10-30', NULL),
(976, 2009, 'Absent', NULL, NULL, NULL, NULL, '2021-10-30', NULL),
(977, 2010, 'Absent', NULL, NULL, NULL, NULL, '2021-10-30', NULL),
(978, 2010, 'Absent', NULL, NULL, NULL, NULL, '2021-10-30', NULL),
(979, 2011, 'Absent', NULL, NULL, NULL, NULL, '2021-10-30', NULL),
(980, 2011, 'Absent', NULL, NULL, NULL, NULL, '2021-10-30', NULL),
(981, 2012, 'Absent', NULL, NULL, NULL, NULL, '2021-10-30', NULL),
(982, 2012, 'Absent', NULL, NULL, NULL, NULL, '2021-10-30', NULL),
(983, 2013, 'Absent', NULL, NULL, NULL, NULL, '2021-10-30', NULL),
(984, 2013, 'Absent', NULL, NULL, NULL, NULL, '2021-10-30', NULL),
(985, 2014, 'Absent', NULL, NULL, NULL, NULL, '2021-10-30', NULL),
(986, 2014, 'Absent', NULL, NULL, NULL, NULL, '2021-10-30', NULL),
(987, 200, 'OFF', NULL, NULL, NULL, NULL, '2021-10-31', NULL),
(988, 500, 'OFF', NULL, NULL, NULL, NULL, '2021-10-31', NULL),
(989, 502, 'OFF', NULL, NULL, NULL, NULL, '2021-10-31', NULL),
(990, 503, 'OFF', NULL, NULL, NULL, NULL, '2021-10-31', NULL),
(991, 505, 'OFF', NULL, NULL, NULL, NULL, '2021-10-31', NULL),
(992, 506, 'OFF', NULL, NULL, NULL, NULL, '2021-10-31', NULL),
(993, 1000, 'OFF', NULL, NULL, NULL, NULL, '2021-10-31', NULL),
(994, 101, 'OFF', NULL, NULL, NULL, NULL, '2021-10-31', NULL),
(995, 102, 'OFF', NULL, NULL, NULL, NULL, '2021-10-31', NULL),
(996, 1001, 'OFF', NULL, NULL, NULL, NULL, '2021-10-31', NULL),
(997, 1002, 'OFF', NULL, NULL, NULL, NULL, '2021-10-31', NULL),
(998, 1003, 'OFF', NULL, NULL, NULL, NULL, '2021-10-31', NULL),
(999, 1004, 'OFF', NULL, NULL, NULL, NULL, '2021-10-31', NULL),
(1000, 1005, 'OFF', NULL, NULL, NULL, NULL, '2021-10-31', NULL),
(1001, 1006, 'OFF', NULL, NULL, NULL, NULL, '2021-10-31', NULL),
(1002, 2000, 'OFF', NULL, NULL, NULL, NULL, '2021-10-31', NULL),
(1003, 2001, 'OFF', NULL, NULL, NULL, NULL, '2021-10-31', NULL),
(1004, 2002, 'OFF', NULL, NULL, NULL, NULL, '2021-10-31', NULL),
(1005, 2003, 'OFF', NULL, NULL, NULL, NULL, '2021-10-31', NULL),
(1006, 2004, 'OFF', NULL, NULL, NULL, NULL, '2021-10-31', NULL),
(1007, 2005, 'OFF', NULL, NULL, NULL, NULL, '2021-10-31', NULL),
(1008, 2006, 'OFF', NULL, NULL, NULL, NULL, '2021-10-31', NULL),
(1009, 2008, 'OFF', NULL, NULL, NULL, NULL, '2021-10-31', NULL),
(1010, 100, 'OFF', NULL, NULL, NULL, NULL, '2021-10-31', NULL),
(1011, 504, 'OFF', NULL, NULL, NULL, NULL, '2021-10-31', NULL),
(1012, 1007, 'OFF', NULL, NULL, NULL, NULL, '2021-10-31', NULL),
(1013, 1008, 'OFF', NULL, NULL, NULL, NULL, '2021-10-31', NULL),
(1014, 1009, 'OFF', NULL, NULL, NULL, NULL, '2021-10-31', NULL),
(1015, 1010, 'OFF', NULL, NULL, NULL, NULL, '2021-10-31', NULL),
(1016, 1011, 'OFF', NULL, NULL, NULL, NULL, '2021-10-31', NULL),
(1017, 1012, 'OFF', NULL, NULL, NULL, NULL, '2021-10-31', NULL),
(1018, 2007, 'OFF', NULL, NULL, NULL, NULL, '2021-10-31', NULL),
(1019, 2009, 'OFF', NULL, NULL, NULL, NULL, '2021-10-31', NULL),
(1020, 2010, 'OFF', NULL, NULL, NULL, NULL, '2021-10-31', NULL),
(1021, 2011, 'OFF', NULL, NULL, NULL, NULL, '2021-10-31', NULL),
(1022, 2012, 'OFF', NULL, NULL, NULL, NULL, '2021-10-31', NULL),
(1023, 2013, 'OFF', NULL, NULL, NULL, NULL, '2021-10-31', NULL),
(1024, 2014, 'OFF', NULL, NULL, NULL, NULL, '2021-10-31', NULL),
(1025, 200, 'Absent', NULL, NULL, NULL, NULL, '2021-11-01', NULL),
(1026, 500, 'Absent', NULL, NULL, NULL, NULL, '2021-11-01', NULL),
(1027, 502, 'Absent', NULL, NULL, NULL, NULL, '2021-11-01', NULL),
(1028, 503, 'Absent', NULL, NULL, NULL, NULL, '2021-11-01', NULL),
(1029, 505, 'Absent', NULL, NULL, NULL, NULL, '2021-11-01', NULL),
(1030, 506, 'Absent', NULL, NULL, NULL, NULL, '2021-11-01', NULL),
(1031, 1000, 'Absent', NULL, NULL, NULL, NULL, '2021-11-01', NULL),
(1032, 101, 'Absent', NULL, NULL, NULL, NULL, '2021-11-01', NULL),
(1033, 102, 'Absent', NULL, NULL, NULL, NULL, '2021-11-01', NULL),
(1034, 1001, 'Absent', NULL, NULL, NULL, NULL, '2021-11-01', NULL),
(1035, 1002, 'Absent', NULL, NULL, NULL, NULL, '2021-11-01', NULL),
(1036, 1003, 'Absent', NULL, NULL, NULL, NULL, '2021-11-01', NULL),
(1037, 1004, 'Absent', NULL, NULL, NULL, NULL, '2021-11-01', NULL),
(1038, 1005, 'Absent', NULL, NULL, NULL, NULL, '2021-11-01', NULL),
(1039, 1006, 'Absent', NULL, NULL, NULL, NULL, '2021-11-01', NULL),
(1040, 2000, 'Absent', NULL, NULL, NULL, NULL, '2021-11-01', NULL),
(1041, 2001, 'Absent', NULL, NULL, NULL, NULL, '2021-11-01', NULL),
(1042, 2002, 'Absent', NULL, NULL, NULL, NULL, '2021-11-01', NULL),
(1043, 2003, 'Absent', NULL, NULL, NULL, NULL, '2021-11-01', NULL),
(1044, 2004, 'Absent', NULL, NULL, NULL, NULL, '2021-11-01', NULL),
(1045, 2005, 'Absent', NULL, NULL, NULL, NULL, '2021-11-01', NULL),
(1046, 2006, 'Absent', NULL, NULL, NULL, NULL, '2021-11-01', NULL),
(1047, 2008, 'Absent', NULL, NULL, NULL, NULL, '2021-11-01', NULL),
(1048, 100, 'Absent', NULL, NULL, NULL, NULL, '2021-11-01', NULL),
(1049, 504, 'Absent', NULL, NULL, NULL, NULL, '2021-11-01', NULL),
(1050, 1007, 'Absent', NULL, NULL, NULL, NULL, '2021-11-01', NULL),
(1051, 1008, 'Absent', NULL, NULL, NULL, NULL, '2021-11-01', NULL),
(1052, 1009, 'Absent', NULL, NULL, NULL, NULL, '2021-11-01', NULL),
(1053, 1010, 'Absent', NULL, NULL, NULL, NULL, '2021-11-01', NULL),
(1054, 1011, 'Absent', NULL, NULL, NULL, NULL, '2021-11-01', NULL),
(1055, 1012, 'Absent', NULL, NULL, NULL, NULL, '2021-11-01', NULL),
(1056, 2007, 'Absent', NULL, NULL, NULL, NULL, '2021-11-01', NULL),
(1057, 2009, 'Absent', NULL, NULL, NULL, NULL, '2021-11-01', NULL),
(1058, 2010, 'Absent', NULL, NULL, NULL, NULL, '2021-11-01', NULL),
(1059, 2011, 'Absent', NULL, NULL, NULL, NULL, '2021-11-01', NULL),
(1060, 2012, 'Absent', NULL, NULL, NULL, NULL, '2021-11-01', NULL),
(1061, 2013, 'Absent', NULL, NULL, NULL, NULL, '2021-11-01', NULL),
(1062, 2014, 'Absent', NULL, NULL, NULL, NULL, '2021-11-01', NULL),
(1202, 503, 'leave', NULL, NULL, NULL, NULL, '2021-11-03', NULL),
(1203, 503, 'leave', NULL, NULL, NULL, NULL, '2021-11-04', NULL),
(1204, 503, 'leave', NULL, NULL, NULL, NULL, '2021-11-05', NULL),
(1205, 503, 'leave', NULL, NULL, NULL, NULL, '2021-11-06', NULL),
(1206, 502, 'leave', NULL, NULL, NULL, NULL, '2021-11-03', NULL),
(1207, 1001, 'present', NULL, NULL, NULL, NULL, '0000-00-00', NULL),
(1208, 200, 'leave', '10:00:00', '06:00:00', '13:00:00', NULL, '0000-00-00', 'short/9'),
(1209, 2000, 'present', '09:00:00', NULL, NULL, NULL, '2021-11-07', NULL),
(1210, 1004, 'present', '08:00:00', NULL, NULL, NULL, '2021-11-06', NULL),
(1211, 1004, 'leave', NULL, NULL, NULL, NULL, '2021-11-02', NULL),
(1212, 503, 'leave', NULL, NULL, NULL, NULL, '2021-11-02', NULL),
(1213, 500, 'Late', '15:04:30', NULL, NULL, NULL, '2021-11-04', NULL),
(1214, 502, 'present', '10:00:00', NULL, NULL, NULL, '2021-10-10', '1'),
(1215, 503, 'Absent', NULL, NULL, NULL, NULL, '2021-11-08', NULL),
(1216, 500, 'Absent', NULL, NULL, NULL, NULL, '2021-11-08', NULL),
(1217, 505, 'Absent', NULL, NULL, NULL, NULL, '2021-11-08', NULL),
(1218, 200, 'Absent', NULL, NULL, NULL, NULL, '2021-11-08', NULL),
(1219, 502, 'Absent', NULL, NULL, NULL, NULL, '2021-11-08', NULL),
(1220, 506, 'Absent', NULL, NULL, NULL, NULL, '2021-11-08', NULL),
(1221, 1000, 'Absent', NULL, NULL, NULL, NULL, '2021-11-08', NULL),
(1222, 101, 'Absent', NULL, NULL, NULL, NULL, '2021-11-08', NULL),
(1223, 102, 'Absent', NULL, NULL, NULL, NULL, '2021-11-08', NULL),
(1224, 1001, 'Absent', NULL, NULL, NULL, NULL, '2021-11-08', NULL),
(1225, 1004, 'Absent', NULL, NULL, NULL, NULL, '2021-11-08', NULL),
(1226, 1003, 'Absent', NULL, NULL, NULL, NULL, '2021-11-08', NULL),
(1227, 1005, 'Absent', NULL, NULL, NULL, NULL, '2021-11-08', NULL),
(1228, 1006, 'Absent', NULL, NULL, NULL, NULL, '2021-11-08', NULL),
(1229, 1002, 'Absent', NULL, NULL, NULL, NULL, '2021-11-08', NULL),
(1230, 2000, 'Absent', NULL, NULL, NULL, NULL, '2021-11-08', NULL),
(1231, 2001, 'Absent', NULL, NULL, NULL, NULL, '2021-11-08', NULL),
(1232, 2002, 'Absent', NULL, NULL, NULL, NULL, '2021-11-08', NULL),
(1233, 2004, 'Absent', NULL, NULL, NULL, NULL, '2021-11-08', NULL),
(1234, 2005, 'Absent', NULL, NULL, NULL, NULL, '2021-11-08', NULL),
(1235, 2006, 'Absent', NULL, NULL, NULL, NULL, '2021-11-08', NULL),
(1236, 100, 'Absent', NULL, NULL, NULL, NULL, '2021-11-08', NULL),
(1237, 2008, 'Absent', NULL, NULL, NULL, NULL, '2021-11-08', NULL),
(1238, 1007, 'Absent', NULL, NULL, NULL, NULL, '2021-11-08', NULL),
(1239, 504, 'Absent', NULL, NULL, NULL, NULL, '2021-11-08', NULL),
(1240, 1008, 'Absent', NULL, NULL, NULL, NULL, '2021-11-08', NULL),
(1241, 1010, 'Absent', NULL, NULL, NULL, NULL, '2021-11-08', NULL),
(1242, 1009, 'Absent', NULL, NULL, NULL, NULL, '2021-11-08', NULL),
(1243, 2003, 'Absent', NULL, NULL, NULL, NULL, '2021-11-08', NULL),
(1244, 2007, 'Absent', NULL, NULL, NULL, NULL, '2021-11-08', NULL),
(1245, 1012, 'Absent', NULL, NULL, NULL, NULL, '2021-11-08', NULL),
(1246, 2009, 'Absent', NULL, NULL, NULL, NULL, '2021-11-08', NULL),
(1247, 1011, 'Absent', NULL, NULL, NULL, NULL, '2021-11-08', NULL),
(1248, 2010, 'Absent', NULL, NULL, NULL, NULL, '2021-11-08', NULL),
(1249, 2012, 'Absent', NULL, NULL, NULL, NULL, '2021-11-08', NULL),
(1250, 2013, 'Absent', NULL, NULL, NULL, NULL, '2021-11-08', NULL),
(1251, 2014, 'Absent', NULL, NULL, NULL, NULL, '2021-11-08', NULL),
(1252, 2011, 'Absent', NULL, NULL, NULL, NULL, '2021-11-08', NULL),
(1253, 500, 'Late', '14:56:42', '15:00:21', '14:57:17', '14:57:57', '2021-11-10', NULL),
(1254, 502, 'Late', '15:00:46', '15:05:35', '15:03:55', '15:04:36', '2021-11-10', NULL),
(1255, 503, 'Late', '15:01:04', NULL, '15:01:42', '15:03:24', '2021-11-10', NULL),
(1256, 1000, 'Late', '15:07:32', NULL, '15:09:07', NULL, '2021-11-10', NULL),
(1257, 500, 'leave', NULL, NULL, NULL, NULL, '2021-11-15', 'leave/5'),
(1258, 500, 'leave', NULL, NULL, NULL, NULL, '2021-11-18', 'leave/6'),
(1259, 502, 'leave', NULL, NULL, NULL, NULL, '2021-11-28', 'leave/7'),
(1260, 502, 'leave', NULL, NULL, NULL, NULL, '2021-11-30', 'leave/8'),
(1261, 502, 'leave', NULL, NULL, NULL, NULL, '2021-12-01', 'leave/8'),
(1262, 502, 'leave', NULL, NULL, NULL, NULL, '2021-11-30', 'leave/9'),
(1263, 502, 'leave', NULL, NULL, NULL, NULL, '2021-11-26', 'leave/10'),
(1264, 502, 'leave', NULL, NULL, NULL, NULL, '2021-11-27', 'leave/10'),
(1265, 502, 'leave', NULL, NULL, NULL, NULL, '2021-11-28', 'leave/10'),
(1266, 502, 'leave', NULL, NULL, NULL, NULL, '2021-11-20', 'leave/11'),
(1267, 502, 'leave', NULL, NULL, NULL, NULL, '2021-11-21', 'leave/11'),
(1268, 502, 'leave', NULL, NULL, NULL, NULL, '2021-11-22', 'leave/11'),
(1269, 502, 'leave', NULL, NULL, NULL, NULL, '2021-11-04', 'leave/12'),
(1270, 502, 'leave', NULL, NULL, NULL, NULL, '2021-11-05', 'leave/12'),
(1271, 502, 'leave', NULL, NULL, NULL, NULL, '2021-11-06', 'leave/12'),
(1272, 502, 'leave', NULL, NULL, NULL, NULL, '2021-11-07', 'leave/12'),
(1273, 503, 'leave', NULL, NULL, NULL, NULL, '2021-11-10', 'leave/13'),
(1274, 503, 'leave', NULL, NULL, NULL, NULL, '2021-11-11', 'leave/13'),
(1275, 503, 'leave', NULL, NULL, NULL, NULL, '2021-11-12', 'leave/13'),
(1276, 503, 'leave', NULL, NULL, NULL, NULL, '2021-11-14', 'leave/13'),
(1277, 503, 'leave', NULL, NULL, NULL, NULL, '2021-11-13', 'leave/13'),
(1278, 503, 'leave', NULL, NULL, NULL, NULL, '2021-11-15', 'leave/13'),
(1279, 503, 'leave', NULL, NULL, NULL, NULL, '2021-11-16', 'leave/13'),
(1280, 503, 'leave', NULL, NULL, NULL, NULL, '2021-11-17', 'leave/13'),
(1281, 1002, 'Absent', NULL, NULL, NULL, NULL, '2021-11-17', NULL),
(1282, 200, 'Absent', NULL, NULL, NULL, NULL, '2021-11-17', NULL),
(1283, 500, 'Absent', NULL, NULL, NULL, NULL, '2021-11-17', NULL),
(1284, 502, 'Absent', NULL, NULL, NULL, NULL, '2021-11-17', NULL),
(1285, 505, 'Absent', NULL, NULL, NULL, NULL, '2021-11-17', NULL),
(1286, 506, 'Absent', NULL, NULL, NULL, NULL, '2021-11-17', NULL),
(1287, 1000, 'Absent', NULL, NULL, NULL, NULL, '2021-11-17', NULL),
(1288, 101, 'Absent', NULL, NULL, NULL, NULL, '2021-11-17', NULL),
(1289, 102, 'Absent', NULL, NULL, NULL, NULL, '2021-11-17', NULL),
(1290, 1003, 'Absent', NULL, NULL, NULL, NULL, '2021-11-17', NULL),
(1291, 1001, 'Absent', NULL, NULL, NULL, NULL, '2021-11-17', NULL),
(1292, 1004, 'Absent', NULL, NULL, NULL, NULL, '2021-11-17', NULL),
(1293, 1005, 'Absent', NULL, NULL, NULL, NULL, '2021-11-17', NULL),
(1294, 1006, 'Absent', NULL, NULL, NULL, NULL, '2021-11-17', NULL),
(1295, 2000, 'Absent', NULL, NULL, NULL, NULL, '2021-11-17', NULL),
(1296, 2001, 'Absent', NULL, NULL, NULL, NULL, '2021-11-17', NULL),
(1297, 2002, 'Absent', NULL, NULL, NULL, NULL, '2021-11-17', NULL),
(1298, 2003, 'Absent', NULL, NULL, NULL, NULL, '2021-11-17', NULL),
(1299, 2004, 'Absent', NULL, NULL, NULL, NULL, '2021-11-17', NULL),
(1300, 2005, 'Absent', NULL, NULL, NULL, NULL, '2021-11-17', NULL),
(1301, 2006, 'Absent', NULL, NULL, NULL, NULL, '2021-11-17', NULL),
(1302, 100, 'Absent', NULL, NULL, NULL, NULL, '2021-11-17', NULL),
(1303, 2008, 'Absent', NULL, NULL, NULL, NULL, '2021-11-17', NULL),
(1304, 504, 'Absent', NULL, NULL, NULL, NULL, '2021-11-17', NULL),
(1305, 1007, 'Absent', NULL, NULL, NULL, NULL, '2021-11-17', NULL),
(1306, 1008, 'Absent', NULL, NULL, NULL, NULL, '2021-11-17', NULL),
(1307, 1009, 'Absent', NULL, NULL, NULL, NULL, '2021-11-17', NULL),
(1308, 1010, 'Absent', NULL, NULL, NULL, NULL, '2021-11-17', NULL),
(1309, 1011, 'Absent', NULL, NULL, NULL, NULL, '2021-11-17', NULL),
(1310, 1012, 'Absent', NULL, NULL, NULL, NULL, '2021-11-17', NULL),
(1311, 2007, 'Absent', NULL, NULL, NULL, NULL, '2021-11-17', NULL),
(1312, 2009, 'Absent', NULL, NULL, NULL, NULL, '2021-11-17', NULL),
(1313, 2011, 'Absent', NULL, NULL, NULL, NULL, '2021-11-17', NULL),
(1314, 2010, 'Absent', NULL, NULL, NULL, NULL, '2021-11-17', NULL),
(1315, 2013, 'Absent', NULL, NULL, NULL, NULL, '2021-11-17', NULL),
(1316, 2012, 'Absent', NULL, NULL, NULL, NULL, '2021-11-17', NULL),
(1317, 2014, 'Absent', NULL, NULL, NULL, NULL, '2021-11-17', NULL),
(1318, 502, 'leave', NULL, NULL, NULL, NULL, '2021-11-24', 'leave/1'),
(1319, 503, 'leave', NULL, NULL, NULL, NULL, '2021-11-27', 'leave/2'),
(1320, 503, 'leave', NULL, NULL, NULL, NULL, '2021-11-26', 'leave/2'),
(1321, 503, 'leave', NULL, NULL, NULL, NULL, '2021-11-25', 'leave/2'),
(1322, 502, 'leave', NULL, '06:00:00', NULL, NULL, '2021-12-01', 'short/2'),
(1323, 200, 'leave', NULL, NULL, NULL, NULL, '2021-12-01', 'leave/3'),
(1324, 502, 'leave', NULL, '06:00:00', NULL, NULL, '2021-11-26', 'short/11'),
(1325, 502, 'present', '10:00:00', NULL, NULL, NULL, '2021-11-27', 'short/12'),
(1326, 502, 'leave', '10:00:00', NULL, NULL, NULL, '2021-11-25', 'short/13'),
(1328, 503, 'leave', NULL, NULL, NULL, NULL, '2021-11-27', 'leave/5'),
(1329, 101, 'Absent', NULL, NULL, NULL, NULL, '2021-12-01', NULL),
(1330, 505, 'Absent', NULL, NULL, NULL, NULL, '2021-12-01', NULL),
(1331, 500, 'Absent', NULL, NULL, NULL, NULL, '2021-12-01', NULL),
(1332, 503, 'Absent', NULL, NULL, NULL, NULL, '2021-12-01', NULL),
(1333, 1000, 'Absent', NULL, NULL, NULL, NULL, '2021-12-01', NULL),
(1334, 506, 'Absent', NULL, NULL, NULL, NULL, '2021-12-01', NULL),
(1335, 1003, 'Absent', NULL, NULL, NULL, NULL, '2021-12-01', NULL),
(1336, 102, 'Absent', NULL, NULL, NULL, NULL, '2021-12-01', NULL),
(1337, 1001, 'Absent', NULL, NULL, NULL, NULL, '2021-12-01', NULL),
(1338, 1002, 'Absent', NULL, NULL, NULL, NULL, '2021-12-01', NULL),
(1339, 1004, 'Absent', NULL, NULL, NULL, NULL, '2021-12-01', NULL),
(1340, 1005, 'Absent', NULL, NULL, NULL, NULL, '2021-12-01', NULL),
(1341, 2000, 'Absent', NULL, NULL, NULL, NULL, '2021-12-01', NULL),
(1342, 1006, 'Absent', NULL, NULL, NULL, NULL, '2021-12-01', NULL),
(1343, 2001, 'Absent', NULL, NULL, NULL, NULL, '2021-12-01', NULL),
(1344, 2002, 'Absent', NULL, NULL, NULL, NULL, '2021-12-01', NULL),
(1345, 2003, 'Absent', NULL, NULL, NULL, NULL, '2021-12-01', NULL),
(1346, 2004, 'Absent', NULL, NULL, NULL, NULL, '2021-12-01', NULL),
(1347, 2005, 'Absent', NULL, NULL, NULL, NULL, '2021-12-01', NULL),
(1348, 2006, 'Absent', NULL, NULL, NULL, NULL, '2021-12-01', NULL),
(1349, 2008, 'Absent', NULL, NULL, NULL, NULL, '2021-12-01', NULL),
(1350, 100, 'Absent', NULL, NULL, NULL, NULL, '2021-12-01', NULL),
(1351, 504, 'Absent', NULL, NULL, NULL, NULL, '2021-12-01', NULL),
(1352, 1007, 'Absent', NULL, NULL, NULL, NULL, '2021-12-01', NULL),
(1353, 1008, 'Absent', NULL, NULL, NULL, NULL, '2021-12-01', NULL),
(1354, 1009, 'Absent', NULL, NULL, NULL, NULL, '2021-12-01', NULL),
(1355, 1010, 'Absent', NULL, NULL, NULL, NULL, '2021-12-01', NULL),
(1356, 1011, 'Absent', NULL, NULL, NULL, NULL, '2021-12-01', NULL),
(1357, 1012, 'Absent', NULL, NULL, NULL, NULL, '2021-12-01', NULL),
(1358, 2007, 'Absent', NULL, NULL, NULL, NULL, '2021-12-01', NULL),
(1359, 2009, 'Absent', NULL, NULL, NULL, NULL, '2021-12-01', NULL),
(1360, 2010, 'Absent', NULL, NULL, NULL, NULL, '2021-12-01', NULL),
(1361, 2011, 'Absent', NULL, NULL, NULL, NULL, '2021-12-01', NULL),
(1362, 2012, 'Absent', NULL, NULL, NULL, NULL, '2021-12-01', NULL),
(1363, 2013, 'Absent', NULL, NULL, NULL, NULL, '2021-12-01', NULL),
(1364, 2014, 'Absent', NULL, NULL, NULL, NULL, '2021-12-01', NULL);

-- --------------------------------------------------------

--
-- Table structure for table `emp_attendance_requests`
--

CREATE TABLE `emp_attendance_requests` (
  `id` int(11) NOT NULL,
  `request_subject` varchar(255) NOT NULL,
  `request_description` mediumtext NOT NULL,
  `arrival_timing` time NOT NULL,
  `arrival_for` varchar(255) NOT NULL,
  `request_image` varchar(255) DEFAULT NULL
) ENGINE=InnoDB DEFAULT CHARSET=utf8mb4;

--
-- Dumping data for table `emp_attendance_requests`
--

INSERT INTO `emp_attendance_requests` (`id`, `request_subject`, `request_description`, `arrival_timing`, `arrival_for`, `request_image`) VALUES
(1, 'Attendance issue', 'Hsushdjdxd', '15:40:00', 'Break IN', 'Attendance_Request_11-10-2021.png'),
(2, 'sdddddd', 'sdddddddddd', '15:37:00', 'Time OUT', NULL);

-- --------------------------------------------------------

--
-- Table structure for table `emp_attendance_requests_ref`
--

CREATE TABLE `emp_attendance_requests_ref` (
  `id` int(11) NOT NULL,
  `request_id` int(11) NOT NULL,
  `requested_by` int(11) NOT NULL,
  `request_date` date NOT NULL,
  `request_time` time NOT NULL,
  `request_status` int(11) DEFAULT NULL,
  `handle_by` int(11) DEFAULT NULL,
  `a_or_d_date` date DEFAULT NULL,
  `a_or_d_time` time DEFAULT NULL,
  `updated` tinyint(1) DEFAULT NULL
) ENGINE=InnoDB DEFAULT CHARSET=utf8mb4;

--
-- Dumping data for table `emp_attendance_requests_ref`
--

INSERT INTO `emp_attendance_requests_ref` (`id`, `request_id`, `requested_by`, `request_date`, `request_time`, `request_status`, `handle_by`, `a_or_d_date`, `a_or_d_time`, `updated`) VALUES
(1, 1, 500, '2021-10-11', '15:40:45', 1, NULL, NULL, NULL, NULL),
(2, 2, 500, '2021-11-01', '15:34:29', 1, NULL, NULL, NULL, NULL);

-- --------------------------------------------------------

--
-- Table structure for table `emp_chats`
--

CREATE TABLE `emp_chats` (
  `id` int(11) NOT NULL,
  `sender_id` int(11) NOT NULL,
  `receiver_id` int(11) NOT NULL,
  `group_id` int(11) DEFAULT NULL,
  `chat_body` mediumtext DEFAULT NULL,
  `send_date` date NOT NULL,
  `send_time` time NOT NULL,
  `sender_status` varchar(255) DEFAULT NULL,
  `read_date` date DEFAULT NULL,
  `read_time` time DEFAULT NULL,
  `receiver_status` varchar(255) DEFAULT NULL,
  `read_status` varchar(255) DEFAULT NULL
) ENGINE=InnoDB DEFAULT CHARSET=utf8mb4;

--
-- Dumping data for table `emp_chats`
--

INSERT INTO `emp_chats` (`id`, `sender_id`, `receiver_id`, `group_id`, `chat_body`, `send_date`, `send_time`, `sender_status`, `read_date`, `read_time`, `receiver_status`, `read_status`) VALUES
(1, 503, 500, NULL, '2aca7efbd3343d0932d9123aa52ff78c989eae08a031f5a7241d3b9776d47803053b658a95702202919c11ff0fbe08f7YUVYKHxeLu10yHs2aGFE5w==', '2021-11-10', '14:48:04', 'Sent', '2021-11-10', '15:29:21', NULL, 'Read'),
(2, 503, 500, NULL, 'b8b2ba133a9e01e4ada93e7650c9598f263a4cc360e6efb592c437866cad3fc691a3a420578dc4ffa7026228da360c31DQ48MIBDz5MeFXI2Ux7V5NIZRkU9SK8FXKaV3MWlDVs=', '2021-11-10', '14:48:41', 'Sent', '2021-11-10', '15:29:21', NULL, 'Read'),
(3, 503, 502, NULL, '292e48d8e2a3d733fa37f2be0e2d59f3425e2e6b73d23e6c98eb150433081d8d83bae95d89b6f5ee600104b08f45dfedZWjZHLk22ds8DEUMWb5+3ILrnRN/nZX7IlH1zZ6icLotjBT48ti1ly0MmIWeMXyo/yBPWUqdvEUPufHMBHHfKBN5+TjSEJulGSzginDcWxA=', '2021-11-10', '15:04:27', 'Sent', NULL, NULL, NULL, 'Not Read'),
(4, 503, 500, NULL, '88a89d4899b806df2d919a949b2708f685090974304477094b8fa8e1b9e5c80e296cacc44805421b9b7b3bd66bb02f4aqL5T+jsGKmuE4P+V3rYykg==', '2021-11-10', '15:06:49', 'Sent', '2021-11-10', '15:29:21', NULL, 'Read'),
(5, 503, 1000, NULL, '1eb9f5afcb2eaa81503079fed5fde8f9c15a7e87ac384222f64790f60acb47d7e1b5f1c9b9f0155b7847d5e3d0cf0e701kTOmti0NS4LJ+fvttryVvkViTDVShbKGasPbtFCN8qEGoX2crfff6FI/S1pnCWKvBZBcQuUirdFQWR++AseA6j75jPs04RiFJzSHAaWFNg=', '2021-11-10', '15:07:26', 'Sent', NULL, NULL, NULL, 'Not Read'),
(6, 500, 503, NULL, 'b0d6a320d4a69b523a8a03a2ce3707c311b585567f0c54108e5935b4b0fd3dec40c6124351cfd209196c8b4e29d57569zynECdYTXOsEBSqEGkgFWJPAeIi6DWRksILJFsSFII7h10hFY0kNTT+5qL3pDzX9R80ekzeAZ19ZU0DcWJKfJl/WsZUOq6iWZJP20a3+StA=', '2021-11-10', '15:34:39', 'Sent', '2021-11-11', '12:11:13', NULL, 'Read'),
(7, 503, 200, NULL, '7b15e31ff5c18b4132a9a6baea9e216d29a62477fcc5d26705e5cb393eb07374d8d81e348ed7cbd1bea0298da4e9235bVcTdOFBAz6sJ6W7UXx1ZrjxvCQOfh7FR6FcqMCWoIV3Lq+KIK8yLfBf3MsZGrMDUVxnwVyG6UG3dLB/JbXHihntAqEi9VAWMko3dsnS5haM=', '2021-11-10', '15:36:17', 'Sent', '2021-11-30', '12:59:19', NULL, 'Read'),
(8, 500, 503, NULL, 'd9282a37cdbc1d747ad6155c35884a02579a1614a6f6c39155fbf86b5bf52b8ce6178f811026018cdf7276e3e2ef70d1jULX8RhX/bZlCmPqRVTglg==', '2021-11-11', '09:57:35', 'Sent', '2021-11-11', '12:11:13', NULL, 'Read'),
(9, 500, 503, NULL, 'c3aa46e5a2c2cc9e24051af59130473055c80ec078ff9dfe1a3887f9237a95a691f83e2aaf5e4c367be4bc9ba3a3cb7bGr+HnnBPR46b2AOrs9d9QuIyVKHb/MfYAlzmjb22TxiGj4Y5G4ITOraK8P4UoyouA9kiwa0foRkN+kDNVBPQDW2FQK0tO9MXLN31hiANeTo=', '2021-11-11', '12:09:49', 'Sent', '2021-11-11', '12:11:13', NULL, 'Read'),
(10, 503, 500, NULL, '288ec73be51c5c2530b5bce0d6e47b346457a50b486de5a01e48be6858cfadb0eab124398f6a8442c2e5b402bd8f1e033ETNUFT9HEuU4zTtKCHUY2yrpDEskFg3r6ZjGCrjaJQzNuqf4ZZGXpHVbf3z+/fKKBrl6+Ik7J2bxdpQtRtsPWqHJ0eE8npRuxa6PMxkgXI=', '2021-11-11', '12:15:19', 'Sent', '2021-11-11', '12:15:20', NULL, 'Read'),
(11, 503, 500, NULL, 'dbb53c147fca0f0f03161ed6966891fcc76b76ac99c53a3b9ce521576f1103aa759f01a3e363935a8c32716bf2edf43agwXuBRj6PML+SWFd3nj09c+/3+BOp1UdPyCk3KTCADPXIXYZzjJ8FK4SfdiKbQXdKJqT3WEe2Q3t7516UNCOggCWHLBZ1nPSnjXK3iq9UMM=', '2021-11-11', '12:18:29', 'Sent', '2021-11-11', '12:18:30', NULL, 'Read'),
(12, 500, 503, NULL, '366f24dc7150416783ad7aa2e379ceb4261741d93eec940f61569a3a33f8e0f4a74194a20be8fe188e1444b6d8cf35eaRpZFPLtzeTGJ1c42BIrUiw==', '2021-11-11', '12:18:31', 'Sent', '2021-11-11', '12:18:32', NULL, 'Read'),
(13, 500, 503, NULL, '351fc9fa35d2a20ca16845641cfbcdab8c78dd6f922d41b653d01e0bb049f187d77bef5d66ac0766e05ccfdbe45cfd30ymrZFSEBz3FMPQvMKz9mxQ==', '2021-11-17', '14:13:00', 'Sent', NULL, NULL, NULL, 'Not Read'),
(14, 500, 503, NULL, 'a9e2a55b99e9e46e3fa85910ee9bf14847f4e56f51cafeb1fb863261d63df436cbdc643a912661f2c41b06b1d41d5b6f5Oba/+U4tu0KAJ2mHSDI8g==', '2021-11-17', '14:18:09', 'Sent', NULL, NULL, NULL, 'Not Read'),
(15, 500, 503, NULL, '12ca72b73de91aa2dfcff0a7470c16bfb6dd045d8044ce8b6762786e89b5ba938223862da9bd5bd61294190ec8c025b8LpTjxSUnxBN6jVumpR7kIg==', '2021-11-17', '14:18:14', 'Sent', NULL, NULL, NULL, 'Not Read'),
(16, 500, 101, NULL, 'af3bab91a34fb064e855b55b9b47884554b9df62daf70b54b827be75c125b1bb57de5bf38c0e3b3d7bfdc2300d6310abYSa7iimZkoUzv/WqdjzS1w==', '2021-11-17', '14:18:23', 'Sent', NULL, NULL, NULL, 'Not Read'),
(17, 500, 503, NULL, '3d4c567701170af0a927fbaff37c4736eedcae13955057ace6bca4f5b91dc2421239db1984dc24a503421dd6ffa51246+2Mdt6fm1V7INTlL6SWYtQ==', '2021-11-18', '16:18:31', 'Sent', NULL, NULL, NULL, 'Not Read'),
(18, 502, 500, NULL, 'fe15b7bfb3e13b1bcfb2999eefb8c9202fab0053bc89304b1b053f2a6ca6060e5bd059a3a46ce974f7e82d6cf34daffdHKWsbLD5nbQQCNLv9SoPIw==', '2021-11-18', '16:19:38', 'Sent', '2021-11-18', '16:24:17', NULL, 'Read'),
(19, 502, 500, NULL, '103ab5435e32304809bfbb3b571e3de6c7c593afc94d2cfb25d0fa12e8e15571f75dddb239a5b7f7c7b10d91a846c326PzAx9ZucF+a5H1dux5WSYg==', '2021-11-18', '16:24:13', 'Sent', '2021-11-18', '16:24:17', NULL, 'Read'),
(20, 502, 500, NULL, '55e774bb6dcfdc461baaf41cee471c9ae95fa94e51a85a510aa1138623584a95b5bc21784bf7c86c2c209f595c5fbb644gbN/4rM3v10arJxV0gQCDIfdSXeQuYWS8RO6lb4LiY=', '2021-11-18', '16:24:26', 'Sent', '2021-11-18', '16:24:27', NULL, 'Read'),
(21, 500, 502, NULL, '82481c7b7eea6db1d20c5888f7951d1decc7db7c5305cb7cff2f27181454b8e32ba31d1bfd5e74d7a0f00156e1ccc9bcFilCSzkMcD/Jgb4YOsTmzA2v2MH9MMxjV9wFxy8nqzhvDNd8BS4FVkUKumDZyxjMyRrV2Ldi5T7NMefu+zIMgGlM3s+MfOkyKIcQy9uYvcc=', '2021-11-23', '10:17:33', 'Sent', '2021-12-02', '15:23:44', NULL, 'Read'),
(22, 500, 502, NULL, '9f27a525cbaa192d78e36295b32c853433f079fd0060bb5579557fd0232cf792ef1907e3243ba4e6588ad7be0a8bfbd6cYoE7ueUG99ygvaS3BvpZDb6gRVpwa/YedsoOcZzcNE=', '2021-11-23', '11:21:58', 'Sent', '2021-12-02', '15:23:44', NULL, 'Read');

-- --------------------------------------------------------

--
-- Table structure for table `emp_courses`
--

CREATE TABLE `emp_courses` (
  `course_id` int(11) NOT NULL,
  `course_name` varchar(255) NOT NULL,
  `course_image` varchar(255) NOT NULL,
  `date` date NOT NULL,
  `time` time NOT NULL
) ENGINE=InnoDB DEFAULT CHARSET=utf8mb4;

--
-- Dumping data for table `emp_courses`
--

INSERT INTO `emp_courses` (`course_id`, `course_name`, `course_image`, `date`, `time`) VALUES
(1, 'MS Office', 'MSOFFICE/msoffice.jpg', '2021-10-25', '10:28:53');

-- --------------------------------------------------------

--
-- Table structure for table `emp_course_categories`
--

CREATE TABLE `emp_course_categories` (
  `cc_id` int(11) NOT NULL,
  `course_id` int(11) NOT NULL,
  `category_name` varchar(255) NOT NULL
) ENGINE=InnoDB DEFAULT CHARSET=utf8mb4;

--
-- Dumping data for table `emp_course_categories`
--

INSERT INTO `emp_course_categories` (`cc_id`, `course_id`, `category_name`) VALUES
(1, 1, 'Introduction'),
(2, 1, 'MS Word'),
(3, 1, 'MS Excel'),
(4, 1, 'MS Outlook');

-- --------------------------------------------------------

--
-- Table structure for table `emp_course_videos`
--

CREATE TABLE `emp_course_videos` (
  `v_id` int(11) NOT NULL,
  `course_id` int(11) NOT NULL,
  `cc_id` int(11) NOT NULL,
  `video_name` varchar(255) NOT NULL,
  `video` varchar(255) NOT NULL,
  `date` date NOT NULL,
  `time` time NOT NULL
) ENGINE=InnoDB DEFAULT CHARSET=utf8mb4;

--
-- Dumping data for table `emp_course_videos`
--

INSERT INTO `emp_course_videos` (`v_id`, `course_id`, `cc_id`, `video_name`, `video`, `date`, `time`) VALUES
(1, 1, 1, 'Introduction To MS OFFICE', 'MSOFFICE/videos/vid1.mp4', '2021-10-25', '10:33:14');

-- --------------------------------------------------------

--
-- Table structure for table `emp_cv`
--

CREATE TABLE `emp_cv` (
  `id` int(11) NOT NULL,
  `emp_id` int(11) NOT NULL,
  `cv` varchar(255) DEFAULT NULL,
  `status` varchar(255) DEFAULT NULL
) ENGINE=InnoDB DEFAULT CHARSET=utf8mb4;

--
-- Dumping data for table `emp_cv`
--

INSERT INTO `emp_cv` (`id`, `emp_id`, `cv`, `status`) VALUES
(1, 500, 'MuhBad42101617_CV.png', 'Active'),
(2, 200, 'AntBar31202685_CV.png', 'Active'),
(5, 502, 'IshMal42301273_CV.png', 'Active'),
(10, 1000, 'ZeeDaw42101175_CV.png', 'Active'),
(13, 503, 'MuhMuh42101345_CV.png', 'Active'),
(14, 1001, 'MuhEss42401155_CV.png', 'Active'),
(15, 1003, 'SyeSye42101191_CV.png', 'Active'),
(16, 1002, 'MuhNas42201891_CV.png', 'Active'),
(17, 2000, 'SamAma38101528_CV.png', 'Active'),
(18, 2006, 'MuhMuh42401719_CV.png', 'Active'),
(19, 2005, 'MuhLia42401838_CV.png', 'Active'),
(20, 2004, 'MahAbd42000042_CV.png', 'Active'),
(21, 2003, 'MuhMuh42301105_CV.png', 'Active'),
(22, 2002, 'SyeSye42401192_CV.png', 'Active'),
(23, 2001, 'ShaTai42301175_CV.png', 'Active'),
(24, 1004, 'FahIsh42401658_CV.png', 'Active'),
(25, 102, 'MuhIly42101138_CV.png', 'Active'),
(26, 1006, 'ManAbd42301093_CV.png', 'Active'),
(27, 2008, 'MuhMuh42201241_CV.png', 'Active'),
(28, 1005, 'AsaMuh42301300_CV.png', 'Active'),
(29, 101, 'MusMuh42501141_CV.png', 'Active'),
(30, 100, 'AkhTaj42301527_CV.png', 'Active'),
(31, 2007, 'MuhMuh42401131_CV.png', 'Active'),
(32, 1007, 'MahBab42000347_CV.png', 'Active'),
(33, 2009, 'MuhAbd42000049_CV.png', 'Active'),
(34, 2010, 'MuhPer42401504_CV.png', 'Active'),
(35, 2012, 'SyeNaz42301049_CV.png', 'Active'),
(36, 1008, 'UsmSal42301073_CV.png', 'Active'),
(37, 2011, 'FahIqb42301705_CV.png', 'Active'),
(38, 1009, 'MuhMuh42301140_CV.png', 'Active'),
(39, 504, 'FaiMum42604034_CV.png', 'Active'),
(40, 2013, 'SalAhm42201070_CV.png', 'Active'),
(41, 1010, 'YouFer42201858_CV.png', 'Active'),
(42, 1011, 'AbdIsm42201046_CV.png', 'Active'),
(43, 1012, 'KifMUh42201292_CV.png', 'Active'),
(44, 2014, 'AftAyu42401584_CV.png', 'Active'),
(45, 505, 'AdmAdm00000000_CV.png', 'Active'),
(46, 506, 'MuhMuh42301696_CV.png', 'Active');

-- --------------------------------------------------------

--
-- Table structure for table `emp_drive_main`
--

CREATE TABLE `emp_drive_main` (
  `id` int(11) NOT NULL,
  `emp_id` int(11) NOT NULL,
  `type` varchar(255) NOT NULL,
  `name` varchar(255) NOT NULL,
  `date` date NOT NULL,
  `time` time NOT NULL,
  `doc_type` varchar(255) DEFAULT NULL
) ENGINE=InnoDB DEFAULT CHARSET=utf8mb4;

--
-- Dumping data for table `emp_drive_main`
--

INSERT INTO `emp_drive_main` (`id`, `emp_id`, `type`, `name`, `date`, `time`, `doc_type`) VALUES
(1, 1001, 'folder', 'Office documents', '2021-12-03', '17:42:18', NULL),
(2, 200, 'document', 'AntashJavaid_200/snip.PNG', '2021-12-03', '17:52:16', 'PNG'),
(3, 200, 'folder', 'new folder', '2021-12-03', '17:52:19', NULL);

-- --------------------------------------------------------

--
-- Table structure for table `emp_drive_sub`
--

CREATE TABLE `emp_drive_sub` (
  `id` int(11) NOT NULL,
  `folder_id` int(11) NOT NULL,
  `name` varchar(255) NOT NULL,
  `date` date NOT NULL,
  `time` time NOT NULL,
  `doc_type` varchar(255) DEFAULT NULL
) ENGINE=InnoDB DEFAULT CHARSET=utf8mb4;

--
-- Dumping data for table `emp_drive_sub`
--

INSERT INTO `emp_drive_sub` (`id`, `folder_id`, `name`, `date`, `time`, `doc_type`) VALUES
(1, 1, 'MuhammadIqbal_1001//19.11.2021_17.39.59_REC.png', '2021-12-03', '17:44:54', 'png'),
(2, 1, 'MuhammadIqbal_1001//19.11.2021_17.40.10_REC.png', '2021-12-03', '17:44:54', 'png'),
(3, 1, 'MuhammadIqbal_1001//asdasd.PNG', '2021-12-03', '17:44:54', 'png'),
(4, 1, 'MuhammadIqbal_1001//sasas.PNG', '2021-12-03', '17:44:54', 'png'),
(5, 1, 'MuhammadIqbal_1001//snip.PNG', '2021-12-03', '17:44:54', 'png'),
(6, 1, 'MuhammadIqbal_1001//snipp2.PNG', '2021-12-03', '17:44:54', 'png'),
(7, 1, 'MuhammadIqbal_1001//snipp5.PNG', '2021-12-03', '17:44:54', 'png'),
(8, 3, 'AntashJavaid_200/3-12-2021_at_175226.jpeg', '2021-12-03', '17:52:26', 'jpeg');

-- --------------------------------------------------------

--
-- Table structure for table `emp_driving_license`
--

CREATE TABLE `emp_driving_license` (
  `id` int(11) NOT NULL,
  `emp_id` int(11) NOT NULL,
  `driving_license` varchar(255) DEFAULT NULL,
  `status` varchar(255) DEFAULT NULL
) ENGINE=InnoDB DEFAULT CHARSET=utf8mb4;

--
-- Dumping data for table `emp_driving_license`
--

INSERT INTO `emp_driving_license` (`id`, `emp_id`, `driving_license`, `status`) VALUES
(1, 2009, 'MuhAbd42000049_Driving_License.png', 'Active'),
(2, 2010, 'MuhPer42401504_Driving_License.png', 'Active'),
(3, 1008, 'UsmSal42301073_Driving_License.png', 'Active'),
(4, 2011, 'FahIqb42301705_Driving_License.png', 'Active'),
(5, 1009, 'MuhMuh42301140_Driving_License.png', 'Active');

-- --------------------------------------------------------

--
-- Table structure for table `emp_enrolled_in_course`
--

CREATE TABLE `emp_enrolled_in_course` (
  `id` int(11) NOT NULL,
  `course_id` int(11) NOT NULL,
  `emp_id` int(11) NOT NULL,
  `enrolled_date` date NOT NULL,
  `enrolled_time` time NOT NULL,
  `seened` varchar(255) DEFAULT NULL,
  `status` varchar(255) DEFAULT NULL
) ENGINE=InnoDB DEFAULT CHARSET=utf8mb4;

--
-- Dumping data for table `emp_enrolled_in_course`
--

INSERT INTO `emp_enrolled_in_course` (`id`, `course_id`, `emp_id`, `enrolled_date`, `enrolled_time`, `seened`, `status`) VALUES
(1, 1, 500, '2021-10-25', '10:34:46', '0%', 'Incomplete');

-- --------------------------------------------------------

--
-- Table structure for table `emp_enrolled_in_course_videos`
--

CREATE TABLE `emp_enrolled_in_course_videos` (
  `id` int(11) NOT NULL,
  `v_id` int(11) NOT NULL,
  `video_duration` time DEFAULT NULL,
  `video_seen` time DEFAULT NULL,
  `status` varchar(255) DEFAULT NULL
) ENGINE=InnoDB DEFAULT CHARSET=utf8mb4;

-- --------------------------------------------------------

--
-- Table structure for table `emp_grades`
--

CREATE TABLE `emp_grades` (
  `grade_code` int(11) NOT NULL,
  `grade` varchar(255) DEFAULT NULL,
  `grade_desc` mediumtext DEFAULT NULL
) ENGINE=InnoDB DEFAULT CHARSET=utf8mb4;

--
-- Dumping data for table `emp_grades`
--

INSERT INTO `emp_grades` (`grade_code`, `grade`, `grade_desc`) VALUES
(1, 'Grade 1', NULL),
(2, 'Grade 2', NULL),
(3, 'Grade 3', NULL),
(4, 'Grade 4', NULL),
(5, 'Grade 5', NULL),
(6, 'Grade 6', NULL),
(7, 'Grade 7', NULL),
(8, 'Grade 8', NULL);

-- --------------------------------------------------------

--
-- Table structure for table `emp_leave_applications`
--

CREATE TABLE `emp_leave_applications` (
  `leave_id` int(11) NOT NULL,
  `leave_type` varchar(255) NOT NULL,
  `availed` int(11) DEFAULT NULL,
  `one_day_leave` int(11) DEFAULT NULL,
  `leave_purpose` mediumtext NOT NULL,
  `leave_from` date NOT NULL,
  `leave_to` date DEFAULT NULL,
  `days` int(11) NOT NULL,
  `attachement` varchar(255) DEFAULT NULL
) ENGINE=InnoDB DEFAULT CHARSET=utf8mb4;

--
-- Dumping data for table `emp_leave_applications`
--

INSERT INTO `emp_leave_applications` (`leave_id`, `leave_type`, `availed`, `one_day_leave`, `leave_purpose`, `leave_from`, `leave_to`, `days`, `attachement`) VALUES
(1, 'Privilege', 0, 1, 'Yes it was an accident but I was not sure what is happening but he ', '2021-11-24', '0000-00-00', 0, NULL),
(2, 'Other', 0, 0, 'React with an eye 6th moment to your mind that you can get ', '2021-11-25', '2021-11-27', 2, NULL),
(3, 'Privilege', 0, 1, '5AM and I have a lot to say that I am so what I want and how much we can ', '2021-12-01', '0000-00-00', 0, NULL),
(4, 'Privilege', 0, 1, 'sadfasfsdfsfsdfsfsdfsdfsdfsdfdsfdsfsdfdfsdfsdfsdf', '2021-11-27', '0000-00-00', 0, NULL),
(5, 'Casual', 0, 1, 'trtyryrytrytrytrytytrytrtyryrytrytrytrytytrytrtyryrytrytrytrytytrytrtyryrytrytrytrytytrytrtyryrytrytrytrytytry', '2021-11-27', '0000-00-00', 0, NULL),
(6, 'Casual', 0, 1, 'df dkfjshjkf sdkfjhsdf ksdhfjsd fsdfksdkjf sdfnlskdfs df,sdfskdf ', '2021-11-27', '0000-00-00', 0, NULL);

-- --------------------------------------------------------

--
-- Table structure for table `emp_leave_application_refs`
--

CREATE TABLE `emp_leave_application_refs` (
  `id` int(11) NOT NULL,
  `leave_id` int(11) NOT NULL,
  `requested_by` int(11) NOT NULL,
  `requested_date` date NOT NULL,
  `requested_time` time NOT NULL,
  `request_status` varchar(255) NOT NULL,
  `approved_by` int(11) DEFAULT NULL,
  `approval_date` date DEFAULT NULL,
  `approval_time` time DEFAULT NULL,
  `handle_by` int(11) DEFAULT NULL,
  `view_date` date DEFAULT NULL,
  `view_time` time DEFAULT NULL,
  `comments` mediumtext DEFAULT NULL
) ENGINE=InnoDB DEFAULT CHARSET=utf8mb4;

--
-- Dumping data for table `emp_leave_application_refs`
--

INSERT INTO `emp_leave_application_refs` (`id`, `leave_id`, `requested_by`, `requested_date`, `requested_time`, `request_status`, `approved_by`, `approval_date`, `approval_time`, `handle_by`, `view_date`, `view_time`, `comments`) VALUES
(1, 1, 502, '2021-11-23', '10:07:05', 'Accepted', 500, '2021-11-23', '10:07:46', 500, '2021-11-23', '10:07:12', 'eeeeeeeeeeeeeeeeeeeeeeeeeeeeeeeeeeeeeeeeeeeeeeeeeeeeee'),
(2, 2, 503, '2021-11-23', '10:08:38', 'Accepted', 500, '2021-11-23', '10:11:14', 500, '2021-11-23', '10:11:07', ''),
(3, 3, 200, '2021-11-25', '12:36:25', 'Accepted', 500, '2021-11-25', '12:36:39', 500, '2021-11-25', '12:36:30', ''),
(4, 4, 503, '2021-11-26', '10:48:48', 'Rejected', 500, '2021-11-26', '11:20:18', 500, '2021-11-26', '11:20:14', ''),
(5, 5, 503, '2021-11-26', '11:20:24', 'Accepted', 500, '2021-11-26', '11:20:34', 500, '2021-11-26', '11:20:27', ''),
(6, 6, 503, '2021-11-26', '11:25:49', 'Waiting For Approval', NULL, NULL, NULL, 500, '2021-11-26', '11:25:51', NULL);

-- --------------------------------------------------------

--
-- Table structure for table `emp_machine_thumbs`
--

CREATE TABLE `emp_machine_thumbs` (
  `id` int(11) NOT NULL,
  `emp_id` int(11) NOT NULL,
  `status` varchar(255) NOT NULL,
  `location` int(11) NOT NULL,
  `time` time NOT NULL,
  `date` date NOT NULL
) ENGINE=InnoDB DEFAULT CHARSET=utf8mb4;

--
-- Dumping data for table `emp_machine_thumbs`
--

INSERT INTO `emp_machine_thumbs` (`id`, `emp_id`, `status`, `location`, `time`, `date`) VALUES
(1, 500, 'valid', 1, '04:48:06', '2021-08-04'),
(2, 500, 'valid', 1, '05:01:18', '2021-08-04'),
(3, 502, 'valid', 1, '06:23:18', '2021-08-04'),
(4, 502, 'valid', 1, '06:23:19', '2021-08-04'),
(5, 200, 'valid', 1, '06:23:46', '2021-08-04'),
(6, 200, 'valid', 1, '06:23:47', '2021-08-04'),
(7, 502, 'valid', 1, '06:24:03', '2021-08-04'),
(8, 502, 'valid', 1, '06:24:11', '2021-08-04'),
(9, 200, 'valid', 1, '06:24:25', '2021-08-04'),
(10, 500, 'valid', 1, '08:48:40', '2021-08-05'),
(11, 500, 'valid', 1, '09:04:44', '2021-08-05'),
(12, 500, 'valid', 1, '09:05:54', '2021-08-05'),
(13, 500, 'valid', 1, '09:06:30', '2021-08-05'),
(14, 500, 'valid', 1, '09:07:01', '2021-08-05'),
(15, 500, 'valid', 1, '09:07:41', '2021-08-05'),
(16, 500, 'valid', 1, '09:08:23', '2021-08-05'),
(17, 500, 'valid', 1, '09:08:51', '2021-08-05'),
(18, 500, 'valid', 1, '09:10:08', '2021-08-05'),
(19, 500, 'valid', 1, '09:11:03', '2021-08-05'),
(20, 500, 'valid', 1, '09:11:04', '2021-08-05'),
(21, 500, 'valid', 1, '09:11:47', '2021-08-05'),
(22, 1000, 'valid', 1, '09:12:37', '2021-08-05'),
(23, 500, 'valid', 1, '09:13:14', '2021-08-05'),
(24, 500, 'valid', 1, '09:13:43', '2021-08-05'),
(25, 500, 'valid', 1, '09:14:50', '2021-08-05'),
(26, 500, 'valid', 1, '09:15:39', '2021-08-05'),
(27, 500, 'valid', 1, '09:16:18', '2021-08-05'),
(28, 500, 'valid', 1, '09:17:18', '2021-08-05'),
(29, 500, 'valid', 1, '09:18:26', '2021-08-05'),
(30, 500, 'valid', 1, '09:18:59', '2021-08-05'),
(31, 500, 'valid', 1, '09:20:17', '2021-08-05'),
(32, 500, 'valid', 1, '09:22:34', '2021-08-05'),
(33, 500, 'valid', 1, '09:23:03', '2021-08-05'),
(34, 500, 'valid', 1, '09:23:04', '2021-08-05'),
(35, 500, 'valid', 1, '09:24:18', '2021-08-05'),
(36, 500, 'valid', 1, '09:25:08', '2021-08-05'),
(37, 500, 'valid', 1, '09:25:28', '2021-08-05'),
(38, 500, 'valid', 1, '09:26:38', '2021-08-05'),
(39, 500, 'valid', 1, '09:29:08', '2021-08-05'),
(40, 502, 'valid', 1, '09:57:52', '2021-08-05'),
(41, 502, 'valid', 1, '09:57:53', '2021-08-05'),
(42, 500, 'valid', 1, '02:02:13', '2021-08-06'),
(43, 500, 'valid', 1, '02:03:02', '2021-08-06'),
(44, 500, 'valid', 1, '02:03:03', '2021-08-06'),
(45, 500, 'valid', 1, '02:32:52', '2021-08-05'),
(46, 500, 'valid', 1, '02:35:43', '2021-08-05'),
(47, 500, 'valid', 1, '02:36:24', '2021-08-05'),
(48, 500, 'valid', 1, '03:17:53', '2021-08-05'),
(49, 502, 'valid', 1, '03:35:27', '2021-08-05'),
(50, 502, 'valid', 1, '03:35:28', '2021-08-05'),
(51, 500, 'valid', 1, '04:56:37', '2021-08-05'),
(52, 500, 'valid', 1, '05:03:58', '2021-08-05'),
(53, 500, 'valid', 1, '05:05:16', '2021-08-05'),
(54, 500, 'valid', 1, '05:05:17', '2021-08-05'),
(55, 1000, 'valid', 1, '05:11:40', '2021-08-05'),
(56, 1000, 'valid', 1, '05:11:41', '2021-08-05'),
(57, 200, 'valid', 1, '05:48:02', '2021-08-05'),
(58, 200, 'valid', 1, '05:50:09', '2021-08-05'),
(59, 502, 'valid', 1, '05:58:40', '2021-08-05'),
(60, 502, 'valid', 1, '05:58:59', '2021-08-05'),
(61, 500, 'valid', 1, '09:00:55', '2021-08-06'),
(62, 1000, 'valid', 1, '09:15:10', '2021-08-06'),
(63, 502, 'valid', 1, '10:07:52', '2021-08-06'),
(64, 502, 'valid', 1, '10:07:53', '2021-08-06'),
(65, 200, 'valid', 1, '10:08:14', '2021-08-06'),
(66, 502, 'valid', 1, '01:05:25', '2021-08-06'),
(67, 200, 'valid', 1, '01:05:41', '2021-08-06'),
(68, 500, 'valid', 1, '01:06:00', '2021-08-06'),
(69, 500, 'valid', 1, '02:15:07', '2021-08-06'),
(70, 200, 'valid', 1, '02:20:42', '2021-08-06'),
(71, 200, 'valid', 1, '02:20:43', '2021-08-06'),
(72, 200, 'valid', 1, '02:21:01', '2021-08-06'),
(73, 200, 'valid', 1, '02:21:02', '2021-08-06'),
(74, 200, 'valid', 1, '03:17:53', '2021-08-06'),
(75, 502, 'valid', 1, '03:19:00', '2021-08-06'),
(76, 500, 'valid', 1, '05:00:42', '2021-08-06'),
(77, 500, 'valid', 1, '05:04:33', '2021-08-06'),
(78, 500, 'valid', 1, '05:04:34', '2021-08-06'),
(79, 200, 'valid', 1, '06:04:30', '2021-08-06'),
(80, 200, 'valid', 1, '06:04:50', '2021-08-06'),
(81, 502, 'valid', 1, '06:07:14', '2021-08-06'),
(82, 1000, 'valid', 1, '07:09:31', '2021-08-06'),
(83, 1000, 'valid', 1, '08:54:25', '2021-08-07'),
(84, 1000, 'valid', 1, '08:54:27', '2021-08-07'),
(85, 502, 'valid', 1, '10:10:57', '2021-08-07'),
(86, 200, 'valid', 1, '11:14:40', '2021-08-07'),
(87, 1000, 'valid', 1, '01:18:03', '2021-08-07'),
(88, 1000, 'valid', 1, '01:18:04', '2021-08-07'),
(89, 200, 'valid', 1, '01:55:40', '2021-08-07'),
(90, 200, 'valid', 1, '01:55:41', '2021-08-07'),
(91, 502, 'valid', 1, '01:59:47', '2021-08-07'),
(92, 502, 'valid', 1, '02:00:04', '2021-08-07'),
(93, 502, 'valid', 1, '02:00:05', '2021-08-07'),
(94, 500, 'valid', 1, '08:57:27', '2021-08-09'),
(95, 1000, 'valid', 1, '09:05:44', '2021-08-09'),
(96, 1000, 'valid', 1, '09:05:45', '2021-08-09'),
(97, 502, 'valid', 1, '10:00:19', '2021-08-09'),
(98, 502, 'valid', 1, '10:00:20', '2021-08-09'),
(99, 502, 'valid', 1, '10:00:43', '2021-08-09'),
(100, 502, 'valid', 1, '10:00:44', '2021-08-09'),
(101, 200, 'valid', 1, '10:18:45', '2021-08-09'),
(102, 500, 'valid', 1, '01:23:40', '2021-08-09'),
(103, 200, 'valid', 1, '01:24:02', '2021-08-09'),
(104, 500, 'valid', 1, '01:24:25', '2021-08-09'),
(105, 502, 'valid', 1, '01:24:34', '2021-08-09'),
(106, 502, 'valid', 1, '01:24:35', '2021-08-09'),
(107, 502, 'valid', 1, '01:39:08', '2021-08-09'),
(108, 502, 'valid', 1, '01:39:09', '2021-08-09'),
(109, 200, 'valid', 1, '01:46:59', '2021-08-09'),
(110, 500, 'valid', 1, '02:09:03', '2021-08-09'),
(111, 500, 'valid', 1, '02:09:04', '2021-08-09'),
(112, 500, 'valid', 1, '03:44:59', '2021-08-09'),
(113, 500, 'valid', 1, '05:00:43', '2021-08-09'),
(114, 502, 'valid', 1, '06:16:09', '2021-08-09'),
(115, 502, 'valid', 1, '06:16:11', '2021-08-09'),
(116, 200, 'valid', 1, '06:18:49', '2021-08-09'),
(117, 200, 'valid', 1, '06:18:50', '2021-08-09'),
(118, 1000, 'valid', 1, '06:50:20', '2021-08-09'),
(119, 1000, 'valid', 1, '06:50:21', '2021-08-09'),
(120, 1000, 'valid', 1, '06:50:22', '2021-08-09'),
(121, 500, 'valid', 1, '08:55:14', '2021-08-10'),
(122, 1000, 'valid', 1, '09:06:21', '2021-08-10'),
(123, 1000, 'valid', 1, '09:06:22', '2021-08-10'),
(124, 500, 'valid', 1, '10:04:33', '2021-08-10'),
(125, 502, 'valid', 1, '10:04:51', '2021-08-10'),
(126, 502, 'valid', 1, '10:04:52', '2021-08-10'),
(127, 500, 'valid', 1, '10:06:15', '2021-08-10'),
(128, 500, 'valid', 1, '10:06:17', '2021-08-10'),
(129, 500, 'valid', 1, '10:06:28', '2021-08-10'),
(130, 500, 'valid', 1, '10:13:21', '2021-08-10'),
(131, 500, 'valid', 1, '10:13:49', '2021-08-10'),
(132, 500, 'valid', 1, '10:13:50', '2021-08-10'),
(133, 500, 'valid', 1, '10:13:51', '2021-08-10'),
(134, 502, 'valid', 1, '10:14:00', '2021-08-10'),
(135, 200, 'valid', 1, '10:15:08', '2021-08-10'),
(136, 500, 'valid', 1, '10:51:19', '2021-08-10'),
(137, 500, 'valid', 1, '10:51:54', '2021-08-10'),
(138, 500, 'valid', 1, '12:49:44', '2021-08-10'),
(139, 500, 'valid', 1, '12:51:40', '2021-08-10'),
(140, 500, 'valid', 1, '01:02:34', '2021-08-10'),
(141, 500, 'valid', 1, '01:02:35', '2021-08-10'),
(142, 1000, 'valid', 1, '01:04:33', '2021-08-10'),
(143, 1000, 'valid', 1, '01:04:34', '2021-08-10'),
(144, 200, 'valid', 1, '01:10:21', '2021-08-10'),
(145, 502, 'valid', 1, '01:10:44', '2021-08-10'),
(146, 502, 'valid', 1, '01:10:45', '2021-08-10'),
(147, 200, 'valid', 1, '01:36:15', '2021-08-10'),
(148, 200, 'valid', 1, '01:36:16', '2021-08-10'),
(149, 200, 'valid', 1, '01:38:53', '2021-08-10'),
(150, 502, 'valid', 1, '01:41:15', '2021-08-10'),
(151, 502, 'valid', 1, '01:41:16', '2021-08-10'),
(152, 502, 'valid', 1, '01:41:34', '2021-08-10'),
(153, 502, 'valid', 1, '01:41:35', '2021-08-10'),
(154, 500, 'valid', 1, '01:45:25', '2021-08-10'),
(155, 500, 'valid', 1, '01:45:26', '2021-08-10'),
(156, 500, 'valid', 1, '03:48:08', '2021-08-10'),
(157, 500, 'valid', 1, '03:48:09', '2021-08-10'),
(158, 500, 'valid', 1, '03:48:10', '2021-08-10'),
(159, 500, 'valid', 1, '04:39:30', '2021-08-10'),
(160, 500, 'valid', 1, '05:03:34', '2021-08-10'),
(161, 1000, 'valid', 1, '05:09:32', '2021-08-10'),
(162, 1000, 'valid', 1, '05:09:33', '2021-08-10'),
(163, 502, 'valid', 1, '06:17:19', '2021-08-10'),
(164, 502, 'valid', 1, '06:17:20', '2021-08-10'),
(165, 502, 'valid', 1, '06:17:38', '2021-08-10'),
(166, 502, 'valid', 1, '06:17:39', '2021-08-10'),
(167, 200, 'valid', 1, '06:35:07', '2021-08-10'),
(168, 500, 'valid', 1, '03:23:24', '2021-08-11'),
(169, 500, 'valid', 1, '03:23:24', '2021-08-11'),
(170, 500, 'valid', 1, '03:23:45', '2021-08-11'),
(171, 500, 'valid', 1, '03:26:11', '2021-08-11'),
(172, 500, 'valid', 1, '05:01:36', '2021-08-11'),
(173, 500, 'valid', 1, '09:49:00', '2021-08-12'),
(174, 200, 'valid', 1, '09:54:18', '2021-08-12'),
(175, 502, 'valid', 1, '10:13:11', '2021-08-12'),
(176, 502, 'valid', 1, '10:13:12', '2021-08-12'),
(177, 1000, 'valid', 1, '10:59:02', '2021-08-12'),
(178, 500, 'valid', 1, '12:49:23', '2021-08-12'),
(179, 500, 'valid', 1, '12:50:31', '2021-08-12'),
(180, 500, 'valid', 1, '12:50:32', '2021-08-12'),
(181, 500, 'valid', 1, '12:50:33', '2021-08-12'),
(182, 500, 'valid', 1, '12:50:34', '2021-08-12'),
(183, 500, 'valid', 1, '12:50:35', '2021-08-12'),
(184, 500, 'valid', 1, '12:50:36', '2021-08-12'),
(185, 500, 'valid', 1, '12:50:58', '2021-08-12'),
(186, 500, 'valid', 1, '01:04:16', '2021-08-12'),
(187, 1000, 'valid', 1, '01:05:31', '2021-08-12'),
(188, 1000, 'valid', 1, '01:05:32', '2021-08-12'),
(189, 500, 'valid', 1, '01:23:03', '2021-08-12'),
(190, 200, 'valid', 1, '01:23:19', '2021-08-12'),
(191, 502, 'valid', 1, '01:23:38', '2021-08-12'),
(192, 502, 'valid', 1, '01:23:43', '2021-08-12'),
(193, 500, 'valid', 1, '01:41:44', '2021-08-12'),
(194, 502, 'valid', 1, '01:43:41', '2021-08-12'),
(195, 502, 'valid', 1, '01:43:42', '2021-08-12'),
(196, 500, 'valid', 1, '12:28:10', '2021-08-16'),
(197, 200, 'valid', 1, '12:43:15', '2021-08-16'),
(198, 200, 'valid', 1, '12:43:57', '2021-08-16'),
(199, 200, 'valid', 1, '12:43:58', '2021-08-16'),
(200, 500, 'valid', 1, '01:22:02', '2021-08-16'),
(201, 500, 'valid', 1, '01:45:28', '2021-08-16'),
(202, 500, 'valid', 1, '01:45:29', '2021-08-16'),
(203, 500, 'valid', 1, '02:24:30', '2021-08-16'),
(204, 500, 'valid', 1, '02:26:10', '2021-08-16'),
(205, 500, 'valid', 1, '02:49:05', '2021-08-16'),
(206, 500, 'valid', 1, '03:30:23', '2021-08-16'),
(207, 502, 'valid', 1, '03:38:07', '2021-08-16'),
(208, 500, 'valid', 1, '03:53:21', '2021-08-16'),
(209, 200, 'valid', 1, '03:55:00', '2021-08-16'),
(210, 200, 'valid', 1, '03:55:01', '2021-08-16'),
(211, 200, 'valid', 1, '03:55:20', '2021-08-16'),
(212, 200, 'valid', 1, '03:55:44', '2021-08-16'),
(213, 200, 'valid', 1, '03:55:45', '2021-08-16'),
(214, 200, 'valid', 1, '03:56:07', '2021-08-16'),
(215, 200, 'valid', 1, '03:56:08', '2021-08-16'),
(216, 500, 'valid', 1, '03:58:15', '2021-08-16'),
(217, 500, 'valid', 1, '04:01:43', '2021-08-16'),
(218, 502, 'valid', 1, '04:02:55', '2021-08-16'),
(219, 500, 'valid', 1, '04:07:09', '2021-08-16'),
(220, 502, 'valid', 1, '04:08:42', '2021-08-16'),
(221, 500, 'valid', 1, '04:11:19', '2021-08-16'),
(222, 502, 'valid', 1, '04:15:47', '2021-08-16'),
(223, 500, 'valid', 1, '04:20:21', '2021-08-16'),
(224, 500, 'valid', 1, '04:20:37', '2021-08-16'),
(225, 500, 'valid', 1, '04:23:03', '2021-08-16'),
(226, 500, 'valid', 1, '04:42:34', '2021-08-16'),
(227, 200, 'valid', 1, '04:45:59', '2021-08-16'),
(228, 500, 'valid', 1, '04:47:12', '2021-08-16'),
(229, 200, 'valid', 1, '04:48:02', '2021-08-16'),
(230, 200, 'valid', 1, '04:48:31', '2021-08-16'),
(231, 200, 'valid', 1, '04:48:46', '2021-08-16'),
(232, 200, 'valid', 1, '04:50:36', '2021-08-16'),
(233, 200, 'valid', 1, '04:53:29', '2021-08-16'),
(234, 200, 'valid', 1, '04:54:12', '2021-08-16'),
(235, 502, 'valid', 1, '04:54:23', '2021-08-16'),
(236, 502, 'valid', 1, '04:54:33', '2021-08-16'),
(237, 200, 'valid', 1, '04:55:00', '2021-08-16'),
(238, 200, 'valid', 1, '04:55:01', '2021-08-16'),
(239, 200, 'valid', 1, '04:55:02', '2021-08-16'),
(240, 200, 'valid', 1, '04:55:57', '2021-08-16'),
(241, 500, 'valid', 1, '05:08:59', '2021-08-16'),
(242, 200, 'valid', 1, '05:09:17', '2021-08-16'),
(243, 502, 'valid', 1, '05:09:42', '2021-08-16'),
(244, 200, 'valid', 1, '09:38:04', '2021-08-17'),
(245, 500, 'valid', 1, '09:38:06', '2021-08-17'),
(246, 500, 'valid', 1, '09:38:07', '2021-08-17'),
(247, 500, 'valid', 1, '09:38:08', '2021-08-17'),
(248, 500, 'valid', 1, '09:38:09', '2021-08-17'),
(249, 500, 'valid', 1, '09:38:10', '2021-08-17'),
(250, 500, 'valid', 1, '09:38:11', '2021-08-17'),
(251, 500, 'valid', 1, '09:42:27', '2021-08-17'),
(252, 500, 'valid', 1, '09:42:28', '2021-08-17'),
(253, 500, 'valid', 1, '09:42:56', '2021-08-17'),
(254, 500, 'valid', 1, '09:42:57', '2021-08-17'),
(255, 502, 'valid', 1, '10:13:29', '2021-08-17'),
(256, 502, 'valid', 1, '10:13:30', '2021-08-17'),
(257, 502, 'valid', 1, '10:13:31', '2021-08-17'),
(258, 502, 'valid', 1, '10:13:32', '2021-08-17'),
(259, 502, 'valid', 1, '10:13:33', '2021-08-17'),
(260, 502, 'valid', 1, '10:13:34', '2021-08-17'),
(261, 200, 'valid', 1, '10:20:07', '2021-08-17'),
(262, 200, 'valid', 1, '10:20:08', '2021-08-17'),
(263, 200, 'valid', 1, '10:20:57', '2021-08-17'),
(264, 500, 'valid', 1, '10:26:39', '2021-08-17'),
(265, 500, 'valid', 1, '10:26:40', '2021-08-17'),
(266, 500, 'valid', 1, '10:32:16', '2021-08-17'),
(267, 500, 'valid', 1, '10:39:45', '2021-08-17'),
(268, 500, 'valid', 1, '10:43:22', '2021-08-17'),
(269, 500, 'valid', 1, '10:59:38', '2021-08-17'),
(270, 500, 'valid', 1, '11:05:05', '2021-08-17'),
(271, 200, 'valid', 1, '01:02:42', '2021-08-17'),
(272, 500, 'valid', 1, '01:03:01', '2021-08-17'),
(273, 502, 'valid', 1, '01:04:06', '2021-08-17'),
(274, 502, 'valid', 1, '01:04:07', '2021-08-17'),
(275, 500, 'valid', 1, '01:42:28', '2021-08-17'),
(276, 502, 'valid', 1, '01:43:26', '2021-08-17'),
(277, 502, 'valid', 1, '01:43:27', '2021-08-17'),
(278, 500, 'valid', 1, '01:44:16', '2021-08-17'),
(279, 500, 'valid', 1, '01:44:17', '2021-08-17'),
(280, 502, 'valid', 1, '01:46:04', '2021-08-17'),
(281, 502, 'valid', 1, '01:46:05', '2021-08-17'),
(282, 500, 'valid', 1, '02:05:52', '2021-08-17'),
(283, 500, 'valid', 1, '03:21:46', '2021-08-20'),
(284, 500, 'valid', 1, '03:21:48', '2021-08-20'),
(285, 500, 'valid', 1, '03:21:49', '2021-08-20'),
(286, 500, 'valid', 1, '03:21:50', '2021-08-20'),
(287, 500, 'valid', 1, '03:21:51', '2021-08-20'),
(288, 500, 'valid', 1, '03:21:52', '2021-08-20'),
(289, 200, 'valid', 1, '03:21:53', '2021-08-20'),
(290, 500, 'valid', 1, '03:21:55', '2021-08-20'),
(291, 500, 'valid', 1, '03:21:56', '2021-08-20'),
(292, 500, 'valid', 1, '03:21:57', '2021-08-20'),
(293, 500, 'valid', 1, '03:21:58', '2021-08-20'),
(294, 500, 'valid', 1, '03:21:59', '2021-08-20'),
(295, 500, 'valid', 1, '03:22:00', '2021-08-20'),
(296, 500, 'valid', 1, '03:22:01', '2021-08-20'),
(297, 500, 'valid', 1, '03:22:02', '2021-08-20'),
(298, 500, 'valid', 1, '03:22:03', '2021-08-20'),
(299, 500, 'valid', 1, '03:22:04', '2021-08-20'),
(300, 500, 'valid', 1, '03:22:05', '2021-08-20'),
(301, 500, 'valid', 1, '03:23:30', '2021-08-20'),
(302, 503, 'valid', 1, '03:23:49', '2021-08-20'),
(303, 503, 'valid', 1, '03:23:50', '2021-08-20'),
(304, 200, 'valid', 1, '03:24:05', '2021-08-20'),
(305, 200, 'valid', 1, '03:24:06', '2021-08-20'),
(306, 200, 'valid', 1, '03:24:20', '2021-08-20'),
(307, 500, 'valid', 1, '03:24:32', '2021-08-20'),
(308, 503, 'valid', 1, '03:24:41', '2021-08-20'),
(309, 200, 'valid', 1, '03:24:52', '2021-08-20'),
(310, 200, 'valid', 1, '03:24:53', '2021-08-20'),
(311, 502, 'valid', 1, '03:25:04', '2021-08-20'),
(312, 502, 'valid', 1, '03:25:05', '2021-08-20'),
(313, 500, 'valid', 1, '03:25:14', '2021-08-20'),
(314, 500, 'valid', 1, '03:25:15', '2021-08-20'),
(315, 503, 'valid', 1, '03:25:27', '2021-08-20'),
(316, 502, 'valid', 1, '03:25:38', '2021-08-20'),
(317, 502, 'valid', 1, '03:25:58', '2021-08-20'),
(318, 502, 'valid', 1, '03:25:59', '2021-08-20'),
(319, 500, 'valid', 1, '03:32:56', '2021-08-20'),
(320, 1000, 'valid', 1, '10:36:02', '2021-08-21'),
(321, 1000, 'valid', 1, '10:36:03', '2021-08-21'),
(322, 1000, 'valid', 1, '10:36:04', '2021-08-21'),
(323, 1000, 'valid', 1, '10:36:05', '2021-08-21'),
(324, 1000, 'valid', 1, '10:36:06', '2021-08-21'),
(325, 1000, 'valid', 1, '10:36:08', '2021-08-21'),
(326, 1000, 'valid', 1, '10:36:09', '2021-08-21'),
(327, 503, 'valid', 1, '10:36:15', '2021-08-21'),
(328, 503, 'valid', 1, '10:36:16', '2021-08-21'),
(329, 503, 'valid', 1, '10:36:17', '2021-08-21'),
(330, 503, 'valid', 1, '10:36:18', '2021-08-21'),
(331, 503, 'valid', 1, '10:36:19', '2021-08-21'),
(332, 503, 'valid', 1, '10:36:20', '2021-08-21'),
(333, 503, 'valid', 1, '10:36:21', '2021-08-21'),
(334, 503, 'valid', 1, '10:36:22', '2021-08-21'),
(335, 503, 'valid', 1, '10:36:24', '2021-08-21'),
(336, 503, 'valid', 1, '10:36:25', '2021-08-21'),
(337, 503, 'valid', 1, '10:36:26', '2021-08-21'),
(338, 503, 'valid', 1, '10:36:27', '2021-08-21'),
(339, 503, 'valid', 1, '10:36:28', '2021-08-21'),
(340, 503, 'valid', 1, '10:36:29', '2021-08-21'),
(341, 503, 'valid', 1, '10:36:30', '2021-08-21'),
(342, 503, 'valid', 1, '10:36:31', '2021-08-21'),
(343, 503, 'valid', 1, '10:36:32', '2021-08-21'),
(344, 503, 'valid', 1, '10:36:33', '2021-08-21'),
(345, 200, 'valid', 1, '10:36:40', '2021-08-21'),
(346, 200, 'valid', 1, '10:36:41', '2021-08-21'),
(347, 503, 'valid', 1, '10:36:43', '2021-08-21'),
(348, 503, 'valid', 1, '10:36:44', '2021-08-21'),
(349, 503, 'valid', 1, '10:36:45', '2021-08-21'),
(350, 503, 'valid', 1, '10:36:46', '2021-08-21'),
(351, 503, 'valid', 1, '10:36:47', '2021-08-21'),
(352, 503, 'valid', 1, '10:36:48', '2021-08-21'),
(353, 503, 'valid', 1, '10:36:49', '2021-08-21'),
(354, 503, 'valid', 1, '10:36:50', '2021-08-21'),
(355, 200, 'valid', 1, '10:36:51', '2021-08-21'),
(356, 200, 'valid', 1, '10:36:52', '2021-08-21'),
(357, 200, 'valid', 1, '10:36:53', '2021-08-21'),
(358, 200, 'valid', 1, '10:36:54', '2021-08-21'),
(359, 200, 'valid', 1, '10:36:55', '2021-08-21'),
(360, 200, 'valid', 1, '10:36:56', '2021-08-21'),
(361, 200, 'valid', 1, '10:36:59', '2021-08-21'),
(362, 200, 'valid', 1, '10:37:38', '2021-08-21'),
(363, 200, 'valid', 1, '05:19:07', '2021-08-23'),
(364, 200, 'valid', 1, '05:29:19', '2021-08-23'),
(365, 200, 'valid', 1, '05:29:53', '2021-08-23'),
(366, 503, 'valid', 1, '05:58:48', '2021-08-23'),
(367, 503, 'valid', 1, '05:58:49', '2021-08-23'),
(368, 200, 'valid', 1, '06:13:35', '2021-08-23'),
(369, 200, 'valid', 1, '06:13:45', '2021-08-23'),
(370, 200, 'valid', 1, '06:13:58', '2021-08-23'),
(371, 502, 'valid', 1, '06:22:44', '2021-08-23'),
(372, 502, 'valid', 1, '06:22:45', '2021-08-23'),
(373, 502, 'valid', 1, '06:22:58', '2021-08-23'),
(374, 502, 'valid', 1, '06:22:59', '2021-08-23'),
(375, 502, 'valid', 1, '06:23:39', '2021-08-23'),
(376, 502, 'valid', 1, '06:23:40', '2021-08-23'),
(377, 200, 'valid', 1, '06:46:11', '2021-08-23'),
(378, 503, 'valid', 1, '06:12:43', '2021-08-24'),
(379, 503, 'valid', 1, '06:12:44', '2021-08-24'),
(380, 503, 'valid', 1, '06:12:45', '2021-08-24'),
(381, 503, 'valid', 1, '06:12:46', '2021-08-24'),
(382, 503, 'valid', 1, '06:12:47', '2021-08-24'),
(383, 503, 'valid', 1, '06:12:48', '2021-08-24'),
(384, 503, 'valid', 1, '06:12:49', '2021-08-24'),
(385, 503, 'valid', 1, '06:12:51', '2021-08-24'),
(386, 200, 'valid', 1, '06:12:55', '2021-08-24'),
(387, 200, 'valid', 1, '06:12:56', '2021-08-24'),
(388, 200, 'valid', 1, '06:13:02', '2021-08-24'),
(389, 200, 'valid', 1, '06:13:03', '2021-08-24'),
(390, 200, 'valid', 1, '06:13:24', '2021-08-24'),
(391, 200, 'valid', 1, '06:13:25', '2021-08-24'),
(392, 200, 'valid', 1, '06:13:41', '2021-08-24'),
(393, 502, 'valid', 1, '06:14:06', '2021-08-24'),
(394, 502, 'valid', 1, '06:14:16', '2021-08-24'),
(395, 502, 'valid', 1, '06:14:17', '2021-08-24'),
(396, 502, 'valid', 1, '06:14:45', '2021-08-24'),
(397, 502, 'valid', 1, '06:14:46', '2021-08-24'),
(398, 502, 'valid', 1, '06:15:02', '2021-08-24'),
(399, 502, 'valid', 1, '06:15:03', '2021-08-24'),
(400, 200, 'valid', 1, '06:17:26', '2021-08-24'),
(401, 200, 'valid', 1, '06:17:52', '2021-08-24'),
(402, 200, 'valid', 1, '06:38:53', '2021-08-24'),
(403, 200, 'valid', 1, '06:38:54', '2021-08-24'),
(404, 200, 'valid', 1, '06:38:56', '2021-08-24'),
(405, 200, 'valid', 1, '06:46:25', '2021-08-24'),
(406, 200, 'valid', 1, '06:46:26', '2021-08-24'),
(407, 200, 'valid', 1, '06:47:07', '2021-08-24'),
(408, 200, 'valid', 1, '07:07:10', '2021-08-24'),
(409, 200, 'valid', 1, '07:07:11', '2021-08-24'),
(410, 200, 'valid', 1, '07:07:12', '2021-08-24'),
(411, 200, 'valid', 1, '07:07:15', '2021-08-24'),
(412, 200, 'valid', 1, '07:07:16', '2021-08-24'),
(413, 200, 'valid', 1, '07:07:17', '2021-08-24'),
(414, 200, 'valid', 1, '07:07:18', '2021-08-24'),
(415, 200, 'valid', 1, '07:07:19', '2021-08-24'),
(416, 200, 'valid', 1, '07:07:20', '2021-08-24'),
(417, 200, 'valid', 1, '07:07:21', '2021-08-24'),
(418, 200, 'valid', 1, '07:07:38', '2021-08-24'),
(419, 200, 'valid', 1, '07:08:47', '2021-08-24'),
(420, 200, 'valid', 1, '09:45:07', '2021-08-25'),
(421, 502, 'valid', 1, '10:09:59', '2021-08-25'),
(422, 502, 'valid', 1, '10:10:00', '2021-08-25'),
(423, 1000, 'valid', 1, '10:13:11', '2021-08-25'),
(424, 1000, 'valid', 1, '10:13:12', '2021-08-25'),
(425, 200, 'valid', 1, '01:40:18', '2021-08-25'),
(426, 200, 'valid', 1, '01:40:30', '2021-08-25'),
(427, 200, 'valid', 1, '01:40:31', '2021-08-25'),
(428, 200, 'valid', 1, '01:40:43', '2021-08-25'),
(429, 502, 'valid', 1, '01:51:39', '2021-08-25'),
(430, 502, 'valid', 1, '01:51:40', '2021-08-25'),
(431, 502, 'valid', 1, '01:52:03', '2021-08-25'),
(432, 502, 'valid', 1, '01:52:04', '2021-08-25'),
(433, 503, 'valid', 1, '01:52:31', '2021-08-25'),
(434, 503, 'valid', 1, '01:52:54', '2021-08-25'),
(435, 503, 'valid', 1, '01:53:09', '2021-08-25'),
(436, 503, 'valid', 1, '06:06:57', '2021-08-25'),
(437, 503, 'valid', 1, '06:07:57', '2021-08-25'),
(438, 502, 'valid', 1, '06:18:16', '2021-08-25'),
(439, 502, 'valid', 1, '06:18:18', '2021-08-25'),
(440, 200, 'valid', 1, '06:18:32', '2021-08-25'),
(441, 1000, 'valid', 1, '06:48:56', '2021-08-25'),
(442, 1000, 'valid', 1, '06:48:57', '2021-08-25'),
(443, 1000, 'valid', 1, '09:06:09', '2021-08-26'),
(444, 1000, 'valid', 1, '09:06:10', '2021-08-26'),
(445, 503, 'valid', 1, '10:05:20', '2021-08-26'),
(446, 503, 'valid', 1, '10:05:21', '2021-08-26'),
(447, 200, 'valid', 1, '10:10:27', '2021-08-26'),
(448, 200, 'valid', 1, '10:10:28', '2021-08-26'),
(449, 502, 'valid', 1, '10:11:48', '2021-08-26'),
(450, 502, 'valid', 1, '10:11:49', '2021-08-26'),
(451, 200, 'valid', 1, '01:12:04', '2021-08-26'),
(452, 503, 'valid', 1, '01:12:18', '2021-08-26'),
(453, 502, 'valid', 1, '01:12:46', '2021-08-26'),
(454, 502, 'valid', 1, '01:12:47', '2021-08-26'),
(455, 502, 'valid', 1, '01:27:45', '2021-08-26'),
(456, 502, 'valid', 1, '01:27:46', '2021-08-26'),
(457, 503, 'valid', 1, '01:31:49', '2021-08-26'),
(458, 200, 'valid', 1, '01:34:42', '2021-08-26'),
(459, 503, 'valid', 1, '06:03:22', '2021-08-26'),
(460, 503, 'valid', 1, '06:03:23', '2021-08-26'),
(461, 502, 'valid', 1, '06:14:10', '2021-08-26'),
(462, 502, 'valid', 1, '06:14:11', '2021-08-26'),
(463, 1000, 'valid', 1, '06:31:51', '2021-08-26'),
(464, 1000, 'valid', 1, '06:31:52', '2021-08-26'),
(465, 200, 'valid', 1, '07:41:36', '2021-08-26'),
(466, 1000, 'valid', 1, '09:08:33', '2021-08-27'),
(467, 1000, 'valid', 1, '09:08:34', '2021-08-27'),
(468, 503, 'valid', 1, '10:03:03', '2021-08-27'),
(469, 503, 'valid', 1, '10:03:27', '2021-08-27'),
(470, 200, 'valid', 1, '10:04:56', '2021-08-27'),
(471, 500, 'valid', 1, '10:10:43', '2021-08-27'),
(472, 502, 'valid', 1, '10:15:08', '2021-08-27'),
(473, 502, 'valid', 1, '10:15:09', '2021-08-27'),
(474, 502, 'valid', 1, '01:07:21', '2021-08-27'),
(475, 502, 'valid', 1, '01:07:22', '2021-08-27'),
(476, 500, 'valid', 1, '01:07:39', '2021-08-27'),
(477, 503, 'valid', 1, '01:07:51', '2021-08-27'),
(478, 200, 'valid', 1, '01:08:34', '2021-08-27'),
(479, 500, 'valid', 1, '01:45:26', '2021-08-27'),
(480, 500, 'valid', 1, '01:51:42', '2021-08-27'),
(481, 503, 'valid', 1, '01:53:17', '2021-08-27'),
(482, 502, 'valid', 1, '02:35:17', '2021-08-27'),
(483, 502, 'valid', 1, '02:35:18', '2021-08-27'),
(484, 503, 'valid', 1, '06:07:04', '2021-08-27'),
(485, 503, 'valid', 1, '06:07:27', '2021-08-27'),
(486, 502, 'valid', 1, '06:17:13', '2021-08-27'),
(487, 502, 'valid', 1, '06:17:15', '2021-08-27'),
(488, 200, 'valid', 1, '06:19:19', '2021-08-27'),
(489, 200, 'valid', 1, '06:19:20', '2021-08-27'),
(490, 1000, 'valid', 1, '07:29:51', '2021-08-27'),
(491, 1000, 'valid', 1, '07:29:52', '2021-08-27'),
(492, 1000, 'valid', 1, '09:04:30', '2021-08-28'),
(493, 1000, 'valid', 1, '09:04:31', '2021-08-28'),
(494, 200, 'valid', 1, '10:07:24', '2021-08-28'),
(495, 502, 'valid', 1, '10:11:25', '2021-08-28'),
(496, 502, 'valid', 1, '10:11:26', '2021-08-28'),
(497, 200, 'valid', 1, '02:10:55', '2021-08-28'),
(498, 502, 'valid', 1, '02:11:03', '2021-08-28'),
(499, 502, 'valid', 1, '02:11:04', '2021-08-28'),
(500, 1000, 'valid', 1, '09:46:25', '2021-09-01'),
(501, 502, 'valid', 1, '09:46:26', '2021-09-01'),
(502, 502, 'valid', 1, '09:46:27', '2021-09-01'),
(503, 503, 'valid', 1, '09:46:28', '2021-09-01'),
(504, 503, 'valid', 1, '09:46:29', '2021-09-01'),
(505, 503, 'valid', 1, '09:46:30', '2021-09-01'),
(506, 503, 'valid', 1, '09:46:31', '2021-09-01'),
(507, 503, 'valid', 1, '09:46:32', '2021-09-01'),
(508, 502, 'valid', 1, '09:46:33', '2021-09-01'),
(509, 502, 'valid', 1, '09:46:34', '2021-09-01'),
(510, 1000, 'valid', 1, '09:46:35', '2021-09-01'),
(511, 502, 'valid', 1, '09:46:36', '2021-09-01'),
(512, 502, 'valid', 1, '09:46:37', '2021-09-01'),
(513, 502, 'valid', 1, '09:46:38', '2021-09-01'),
(514, 500, 'valid', 1, '09:46:39', '2021-09-01'),
(515, 500, 'valid', 1, '09:46:40', '2021-09-01'),
(516, 500, 'valid', 1, '09:46:42', '2021-09-01'),
(517, 500, 'valid', 1, '09:46:55', '2021-09-01'),
(518, 503, 'valid', 1, '10:04:21', '2021-09-01'),
(519, 502, 'valid', 1, '10:08:42', '2021-09-01'),
(520, 502, 'valid', 1, '10:08:43', '2021-09-01'),
(521, 500, 'valid', 1, '01:05:18', '2021-09-01'),
(522, 503, 'valid', 1, '01:09:25', '2021-09-01'),
(523, 503, 'valid', 1, '01:33:08', '2021-09-01'),
(524, 500, 'valid', 1, '01:43:45', '2021-09-01'),
(525, 502, 'valid', 1, '01:44:05', '2021-09-01'),
(526, 502, 'valid', 1, '01:44:06', '2021-09-01'),
(527, 502, 'valid', 1, '01:44:19', '2021-09-01'),
(528, 502, 'valid', 1, '01:44:20', '2021-09-01'),
(529, 500, 'valid', 1, '05:14:17', '2021-09-01'),
(530, 500, 'valid', 1, '06:01:22', '2021-09-01'),
(531, 503, 'valid', 1, '06:01:33', '2021-09-01'),
(532, 502, 'valid', 1, '06:35:32', '2021-09-01'),
(533, 502, 'valid', 1, '06:35:33', '2021-09-01'),
(534, 503, 'valid', 1, '10:09:27', '2021-09-02'),
(535, 503, 'valid', 1, '10:09:28', '2021-09-02'),
(536, 502, 'valid', 1, '10:10:58', '2021-09-02'),
(537, 502, 'valid', 1, '10:10:59', '2021-09-02'),
(538, 500, 'valid', 1, '11:17:07', '2021-09-02'),
(539, 200, 'valid', 1, '12:02:03', '2021-09-02'),
(540, 500, 'valid', 1, '01:05:40', '2021-09-02'),
(541, 503, 'valid', 1, '01:06:30', '2021-09-02'),
(542, 503, 'valid', 1, '01:07:17', '2021-09-02'),
(543, 503, 'valid', 1, '01:24:52', '2021-09-02'),
(544, 200, 'valid', 1, '01:37:54', '2021-09-02'),
(545, 200, 'valid', 1, '01:38:03', '2021-09-02'),
(546, 200, 'valid', 1, '01:38:37', '2021-09-02'),
(547, 500, 'valid', 1, '01:39:24', '2021-09-02'),
(548, 502, 'valid', 1, '01:45:11', '2021-09-02'),
(549, 502, 'valid', 1, '01:45:12', '2021-09-02'),
(550, 502, 'valid', 1, '01:45:30', '2021-09-02'),
(551, 502, 'valid', 1, '01:45:31', '2021-09-02'),
(552, 502, 'valid', 1, '01:45:40', '2021-09-02'),
(553, 502, 'valid', 1, '01:45:42', '2021-09-02'),
(554, 502, 'valid', 1, '01:45:43', '2021-09-02'),
(555, 502, 'valid', 1, '01:45:44', '2021-09-02'),
(556, 503, 'valid', 1, '06:06:14', '2021-09-02'),
(557, 503, 'valid', 1, '06:06:15', '2021-09-02'),
(558, 503, 'valid', 1, '06:06:17', '2021-09-02'),
(559, 500, 'valid', 1, '06:06:44', '2021-09-02'),
(560, 500, 'valid', 1, '06:06:45', '2021-09-02'),
(561, 200, 'valid', 1, '09:39:58', '2021-09-03'),
(562, 502, 'valid', 1, '09:39:59', '2021-09-03'),
(563, 502, 'valid', 1, '09:40:00', '2021-09-03'),
(564, 1000, 'valid', 1, '09:40:02', '2021-09-03'),
(565, 1000, 'valid', 1, '09:40:03', '2021-09-03'),
(566, 500, 'valid', 1, '09:40:21', '2021-09-03'),
(567, 500, 'valid', 1, '09:40:41', '2021-09-03'),
(568, 503, 'valid', 1, '10:04:56', '2021-09-03'),
(569, 502, 'valid', 1, '10:07:32', '2021-09-03'),
(570, 502, 'valid', 1, '10:07:33', '2021-09-03'),
(571, 200, 'valid', 1, '10:08:50', '2021-09-03'),
(572, 500, 'valid', 1, '01:15:46', '2021-09-03'),
(573, 200, 'valid', 1, '01:28:37', '2021-09-03'),
(574, 503, 'valid', 1, '01:59:14', '2021-09-03'),
(575, 500, 'valid', 1, '02:07:38', '2021-09-03'),
(576, 200, 'valid', 1, '02:24:49', '2021-09-03'),
(577, 200, 'valid', 1, '02:24:50', '2021-09-03'),
(578, 502, 'valid', 1, '02:38:49', '2021-09-03'),
(579, 502, 'valid', 1, '02:38:50', '2021-09-03'),
(580, 502, 'valid', 1, '02:39:10', '2021-09-03'),
(581, 502, 'valid', 1, '02:39:12', '2021-09-03'),
(582, 500, 'valid', 1, '02:48:24', '2021-09-03'),
(583, 1001, 'valid', 1, '02:51:01', '2021-09-03'),
(584, 1001, 'valid', 1, '02:51:02', '2021-09-03'),
(585, 2000, 'valid', 1, '03:15:38', '2021-09-03'),
(586, 2000, 'valid', 1, '03:15:39', '2021-09-03'),
(587, 1003, 'valid', 1, '03:18:15', '2021-09-03'),
(588, 1003, 'valid', 1, '03:18:16', '2021-09-03'),
(589, 1002, 'valid', 1, '03:21:37', '2021-09-03'),
(590, 1002, 'valid', 1, '03:21:58', '2021-09-03'),
(591, 503, 'valid', 1, '04:03:01', '2021-09-03'),
(592, 1001, 'valid', 1, '05:08:16', '2021-09-03'),
(593, 1001, 'valid', 1, '05:08:18', '2021-09-03'),
(594, 1000, 'valid', 1, '05:12:30', '2021-09-03'),
(595, 1000, 'valid', 1, '05:12:32', '2021-09-03'),
(596, 503, 'valid', 1, '06:04:07', '2021-09-03'),
(597, 500, 'valid', 1, '06:06:17', '2021-09-03'),
(598, 500, 'valid', 1, '06:06:18', '2021-09-03'),
(599, 502, 'valid', 1, '06:11:31', '2021-09-03'),
(600, 502, 'valid', 1, '06:11:32', '2021-09-03'),
(601, 200, 'valid', 1, '06:12:05', '2021-09-03'),
(602, 1003, 'valid', 1, '10:34:47', '2021-09-04'),
(603, 1003, 'valid', 1, '10:34:48', '2021-09-04'),
(604, 1001, 'valid', 1, '10:34:49', '2021-09-04'),
(605, 1001, 'valid', 1, '10:34:50', '2021-09-04'),
(606, 1001, 'valid', 1, '10:34:51', '2021-09-04'),
(607, 1001, 'valid', 1, '10:34:52', '2021-09-04'),
(608, 1001, 'valid', 1, '10:34:53', '2021-09-04'),
(609, 1001, 'valid', 1, '10:34:54', '2021-09-04'),
(610, 1001, 'valid', 1, '10:34:56', '2021-09-04'),
(611, 1002, 'valid', 1, '10:34:57', '2021-09-04'),
(612, 1002, 'valid', 1, '10:34:58', '2021-09-04'),
(613, 1002, 'valid', 1, '10:34:59', '2021-09-04'),
(614, 1002, 'valid', 1, '10:35:00', '2021-09-04'),
(615, 1000, 'valid', 1, '10:35:01', '2021-09-04'),
(616, 1000, 'valid', 1, '10:35:02', '2021-09-04'),
(617, 502, 'valid', 1, '10:56:45', '2021-09-04'),
(618, 502, 'valid', 1, '10:56:46', '2021-09-04'),
(619, 502, 'valid', 1, '10:58:23', '2021-09-04'),
(620, 502, 'valid', 1, '10:58:24', '2021-09-04'),
(621, 1001, 'valid', 1, '11:03:28', '2021-09-04'),
(622, 200, 'valid', 1, '11:07:19', '2021-09-04'),
(623, 200, 'valid', 1, '11:07:42', '2021-09-04'),
(624, 200, 'valid', 1, '11:08:03', '2021-09-04'),
(625, 200, 'valid', 1, '11:08:04', '2021-09-04'),
(626, 1002, 'valid', 1, '11:52:23', '2021-09-04'),
(627, 1002, 'valid', 1, '11:52:56', '2021-09-04'),
(628, 1002, 'valid', 1, '11:53:09', '2021-09-04'),
(629, 1001, 'valid', 1, '01:03:44', '2021-09-04'),
(630, 1001, 'valid', 1, '01:03:45', '2021-09-04'),
(631, 1000, 'valid', 1, '01:04:07', '2021-09-04'),
(632, 1000, 'valid', 1, '01:04:08', '2021-09-04'),
(633, 1003, 'valid', 1, '01:11:14', '2021-09-04'),
(634, 1003, 'valid', 1, '01:11:15', '2021-09-04'),
(635, 1003, 'valid', 1, '01:11:16', '2021-09-04'),
(636, 1003, 'valid', 1, '01:11:17', '2021-09-04'),
(637, 1002, 'valid', 1, '01:33:27', '2021-09-04'),
(638, 200, 'valid', 1, '02:20:15', '2021-09-04'),
(639, 502, 'valid', 1, '02:22:04', '2021-09-04'),
(640, 502, 'valid', 1, '02:22:05', '2021-09-04'),
(641, 1002, 'valid', 1, '09:03:49', '2021-09-06'),
(642, 1002, 'valid', 1, '09:03:50', '2021-09-06'),
(643, 1003, 'valid', 1, '09:04:39', '2021-09-06'),
(644, 1003, 'valid', 1, '09:04:40', '2021-09-06'),
(645, 1001, 'valid', 1, '09:05:02', '2021-09-06'),
(646, 1000, 'valid', 1, '09:13:12', '2021-09-06'),
(647, 1000, 'valid', 1, '09:13:13', '2021-09-06'),
(648, 200, 'valid', 1, '10:05:00', '2021-09-06'),
(649, 502, 'valid', 1, '10:09:53', '2021-09-06'),
(650, 502, 'valid', 1, '10:09:54', '2021-09-06'),
(651, 503, 'valid', 1, '10:12:14', '2021-09-06'),
(652, 500, 'valid', 1, '10:13:49', '2021-09-06'),
(653, 500, 'valid', 1, '11:12:44', '2021-09-06'),
(654, 1001, 'valid', 1, '11:12:45', '2021-09-06'),
(655, 500, 'valid', 1, '11:25:53', '2021-09-06'),
(656, 500, 'valid', 1, '11:26:24', '2021-09-06'),
(657, 500, 'valid', 1, '11:26:25', '2021-09-06'),
(658, 500, 'valid', 1, '11:26:26', '2021-09-06'),
(659, 500, 'valid', 1, '11:26:27', '2021-09-06'),
(660, 500, 'valid', 1, '11:26:28', '2021-09-06'),
(661, 500, 'valid', 1, '11:39:15', '2021-09-06'),
(662, 500, 'valid', 1, '11:52:29', '2021-09-06'),
(663, 500, 'valid', 1, '12:02:24', '2021-09-06'),
(664, 500, 'valid', 1, '12:02:25', '2021-09-06'),
(665, 500, 'valid', 1, '12:02:35', '2021-09-06'),
(666, 500, 'valid', 1, '12:02:36', '2021-09-06'),
(667, 500, 'valid', 1, '12:05:26', '2021-09-06'),
(668, 500, 'valid', 1, '12:05:27', '2021-09-06'),
(669, 500, 'valid', 1, '12:05:44', '2021-09-06'),
(670, 1001, 'valid', 1, '12:08:32', '2021-09-06'),
(671, 1001, 'valid', 1, '12:09:37', '2021-09-06'),
(672, 1001, 'valid', 1, '12:11:32', '2021-09-06'),
(673, 1001, 'valid', 1, '12:12:53', '2021-09-06'),
(674, 1001, 'valid', 1, '12:14:18', '2021-09-06'),
(675, 1001, 'valid', 1, '12:16:47', '2021-09-06'),
(676, 1001, 'valid', 1, '12:17:18', '2021-09-06'),
(677, 1001, 'valid', 1, '12:18:04', '2021-09-06'),
(678, 1001, 'valid', 1, '12:23:17', '2021-09-06'),
(679, 1001, 'valid', 1, '12:24:47', '2021-09-06'),
(680, 1001, 'valid', 1, '12:32:36', '2021-09-06'),
(681, 1001, 'valid', 1, '12:33:04', '2021-09-06'),
(682, 1001, 'valid', 1, '12:34:23', '2021-09-06'),
(683, 1001, 'valid', 1, '12:37:40', '2021-09-06'),
(684, 1001, 'valid', 1, '12:38:46', '2021-09-06'),
(685, 1001, 'valid', 1, '12:39:03', '2021-09-06'),
(686, 1001, 'valid', 1, '12:39:13', '2021-09-06'),
(687, 1001, 'valid', 1, '12:39:19', '2021-09-06'),
(688, 1001, 'valid', 1, '13:06:56', '2021-09-06'),
(689, 1003, 'valid', 1, '13:07:02', '2021-09-06'),
(690, 1003, 'valid', 1, '13:07:03', '2021-09-06'),
(691, 1001, 'valid', 1, '13:07:27', '2021-09-06'),
(692, 1001, 'valid', 1, '13:07:28', '2021-09-06'),
(693, 500, 'valid', 1, '13:08:21', '2021-09-06'),
(694, 502, 'valid', 1, '13:19:15', '2021-09-06'),
(695, 503, 'valid', 1, '13:24:20', '2021-09-06'),
(696, 1003, 'valid', 1, '13:25:40', '2021-09-06'),
(697, 1001, 'valid', 1, '13:28:02', '2021-09-06'),
(698, 1001, 'valid', 1, '13:28:03', '2021-09-06'),
(699, 1001, 'valid', 1, '13:28:50', '2021-09-06'),
(700, 1001, 'valid', 1, '13:28:51', '2021-09-06'),
(701, 1001, 'valid', 1, '13:29:21', '2021-09-06'),
(702, 1001, 'valid', 1, '13:29:22', '2021-09-06'),
(703, 1001, 'valid', 1, '13:31:40', '2021-09-06'),
(704, 1001, 'valid', 1, '13:31:42', '2021-09-06'),
(705, 503, 'valid', 1, '13:32:46', '2021-09-06'),
(706, 503, 'valid', 1, '13:33:14', '2021-09-06'),
(707, 502, 'valid', 1, '13:33:30', '2021-09-06'),
(708, 502, 'valid', 1, '13:33:31', '2021-09-06'),
(709, 1001, 'valid', 1, '13:35:47', '2021-09-06'),
(710, 1001, 'valid', 1, '13:35:48', '2021-09-06'),
(711, 500, 'valid', 1, '13:36:06', '2021-09-06'),
(712, 1001, 'valid', 1, '13:38:50', '2021-09-06'),
(713, 2002, 'valid', 1, '14:41:57', '2021-09-06'),
(714, 2002, 'valid', 1, '14:41:58', '2021-09-06'),
(715, 2002, 'valid', 1, '14:41:59', '2021-09-06'),
(716, 2002, 'valid', 1, '14:42:00', '2021-09-06'),
(717, 2001, 'valid', 1, '14:44:41', '2021-09-06'),
(718, 2001, 'valid', 1, '14:44:42', '2021-09-06'),
(719, 2001, 'valid', 1, '14:44:44', '2021-09-06'),
(720, 500, 'valid', 1, '14:48:10', '2021-09-06'),
(721, 2006, 'valid', 1, '14:48:20', '2021-09-06'),
(722, 2005, 'valid', 1, '14:56:34', '2021-09-06'),
(723, 2005, 'valid', 1, '14:57:04', '2021-09-06'),
(724, 500, 'valid', 1, '15:02:39', '2021-09-06'),
(725, 1004, 'valid', 1, '15:02:56', '2021-09-06'),
(726, 500, 'valid', 1, '15:03:31', '2021-09-06'),
(727, 2004, 'valid', 1, '15:08:28', '2021-09-06'),
(728, 2004, 'valid', 1, '15:08:29', '2021-09-06'),
(729, 2003, 'valid', 1, '16:09:57', '2021-09-06'),
(730, 1001, 'valid', 1, '16:28:58', '2021-09-06'),
(731, 1001, 'valid', 1, '16:39:30', '2021-09-06'),
(732, 1001, 'valid', 1, '16:52:30', '2021-09-06'),
(733, 1003, 'valid', 1, '17:10:00', '2021-09-06'),
(734, 1003, 'valid', 1, '17:10:02', '2021-09-06'),
(735, 1001, 'valid', 1, '17:12:04', '2021-09-06'),
(736, 2002, 'valid', 1, '17:31:32', '2021-09-06'),
(737, 2002, 'valid', 1, '17:31:33', '2021-09-06'),
(738, 500, 'valid', 1, '17:43:16', '2021-09-06'),
(739, 1002, 'valid', 1, '17:48:16', '2021-09-06'),
(740, 1002, 'valid', 1, '17:49:11', '2021-09-06'),
(741, 500, 'valid', 1, '17:57:49', '2021-09-06'),
(742, 1004, 'valid', 1, '17:59:32', '2021-09-06'),
(743, 1004, 'valid', 1, '17:59:34', '2021-09-06'),
(744, 503, 'valid', 1, '18:00:30', '2021-09-06'),
(745, 503, 'valid', 1, '18:01:05', '2021-09-06'),
(746, 500, 'valid', 1, '18:09:41', '2021-09-06'),
(747, 500, 'valid', 1, '18:10:07', '2021-09-06'),
(748, 502, 'valid', 1, '18:14:14', '2021-09-06'),
(749, 502, 'valid', 1, '18:14:15', '2021-09-06'),
(750, 200, 'valid', 1, '18:48:57', '2021-09-06'),
(751, 1000, 'valid', 1, '19:30:02', '2021-09-06'),
(752, 1000, 'valid', 1, '19:30:04', '2021-09-06'),
(753, 1003, 'valid', 1, '08:58:17', '2021-09-07'),
(754, 1003, 'valid', 1, '08:58:18', '2021-09-07'),
(755, 1001, 'valid', 1, '09:01:53', '2021-09-07'),
(756, 1001, 'valid', 1, '09:01:54', '2021-09-07'),
(757, 2006, 'valid', 1, '09:04:53', '2021-09-07'),
(758, 1002, 'valid', 1, '09:07:26', '2021-09-07'),
(759, 1002, 'valid', 1, '09:07:41', '2021-09-07'),
(760, 1003, 'valid', 1, '09:11:14', '2021-09-07'),
(761, 1003, 'valid', 1, '09:11:15', '2021-09-07'),
(762, 2003, 'valid', 1, '09:15:13', '2021-09-07'),
(763, 2003, 'valid', 1, '09:15:14', '2021-09-07'),
(764, 2003, 'valid', 1, '09:15:15', '2021-09-07'),
(765, 2001, 'valid', 1, '09:19:37', '2021-09-07'),
(766, 2001, 'valid', 1, '09:19:38', '2021-09-07'),
(767, 1000, 'valid', 1, '10:00:36', '2021-09-07'),
(768, 200, 'valid', 1, '10:00:37', '2021-09-07'),
(769, 200, 'valid', 1, '10:00:38', '2021-09-07'),
(770, 1000, 'valid', 1, '10:00:39', '2021-09-07'),
(771, 500, 'valid', 1, '10:00:40', '2021-09-07'),
(772, 500, 'valid', 1, '10:00:41', '2021-09-07'),
(773, 500, 'valid', 1, '10:00:42', '2021-09-07'),
(774, 500, 'valid', 1, '10:00:43', '2021-09-07'),
(775, 500, 'valid', 1, '10:00:44', '2021-09-07'),
(776, 502, 'valid', 1, '10:00:45', '2021-09-07'),
(777, 200, 'valid', 1, '10:00:46', '2021-09-07'),
(778, 200, 'valid', 1, '10:00:47', '2021-09-07'),
(779, 200, 'valid', 1, '10:01:15', '2021-09-07'),
(780, 1000, 'valid', 1, '10:02:34', '2021-09-07'),
(781, 1000, 'valid', 1, '10:02:35', '2021-09-07'),
(782, 2004, 'valid', 1, '10:02:40', '2021-09-07'),
(783, 2004, 'valid', 1, '10:02:41', '2021-09-07'),
(784, 502, 'valid', 1, '10:02:48', '2021-09-07'),
(785, 502, 'valid', 1, '10:02:49', '2021-09-07'),
(786, 503, 'valid', 1, '10:10:01', '2021-09-07'),
(787, 503, 'valid', 1, '10:11:22', '2021-09-07'),
(788, 1004, 'valid', 1, '11:37:28', '2021-09-07'),
(789, 1004, 'valid', 1, '11:37:29', '2021-09-07'),
(790, 1000, 'valid', 1, '13:02:00', '2021-09-07'),
(791, 1000, 'valid', 1, '13:02:01', '2021-09-07'),
(792, 1001, 'valid', 1, '13:03:25', '2021-09-07'),
(793, 1003, 'valid', 1, '13:05:54', '2021-09-07'),
(794, 1003, 'valid', 1, '13:05:55', '2021-09-07'),
(795, 500, 'valid', 1, '13:06:15', '2021-09-07'),
(796, 200, 'valid', 1, '13:08:58', '2021-09-07'),
(797, 503, 'valid', 1, '13:12:42', '2021-09-07'),
(798, 502, 'valid', 1, '13:18:49', '2021-09-07'),
(799, 502, 'valid', 1, '13:18:50', '2021-09-07'),
(800, 1004, 'valid', 1, '13:30:10', '2021-09-07'),
(801, 1003, 'valid', 1, '13:31:19', '2021-09-07'),
(802, 1003, 'valid', 1, '13:31:20', '2021-09-07'),
(803, 1003, 'valid', 1, '13:31:21', '2021-09-07'),
(804, 2006, 'valid', 1, '13:32:41', '2021-09-07'),
(805, 2006, 'valid', 1, '13:32:42', '2021-09-07'),
(806, 2001, 'valid', 1, '13:33:23', '2021-09-07'),
(807, 2001, 'valid', 1, '13:33:24', '2021-09-07'),
(808, 200, 'valid', 1, '13:35:26', '2021-09-07'),
(809, 1001, 'valid', 1, '13:35:41', '2021-09-07'),
(810, 502, 'valid', 1, '13:42:36', '2021-09-07'),
(811, 502, 'valid', 1, '13:42:37', '2021-09-07'),
(812, 2006, 'valid', 1, '13:52:23', '2021-09-07'),
(813, 500, 'valid', 1, '13:54:13', '2021-09-07'),
(814, 1004, 'valid', 1, '14:12:44', '2021-09-07'),
(815, 1004, 'valid', 1, '14:12:45', '2021-09-07'),
(816, 2001, 'valid', 1, '14:12:46', '2021-09-07'),
(817, 2001, 'valid', 1, '14:12:47', '2021-09-07'),
(818, 2001, 'valid', 1, '14:12:48', '2021-09-07'),
(819, 2006, 'valid', 1, '17:06:39', '2021-09-07'),
(820, 2006, 'valid', 1, '17:07:03', '2021-09-07'),
(821, 1003, 'valid', 1, '17:09:59', '2021-09-07'),
(822, 1001, 'valid', 1, '17:10:16', '2021-09-07'),
(823, 1001, 'valid', 1, '17:10:17', '2021-09-07'),
(824, 2003, 'valid', 1, '18:11:47', '2021-09-07'),
(825, 2003, 'valid', 1, '18:11:48', '2021-09-07'),
(826, 2003, 'valid', 1, '18:11:50', '2021-09-07'),
(827, 200, 'valid', 1, '18:11:51', '2021-09-07'),
(828, 2001, 'valid', 1, '18:11:52', '2021-09-07'),
(829, 2001, 'valid', 1, '18:11:53', '2021-09-07'),
(830, 2001, 'valid', 1, '18:11:54', '2021-09-07'),
(831, 503, 'valid', 1, '18:11:55', '2021-09-07'),
(832, 1002, 'valid', 1, '18:11:56', '2021-09-07'),
(833, 1002, 'valid', 1, '18:11:57', '2021-09-07'),
(834, 1002, 'valid', 1, '18:11:58', '2021-09-07'),
(835, 500, 'valid', 1, '18:11:59', '2021-09-07'),
(836, 500, 'valid', 1, '18:12:00', '2021-09-07'),
(837, 500, 'valid', 1, '18:12:42', '2021-09-07'),
(838, 502, 'valid', 1, '18:29:45', '2021-09-07'),
(839, 502, 'valid', 1, '18:29:46', '2021-09-07'),
(840, 200, 'valid', 1, '18:29:57', '2021-09-07'),
(841, 1000, 'valid', 1, '19:25:14', '2021-09-07'),
(842, 1000, 'valid', 1, '19:25:15', '2021-09-07'),
(843, 1002, 'valid', 1, '08:59:04', '2021-09-08'),
(844, 1002, 'valid', 1, '08:59:05', '2021-09-08'),
(845, 1001, 'valid', 1, '09:00:40', '2021-09-08'),
(846, 2006, 'valid', 1, '09:01:37', '2021-09-08'),
(847, 2004, 'valid', 1, '09:07:00', '2021-09-08'),
(848, 2004, 'valid', 1, '09:07:01', '2021-09-08'),
(849, 2004, 'valid', 1, '09:07:02', '2021-09-08'),
(850, 1003, 'valid', 1, '09:07:15', '2021-09-08'),
(851, 1003, 'valid', 1, '09:07:17', '2021-09-08'),
(852, 1003, 'valid', 1, '09:08:14', '2021-09-08'),
(853, 1000, 'valid', 1, '09:09:38', '2021-09-08'),
(854, 1000, 'valid', 1, '09:09:39', '2021-09-08'),
(855, 2002, 'valid', 1, '09:10:00', '2021-09-08'),
(856, 2002, 'valid', 1, '09:10:01', '2021-09-08'),
(857, 2003, 'valid', 1, '09:15:40', '2021-09-08'),
(858, 2003, 'valid', 1, '09:15:41', '2021-09-08'),
(859, 2001, 'valid', 1, '09:17:36', '2021-09-08'),
(860, 2001, 'valid', 1, '09:17:38', '2021-09-08'),
(861, 2005, 'valid', 1, '09:43:33', '2021-09-08'),
(862, 2005, 'valid', 1, '09:43:34', '2021-09-08'),
(863, 500, 'valid', 1, '09:46:57', '2021-09-08'),
(864, 502, 'valid', 1, '10:00:02', '2021-09-08'),
(865, 502, 'valid', 1, '10:00:03', '2021-09-08'),
(866, 503, 'valid', 1, '10:05:12', '2021-09-08'),
(867, 1001, 'valid', 1, '10:11:05', '2021-09-08'),
(868, 200, 'valid', 1, '10:20:56', '2021-09-08'),
(869, 1001, 'valid', 1, '10:26:03', '2021-09-08'),
(870, 1001, 'valid', 1, '10:27:34', '2021-09-08'),
(871, 1001, 'valid', 1, '10:27:55', '2021-09-08'),
(872, 1001, 'valid', 1, '10:29:41', '2021-09-08'),
(873, 1001, 'valid', 1, '10:30:47', '2021-09-08'),
(874, 1001, 'valid', 1, '10:31:08', '2021-09-08'),
(875, 1001, 'valid', 1, '10:31:26', '2021-09-08'),
(876, 1001, 'valid', 1, '10:32:20', '2021-09-08'),
(877, 1001, 'valid', 1, '10:33:26', '2021-09-08'),
(878, 1001, 'valid', 1, '10:34:03', '2021-09-08'),
(879, 1001, 'valid', 1, '10:34:16', '2021-09-08'),
(880, 1001, 'valid', 1, '10:39:20', '2021-09-08'),
(881, 1001, 'valid', 1, '13:03:19', '2021-09-08'),
(882, 1001, 'valid', 1, '13:03:20', '2021-09-08'),
(883, 1003, 'valid', 1, '13:04:54', '2021-09-08'),
(884, 1003, 'valid', 1, '13:04:55', '2021-09-08'),
(885, 2003, 'valid', 1, '13:11:09', '2021-09-08'),
(886, 2003, 'valid', 1, '13:11:10', '2021-09-08'),
(887, 2005, 'valid', 1, '13:11:42', '2021-09-08'),
(888, 2005, 'valid', 1, '13:11:43', '2021-09-08'),
(889, 503, 'valid', 1, '13:16:48', '2021-09-08'),
(890, 500, 'valid', 1, '13:21:23', '2021-09-08'),
(891, 2003, 'valid', 1, '13:24:18', '2021-09-08'),
(892, 2003, 'valid', 1, '13:24:19', '2021-09-08'),
(893, 1003, 'valid', 1, '13:25:27', '2021-09-08'),
(894, 1003, 'valid', 1, '13:25:28', '2021-09-08'),
(895, 2005, 'valid', 1, '13:25:49', '2021-09-08'),
(896, 2005, 'valid', 1, '13:25:50', '2021-09-08'),
(897, 200, 'valid', 1, '13:29:31', '2021-09-08'),
(898, 502, 'valid', 1, '13:29:51', '2021-09-08'),
(899, 1001, 'valid', 1, '13:30:08', '2021-09-08'),
(900, 1001, 'valid', 1, '13:30:09', '2021-09-08'),
(901, 2001, 'valid', 1, '13:33:06', '2021-09-08'),
(902, 2001, 'valid', 1, '13:33:07', '2021-09-08'),
(903, 2006, 'valid', 1, '13:35:27', '2021-09-08'),
(904, 1002, 'valid', 1, '13:35:39', '2021-09-08'),
(905, 502, 'valid', 1, '13:46:22', '2021-09-08'),
(906, 502, 'valid', 1, '13:46:24', '2021-09-08'),
(907, 500, 'valid', 1, '13:46:49', '2021-09-08'),
(908, 200, 'valid', 1, '13:52:54', '2021-09-08'),
(909, 2006, 'valid', 1, '13:56:47', '2021-09-08'),
(910, 500, 'valid', 1, '13:59:51', '2021-09-08'),
(911, 2001, 'valid', 1, '14:02:44', '2021-09-08'),
(912, 2001, 'valid', 1, '14:02:45', '2021-09-08'),
(913, 1002, 'valid', 1, '14:02:55', '2021-09-08'),
(914, 1002, 'valid', 1, '14:02:56', '2021-09-08'),
(915, 1002, 'valid', 1, '14:59:46', '2021-09-08'),
(916, 1002, 'valid', 1, '14:59:47', '2021-09-08'),
(917, 503, 'valid', 1, '16:02:08', '2021-09-08'),
(918, 2004, 'valid', 1, '17:03:14', '2021-09-08'),
(919, 2006, 'valid', 1, '17:04:59', '2021-09-08'),
(920, 2006, 'valid', 1, '17:05:01', '2021-09-08'),
(921, 1002, 'valid', 1, '17:09:10', '2021-09-08'),
(922, 1002, 'valid', 1, '17:09:11', '2021-09-08'),
(923, 1003, 'valid', 1, '17:10:35', '2021-09-08'),
(924, 1003, 'valid', 1, '17:10:36', '2021-09-08'),
(925, 1001, 'valid', 1, '17:10:41', '2021-09-08'),
(926, 2003, 'valid', 1, '17:13:57', '2021-09-08'),
(927, 2003, 'valid', 1, '17:13:58', '2021-09-08'),
(928, 2005, 'valid', 1, '17:39:10', '2021-09-08'),
(929, 2005, 'valid', 1, '17:39:11', '2021-09-08'),
(930, 503, 'valid', 1, '18:01:54', '2021-09-08'),
(931, 500, 'valid', 1, '18:02:23', '2021-09-08'),
(932, 500, 'valid', 1, '18:02:24', '2021-09-08'),
(933, 2001, 'valid', 1, '18:03:02', '2021-09-08'),
(934, 2001, 'valid', 1, '18:03:03', '2021-09-08'),
(935, 502, 'valid', 1, '18:22:06', '2021-09-08'),
(936, 502, 'valid', 1, '18:22:07', '2021-09-08'),
(937, 200, 'valid', 1, '18:29:17', '2021-09-08'),
(938, 1000, 'valid', 1, '20:09:33', '2021-09-08'),
(939, 1000, 'valid', 1, '20:09:34', '2021-09-08'),
(940, 2002, 'valid', 1, '20:34:33', '2021-09-08'),
(941, 500, 'valid', 1, '07:33:25', '2021-09-09'),
(942, 500, 'valid', 1, '07:37:36', '2021-09-09'),
(943, 1000, 'valid', 1, '08:51:24', '2021-09-09'),
(944, 2002, 'valid', 1, '08:51:30', '2021-09-09'),
(945, 2002, 'valid', 1, '08:51:31', '2021-09-09'),
(946, 1003, 'valid', 1, '08:55:42', '2021-09-09'),
(947, 2005, 'valid', 1, '09:08:37', '2021-09-09'),
(948, 2005, 'valid', 1, '09:08:38', '2021-09-09'),
(949, 1001, 'valid', 1, '09:11:35', '2021-09-09'),
(950, 1001, 'valid', 1, '09:11:36', '2021-09-09'),
(951, 1001, 'valid', 1, '09:12:28', '2021-09-09'),
(952, 1001, 'valid', 1, '09:12:30', '2021-09-09'),
(953, 2002, 'valid', 1, '09:12:43', '2021-09-09'),
(954, 2002, 'valid', 1, '09:12:44', '2021-09-09'),
(955, 2006, 'valid', 1, '09:12:52', '2021-09-09'),
(956, 2006, 'valid', 1, '09:12:53', '2021-09-09'),
(957, 2001, 'valid', 1, '09:28:48', '2021-09-09'),
(958, 2001, 'valid', 1, '09:28:49', '2021-09-09'),
(959, 2001, 'valid', 1, '09:30:40', '2021-09-09'),
(960, 2001, 'valid', 1, '09:30:41', '2021-09-09'),
(961, 2001, 'valid', 1, '09:30:42', '2021-09-09'),
(962, 2005, 'valid', 1, '09:35:46', '2021-09-09'),
(963, 1003, 'valid', 1, '09:37:32', '2021-09-09'),
(964, 500, 'valid', 1, '10:01:29', '2021-09-09'),
(965, 503, 'valid', 1, '10:17:56', '2021-09-09'),
(966, 503, 'valid', 1, '10:17:57', '2021-09-09'),
(967, 2004, 'valid', 1, '10:23:02', '2021-09-09'),
(968, 2004, 'valid', 1, '10:23:09', '2021-09-09'),
(969, 1004, 'valid', 1, '10:51:18', '2021-09-09'),
(970, 1004, 'valid', 1, '10:51:19', '2021-09-09'),
(971, 200, 'valid', 1, '11:21:18', '2021-09-09'),
(972, 1001, 'valid', 1, '13:02:51', '2021-09-09'),
(973, 1001, 'valid', 1, '13:02:52', '2021-09-09'),
(974, 1003, 'valid', 1, '13:04:49', '2021-09-09'),
(975, 1003, 'valid', 1, '13:04:50', '2021-09-09'),
(976, 200, 'valid', 1, '13:11:39', '2021-09-09'),
(977, 1004, 'valid', 1, '13:16:36', '2021-09-09'),
(978, 503, 'valid', 1, '13:16:49', '2021-09-09'),
(979, 500, 'valid', 1, '13:19:39', '2021-09-09'),
(980, 1003, 'valid', 1, '13:23:28', '2021-09-09'),
(981, 1001, 'valid', 1, '13:25:20', '2021-09-09'),
(982, 1001, 'valid', 1, '13:25:21', '2021-09-09'),
(983, 200, 'valid', 1, '13:32:00', '2021-09-09'),
(984, 2006, 'valid', 1, '13:35:18', '2021-09-09'),
(985, 2006, 'valid', 1, '13:35:19', '2021-09-09'),
(986, 503, 'valid', 1, '13:37:42', '2021-09-09'),
(987, 500, 'valid', 1, '13:38:10', '2021-09-09'),
(988, 500, 'valid', 1, '13:38:38', '2021-09-09'),
(989, 2006, 'valid', 1, '13:54:01', '2021-09-09'),
(990, 2006, 'valid', 1, '13:54:02', '2021-09-09'),
(991, 2001, 'valid', 1, '13:54:31', '2021-09-09'),
(992, 2001, 'valid', 1, '13:54:33', '2021-09-09'),
(993, 2006, 'valid', 1, '13:54:49', '2021-09-09'),
(994, 2006, 'valid', 1, '13:54:50', '2021-09-09'),
(995, 2001, 'valid', 1, '13:55:00', '2021-09-09'),
(996, 2001, 'valid', 1, '13:55:02', '2021-09-09'),
(997, 1001, 'valid', 1, '14:47:18', '2021-09-09'),
(998, 1005, 'valid', 1, '14:59:45', '2021-09-09'),
(999, 1005, 'valid', 1, '14:59:46', '2021-09-09'),
(1000, 100, 'valid', 1, '15:05:30', '2021-09-09'),
(1001, 100, 'valid', 1, '15:05:31', '2021-09-09'),
(1002, 2000, 'valid', 1, '16:39:47', '2021-09-09'),
(1003, 2000, 'valid', 1, '16:39:48', '2021-09-09'),
(1004, 2000, 'valid', 1, '16:39:49', '2021-09-09'),
(1005, 100, 'valid', 1, '17:00:50', '2021-09-09'),
(1006, 100, 'valid', 1, '17:00:52', '2021-09-09'),
(1007, 2006, 'valid', 1, '17:01:32', '2021-09-09'),
(1008, 2006, 'valid', 1, '17:01:33', '2021-09-09'),
(1009, 2006, 'valid', 1, '17:01:58', '2021-09-09'),
(1010, 2006, 'valid', 1, '17:01:59', '2021-09-09'),
(1011, 1001, 'valid', 1, '17:03:34', '2021-09-09'),
(1012, 1001, 'valid', 1, '17:03:35', '2021-09-09'),
(1013, 102, 'valid', 1, '17:04:39', '2021-09-09'),
(1014, 102, 'valid', 1, '17:04:40', '2021-09-09'),
(1015, 2004, 'valid', 1, '17:04:51', '2021-09-09'),
(1016, 2004, 'valid', 1, '17:04:52', '2021-09-09'),
(1017, 1003, 'valid', 1, '17:06:34', '2021-09-09'),
(1018, 1003, 'valid', 1, '17:06:35', '2021-09-09'),
(1019, 101, 'valid', 1, '17:11:07', '2021-09-09'),
(1020, 101, 'valid', 1, '17:11:08', '2021-09-09'),
(1021, 101, 'valid', 1, '17:11:34', '2021-09-09'),
(1022, 101, 'valid', 1, '17:11:35', '2021-09-09'),
(1023, 2001, 'valid', 1, '17:14:46', '2021-09-09'),
(1024, 2001, 'valid', 1, '17:14:47', '2021-09-09'),
(1025, 2005, 'valid', 1, '17:36:12', '2021-09-09'),
(1026, 2005, 'valid', 1, '17:36:42', '2021-09-09'),
(1027, 2005, 'valid', 1, '17:36:43', '2021-09-09'),
(1028, 1000, 'valid', 1, '17:54:25', '2021-09-09'),
(1029, 1000, 'valid', 1, '17:54:26', '2021-09-09'),
(1030, 2002, 'valid', 1, '17:54:41', '2021-09-09'),
(1031, 2002, 'valid', 1, '17:55:26', '2021-09-09'),
(1032, 2002, 'valid', 1, '17:55:27', '2021-09-09'),
(1033, 500, 'valid', 1, '18:01:39', '2021-09-09');
INSERT INTO `emp_machine_thumbs` (`id`, `emp_id`, `status`, `location`, `time`, `date`) VALUES
(1034, 503, 'valid', 1, '18:02:17', '2021-09-09'),
(1035, 200, 'valid', 1, '18:33:13', '2021-09-09'),
(1036, 100, 'valid', 1, '08:33:01', '2021-09-10'),
(1037, 1000, 'valid', 1, '08:50:38', '2021-09-10'),
(1038, 1000, 'valid', 1, '08:50:39', '2021-09-10'),
(1039, 2002, 'valid', 1, '08:51:08', '2021-09-10'),
(1040, 2002, 'valid', 1, '08:51:09', '2021-09-10'),
(1041, 2002, 'valid', 1, '08:51:21', '2021-09-10'),
(1042, 2002, 'valid', 1, '08:51:23', '2021-09-10'),
(1043, 1003, 'valid', 1, '08:56:50', '2021-09-10'),
(1044, 1003, 'valid', 1, '08:56:51', '2021-09-10'),
(1045, 1000, 'valid', 1, '08:59:02', '2021-09-10'),
(1046, 1000, 'valid', 1, '08:59:26', '2021-09-10'),
(1047, 1000, 'valid', 1, '08:59:27', '2021-09-10'),
(1048, 1001, 'valid', 1, '09:02:47', '2021-09-10'),
(1049, 1001, 'valid', 1, '09:02:48', '2021-09-10'),
(1050, 1001, 'valid', 1, '09:03:33', '2021-09-10'),
(1051, 1001, 'valid', 1, '09:03:34', '2021-09-10'),
(1052, 1003, 'valid', 1, '09:03:46', '2021-09-10'),
(1053, 100, 'valid', 1, '09:04:17', '2021-09-10'),
(1054, 100, 'valid', 1, '09:04:18', '2021-09-10'),
(1055, 1002, 'valid', 1, '09:04:38', '2021-09-10'),
(1056, 102, 'valid', 1, '09:06:45', '2021-09-10'),
(1057, 102, 'valid', 1, '09:06:46', '2021-09-10'),
(1058, 102, 'valid', 1, '09:06:47', '2021-09-10'),
(1059, 101, 'valid', 1, '09:12:36', '2021-09-10'),
(1060, 101, 'valid', 1, '09:12:37', '2021-09-10'),
(1061, 101, 'valid', 1, '09:12:38', '2021-09-10'),
(1062, 101, 'valid', 1, '09:12:40', '2021-09-10'),
(1063, 2006, 'valid', 1, '09:13:02', '2021-09-10'),
(1064, 2006, 'valid', 1, '09:13:03', '2021-09-10'),
(1065, 2003, 'valid', 1, '09:15:28', '2021-09-10'),
(1066, 2003, 'valid', 1, '09:15:29', '2021-09-10'),
(1067, 2004, 'valid', 1, '09:21:41', '2021-09-10'),
(1068, 2000, 'valid', 1, '09:23:24', '2021-09-10'),
(1069, 2000, 'valid', 1, '09:23:25', '2021-09-10'),
(1070, 2001, 'valid', 1, '09:27:02', '2021-09-10'),
(1071, 2001, 'valid', 1, '09:27:04', '2021-09-10'),
(1072, 500, 'valid', 1, '09:53:46', '2021-09-10'),
(1073, 1000, 'valid', 1, '09:57:17', '2021-09-10'),
(1074, 1000, 'valid', 1, '09:57:47', '2021-09-10'),
(1075, 1006, 'valid', 1, '10:01:35', '2021-09-10'),
(1076, 1006, 'valid', 1, '10:01:36', '2021-09-10'),
(1077, 2008, 'valid', 1, '10:06:06', '2021-09-10'),
(1078, 2008, 'valid', 1, '10:06:08', '2021-09-10'),
(1079, 2008, 'valid', 1, '10:06:09', '2021-09-10'),
(1080, 2008, 'valid', 1, '10:06:10', '2021-09-10'),
(1081, 503, 'valid', 1, '10:09:14', '2021-09-10'),
(1082, 200, 'valid', 1, '10:19:23', '2021-09-10'),
(1083, 502, 'valid', 1, '10:40:02', '2021-09-10'),
(1084, 502, 'valid', 1, '10:40:03', '2021-09-10'),
(1085, 1005, 'valid', 1, '11:33:13', '2021-09-10'),
(1086, 1005, 'valid', 1, '11:33:14', '2021-09-10'),
(1087, 1004, 'valid', 1, '11:40:36', '2021-09-10'),
(1088, 1004, 'valid', 1, '11:40:37', '2021-09-10'),
(1089, 2002, 'valid', 1, '12:17:02', '2021-09-10'),
(1090, 100, 'valid', 1, '12:59:36', '2021-09-10'),
(1091, 1001, 'valid', 1, '13:02:07', '2021-09-10'),
(1092, 1001, 'valid', 1, '13:02:08', '2021-09-10'),
(1093, 2006, 'valid', 1, '13:02:29', '2021-09-10'),
(1094, 2006, 'valid', 1, '13:02:30', '2021-09-10'),
(1095, 2003, 'valid', 1, '13:02:45', '2021-09-10'),
(1096, 2003, 'valid', 1, '13:02:46', '2021-09-10'),
(1097, 2002, 'valid', 1, '13:03:11', '2021-09-10'),
(1098, 2002, 'valid', 1, '13:03:12', '2021-09-10'),
(1099, 1005, 'valid', 1, '13:04:20', '2021-09-10'),
(1100, 1005, 'valid', 1, '13:04:21', '2021-09-10'),
(1101, 1002, 'valid', 1, '13:08:51', '2021-09-10'),
(1102, 1003, 'valid', 1, '13:16:10', '2021-09-10'),
(1103, 1003, 'valid', 1, '13:16:11', '2021-09-10'),
(1104, 500, 'valid', 1, '13:21:29', '2021-09-10'),
(1105, 100, 'valid', 1, '13:27:46', '2021-09-10'),
(1106, 200, 'valid', 1, '13:28:26', '2021-09-10'),
(1107, 502, 'valid', 1, '13:31:50', '2021-09-10'),
(1108, 502, 'valid', 1, '13:31:51', '2021-09-10'),
(1109, 503, 'valid', 1, '13:57:01', '2021-09-10'),
(1110, 200, 'valid', 1, '13:58:02', '2021-09-10'),
(1111, 503, 'valid', 1, '14:17:17', '2021-09-10'),
(1112, 2003, 'valid', 1, '14:19:41', '2021-09-10'),
(1113, 2003, 'valid', 1, '14:19:42', '2021-09-10'),
(1114, 1003, 'valid', 1, '14:19:54', '2021-09-10'),
(1115, 1003, 'valid', 1, '14:19:55', '2021-09-10'),
(1116, 1001, 'valid', 1, '14:21:59', '2021-09-10'),
(1117, 1001, 'valid', 1, '14:22:00', '2021-09-10'),
(1118, 2006, 'valid', 1, '14:25:28', '2021-09-10'),
(1119, 1002, 'valid', 1, '14:26:07', '2021-09-10'),
(1120, 1002, 'valid', 1, '14:26:08', '2021-09-10'),
(1121, 502, 'valid', 1, '14:34:18', '2021-09-10'),
(1122, 502, 'valid', 1, '14:34:20', '2021-09-10'),
(1123, 500, 'valid', 1, '14:35:22', '2021-09-10'),
(1124, 2012, 'valid', 1, '16:08:23', '2021-09-10'),
(1125, 2012, 'valid', 1, '16:08:24', '2021-09-10'),
(1126, 1000, 'valid', 1, '16:11:34', '2021-09-10'),
(1127, 1000, 'valid', 1, '16:11:35', '2021-09-10'),
(1128, 2010, 'valid', 1, '16:19:12', '2021-09-10'),
(1129, 2010, 'valid', 1, '16:19:13', '2021-09-10'),
(1130, 2010, 'valid', 1, '16:21:21', '2021-09-10'),
(1131, 1008, 'valid', 1, '16:30:55', '2021-09-10'),
(1132, 1008, 'valid', 1, '16:30:56', '2021-09-10'),
(1133, 1008, 'valid', 1, '16:30:57', '2021-09-10'),
(1134, 1009, 'valid', 1, '16:43:26', '2021-09-10'),
(1135, 1009, 'valid', 1, '16:43:28', '2021-09-10'),
(1136, 2003, 'valid', 1, '17:03:20', '2021-09-10'),
(1137, 2003, 'valid', 1, '17:03:21', '2021-09-10'),
(1138, 2006, 'valid', 1, '17:04:01', '2021-09-10'),
(1139, 102, 'valid', 1, '17:04:10', '2021-09-10'),
(1140, 102, 'valid', 1, '17:04:11', '2021-09-10'),
(1141, 2010, 'valid', 1, '17:04:40', '2021-09-10'),
(1142, 2010, 'valid', 1, '17:04:41', '2021-09-10'),
(1143, 2007, 'valid', 1, '17:05:20', '2021-09-10'),
(1144, 2007, 'valid', 1, '17:05:22', '2021-09-10'),
(1145, 2007, 'valid', 1, '17:05:34', '2021-09-10'),
(1146, 2012, 'valid', 1, '17:05:47', '2021-09-10'),
(1147, 2012, 'valid', 1, '17:05:48', '2021-09-10'),
(1148, 1001, 'valid', 1, '17:07:45', '2021-09-10'),
(1149, 1001, 'valid', 1, '17:07:57', '2021-09-10'),
(1150, 1001, 'valid', 1, '17:07:58', '2021-09-10'),
(1151, 2004, 'valid', 1, '17:08:55', '2021-09-10'),
(1152, 2004, 'valid', 1, '17:08:56', '2021-09-10'),
(1153, 1007, 'valid', 1, '17:10:54', '2021-09-10'),
(1154, 1007, 'valid', 1, '17:10:56', '2021-09-10'),
(1155, 1003, 'valid', 1, '17:11:30', '2021-09-10'),
(1156, 1003, 'valid', 1, '17:11:31', '2021-09-10'),
(1157, 2008, 'valid', 1, '17:15:27', '2021-09-10'),
(1158, 2008, 'valid', 1, '17:15:28', '2021-09-10'),
(1159, 100, 'valid', 1, '17:17:21', '2021-09-10'),
(1160, 100, 'valid', 1, '17:19:47', '2021-09-10'),
(1161, 2001, 'valid', 1, '17:46:28', '2021-09-10'),
(1162, 2001, 'valid', 1, '17:46:29', '2021-09-10'),
(1163, 2001, 'valid', 1, '17:46:31', '2021-09-10'),
(1164, 101, 'valid', 1, '17:46:41', '2021-09-10'),
(1165, 101, 'valid', 1, '17:46:42', '2021-09-10'),
(1166, 101, 'valid', 1, '17:46:43', '2021-09-10'),
(1167, 101, 'valid', 1, '17:46:44', '2021-09-10'),
(1168, 101, 'valid', 1, '17:47:13', '2021-09-10'),
(1169, 101, 'valid', 1, '17:47:14', '2021-09-10'),
(1170, 101, 'valid', 1, '17:47:15', '2021-09-10'),
(1171, 101, 'valid', 1, '17:47:16', '2021-09-10'),
(1172, 1006, 'valid', 1, '17:47:43', '2021-09-10'),
(1173, 1006, 'valid', 1, '17:47:44', '2021-09-10'),
(1174, 1002, 'valid', 1, '17:48:54', '2021-09-10'),
(1175, 1002, 'valid', 1, '17:48:55', '2021-09-10'),
(1176, 1008, 'valid', 1, '18:02:36', '2021-09-10'),
(1177, 1008, 'valid', 1, '18:02:38', '2021-09-10'),
(1178, 503, 'valid', 1, '18:05:51', '2021-09-10'),
(1179, 500, 'valid', 1, '18:15:24', '2021-09-10'),
(1180, 502, 'valid', 1, '18:44:45', '2021-09-10'),
(1181, 502, 'valid', 1, '18:44:46', '2021-09-10'),
(1182, 200, 'valid', 1, '19:00:35', '2021-09-10'),
(1183, 2002, 'valid', 1, '09:11:51', '2021-09-11'),
(1184, 2005, 'valid', 1, '09:11:52', '2021-09-11'),
(1185, 2005, 'valid', 1, '09:11:53', '2021-09-11'),
(1186, 101, 'valid', 1, '09:11:54', '2021-09-11'),
(1187, 101, 'valid', 1, '09:11:55', '2021-09-11'),
(1188, 101, 'valid', 1, '09:11:56', '2021-09-11'),
(1189, 101, 'valid', 1, '09:11:57', '2021-09-11'),
(1190, 101, 'valid', 1, '09:11:58', '2021-09-11'),
(1191, 102, 'valid', 1, '09:11:59', '2021-09-11'),
(1192, 102, 'valid', 1, '09:12:00', '2021-09-11'),
(1193, 102, 'valid', 1, '09:12:01', '2021-09-11'),
(1194, 2006, 'valid', 1, '09:12:02', '2021-09-11'),
(1195, 2006, 'valid', 1, '09:12:03', '2021-09-11'),
(1196, 2006, 'valid', 1, '09:12:04', '2021-09-11'),
(1197, 2006, 'valid', 1, '09:12:27', '2021-09-11'),
(1198, 2006, 'valid', 1, '09:12:31', '2021-09-11'),
(1199, 1001, 'valid', 1, '09:12:45', '2021-09-11'),
(1200, 1001, 'valid', 1, '09:12:46', '2021-09-11'),
(1201, 1007, 'valid', 1, '09:12:59', '2021-09-11'),
(1202, 1007, 'valid', 1, '09:13:01', '2021-09-11'),
(1203, 100, 'valid', 1, '09:17:32', '2021-09-11'),
(1204, 2012, 'valid', 1, '09:19:16', '2021-09-11'),
(1205, 2012, 'valid', 1, '09:19:17', '2021-09-11'),
(1206, 1003, 'valid', 1, '09:19:33', '2021-09-11'),
(1207, 1003, 'valid', 1, '09:19:34', '2021-09-11'),
(1208, 200, 'valid', 1, '09:21:54', '2021-09-11'),
(1209, 2005, 'valid', 1, '09:22:27', '2021-09-11'),
(1210, 2005, 'valid', 1, '09:22:28', '2021-09-11'),
(1211, 2001, 'valid', 1, '09:25:13', '2021-09-11'),
(1212, 2001, 'valid', 1, '09:25:14', '2021-09-11'),
(1213, 100, 'valid', 1, '09:26:19', '2021-09-11'),
(1214, 100, 'valid', 1, '09:26:20', '2021-09-11'),
(1215, 2003, 'valid', 1, '09:35:08', '2021-09-11'),
(1216, 2003, 'valid', 1, '09:35:09', '2021-09-11'),
(1217, 2007, 'valid', 1, '09:37:56', '2021-09-11'),
(1218, 2010, 'valid', 1, '09:49:59', '2021-09-11'),
(1219, 502, 'valid', 1, '10:08:08', '2021-09-11'),
(1220, 502, 'valid', 1, '10:08:09', '2021-09-11'),
(1221, 102, 'valid', 1, '13:02:08', '2021-09-11'),
(1222, 102, 'valid', 1, '13:02:09', '2021-09-11'),
(1223, 102, 'valid', 1, '13:02:10', '2021-09-11'),
(1224, 2004, 'valid', 1, '13:02:25', '2021-09-11'),
(1225, 2003, 'valid', 1, '13:03:04', '2021-09-11'),
(1226, 2003, 'valid', 1, '13:03:05', '2021-09-11'),
(1227, 2003, 'valid', 1, '13:03:06', '2021-09-11'),
(1228, 1006, 'valid', 1, '13:04:00', '2021-09-11'),
(1229, 1006, 'valid', 1, '13:04:01', '2021-09-11'),
(1230, 2007, 'valid', 1, '13:04:30', '2021-09-11'),
(1231, 2010, 'valid', 1, '13:04:37', '2021-09-11'),
(1232, 2010, 'valid', 1, '13:04:38', '2021-09-11'),
(1233, 1003, 'valid', 1, '13:05:20', '2021-09-11'),
(1234, 1003, 'valid', 1, '13:05:21', '2021-09-11'),
(1235, 2002, 'valid', 1, '13:07:11', '2021-09-11'),
(1236, 2002, 'valid', 1, '13:07:13', '2021-09-11'),
(1237, 1001, 'valid', 1, '13:09:14', '2021-09-11'),
(1238, 1001, 'valid', 1, '13:09:15', '2021-09-11'),
(1239, 2012, 'valid', 1, '13:09:33', '2021-09-11'),
(1240, 2012, 'valid', 1, '13:09:34', '2021-09-11'),
(1241, 2006, 'valid', 1, '13:14:01', '2021-09-11'),
(1242, 2006, 'valid', 1, '13:14:02', '2021-09-11'),
(1243, 2001, 'valid', 1, '13:14:13', '2021-09-11'),
(1244, 2001, 'valid', 1, '13:14:14', '2021-09-11'),
(1245, 1002, 'valid', 1, '13:34:44', '2021-09-11'),
(1246, 1002, 'valid', 1, '13:34:45', '2021-09-11'),
(1247, 1002, 'valid', 1, '13:34:46', '2021-09-11'),
(1248, 1002, 'valid', 1, '13:35:34', '2021-09-11'),
(1249, 1002, 'valid', 1, '13:35:35', '2021-09-11'),
(1250, 101, 'valid', 1, '13:44:00', '2021-09-11'),
(1251, 101, 'valid', 1, '13:44:01', '2021-09-11'),
(1252, 101, 'valid', 1, '13:44:03', '2021-09-11'),
(1253, 200, 'valid', 1, '13:54:01', '2021-09-11'),
(1254, 200, 'valid', 1, '13:54:14', '2021-09-11'),
(1255, 502, 'valid', 1, '14:19:49', '2021-09-11'),
(1256, 502, 'valid', 1, '14:19:50', '2021-09-11'),
(1257, 2005, 'valid', 1, '15:14:13', '2021-09-11'),
(1258, 2005, 'valid', 1, '15:14:14', '2021-09-11'),
(1259, 1007, 'valid', 1, '16:06:50', '2021-09-11'),
(1260, 1007, 'valid', 1, '16:06:51', '2021-09-11'),
(1261, 1007, 'valid', 1, '16:07:19', '2021-09-11'),
(1262, 1007, 'valid', 1, '16:07:20', '2021-09-11'),
(1263, 1008, 'valid', 1, '16:21:16', '2021-09-11'),
(1264, 1008, 'valid', 1, '16:21:34', '2021-09-11'),
(1265, 1008, 'valid', 1, '16:21:36', '2021-09-11'),
(1266, 1008, 'valid', 1, '16:21:37', '2021-09-11'),
(1267, 1008, 'valid', 1, '16:21:38', '2021-09-11'),
(1268, 1008, 'valid', 1, '16:21:39', '2021-09-11'),
(1269, 1008, 'valid', 1, '16:21:40', '2021-09-11'),
(1270, 1009, 'valid', 1, '16:23:06', '2021-09-11'),
(1271, 1009, 'valid', 1, '16:23:07', '2021-09-11'),
(1272, 100, 'valid', 1, '18:26:52', '2021-09-11'),
(1273, 100, 'valid', 1, '18:26:53', '2021-09-11'),
(1274, 1009, 'valid', 1, '20:48:01', '2021-09-11'),
(1275, 1009, 'valid', 1, '20:48:02', '2021-09-11'),
(1276, 100, 'valid', 1, '08:42:26', '2021-09-13'),
(1277, 1007, 'valid', 1, '08:47:58', '2021-09-13'),
(1278, 1007, 'valid', 1, '08:48:00', '2021-09-13'),
(1279, 1007, 'valid', 1, '08:48:01', '2021-09-13'),
(1280, 1001, 'valid', 1, '08:56:54', '2021-09-13'),
(1281, 1001, 'valid', 1, '08:56:55', '2021-09-13'),
(1282, 2004, 'valid', 1, '08:57:37', '2021-09-13'),
(1283, 1008, 'valid', 1, '08:57:55', '2021-09-13'),
(1284, 1008, 'valid', 1, '08:57:57', '2021-09-13'),
(1285, 102, 'valid', 1, '08:58:20', '2021-09-13'),
(1286, 102, 'valid', 1, '08:58:21', '2021-09-13'),
(1287, 102, 'valid', 1, '08:58:23', '2021-09-13'),
(1288, 102, 'valid', 1, '08:58:24', '2021-09-13'),
(1289, 102, 'valid', 1, '08:58:26', '2021-09-13'),
(1290, 2005, 'valid', 1, '08:58:39', '2021-09-13'),
(1291, 2005, 'valid', 1, '08:58:58', '2021-09-13'),
(1292, 1006, 'valid', 1, '09:06:18', '2021-09-13'),
(1293, 1003, 'valid', 1, '09:09:12', '2021-09-13'),
(1294, 1003, 'valid', 1, '09:09:13', '2021-09-13'),
(1295, 2008, 'valid', 1, '09:10:39', '2021-09-13'),
(1296, 2008, 'valid', 1, '09:10:40', '2021-09-13'),
(1297, 2008, 'valid', 1, '09:10:41', '2021-09-13'),
(1298, 101, 'valid', 1, '09:11:50', '2021-09-13'),
(1299, 101, 'valid', 1, '09:11:51', '2021-09-13'),
(1300, 101, 'valid', 1, '09:11:52', '2021-09-13'),
(1301, 2006, 'valid', 1, '09:13:01', '2021-09-13'),
(1302, 2003, 'valid', 1, '09:19:17', '2021-09-13'),
(1303, 2001, 'valid', 1, '09:24:30', '2021-09-13'),
(1304, 2012, 'valid', 1, '09:24:43', '2021-09-13'),
(1305, 2012, 'valid', 1, '09:24:44', '2021-09-13'),
(1306, 1000, 'valid', 1, '09:28:28', '2021-09-13'),
(1307, 1000, 'valid', 1, '09:28:29', '2021-09-13'),
(1308, 500, 'valid', 1, '09:49:56', '2021-09-13'),
(1309, 2010, 'valid', 1, '09:53:17', '2021-09-13'),
(1310, 2009, 'valid', 1, '10:00:26', '2021-09-13'),
(1311, 2009, 'valid', 1, '10:00:27', '2021-09-13'),
(1312, 2009, 'valid', 1, '10:00:30', '2021-09-13'),
(1313, 200, 'valid', 1, '10:03:06', '2021-09-13'),
(1314, 502, 'valid', 1, '10:10:30', '2021-09-13'),
(1315, 502, 'valid', 1, '10:10:31', '2021-09-13'),
(1316, 503, 'valid', 1, '10:12:11', '2021-09-13'),
(1317, 1005, 'valid', 1, '11:32:50', '2021-09-13'),
(1318, 1005, 'valid', 1, '11:32:51', '2021-09-13'),
(1319, 1001, 'valid', 1, '13:03:11', '2021-09-13'),
(1320, 1001, 'valid', 1, '13:03:12', '2021-09-13'),
(1321, 500, 'valid', 1, '13:03:44', '2021-09-13'),
(1322, 1003, 'valid', 1, '13:03:56', '2021-09-13'),
(1323, 101, 'valid', 1, '13:04:11', '2021-09-13'),
(1324, 101, 'valid', 1, '13:04:12', '2021-09-13'),
(1325, 101, 'valid', 1, '13:04:13', '2021-09-13'),
(1326, 2005, 'valid', 1, '13:16:13', '2021-09-13'),
(1327, 2005, 'valid', 1, '13:16:14', '2021-09-13'),
(1328, 502, 'valid', 1, '13:17:48', '2021-09-13'),
(1329, 502, 'valid', 1, '13:17:49', '2021-09-13'),
(1330, 1000, 'valid', 1, '13:19:12', '2021-09-13'),
(1331, 2005, 'valid', 1, '13:21:29', '2021-09-13'),
(1332, 2005, 'valid', 1, '13:21:30', '2021-09-13'),
(1333, 2003, 'valid', 1, '13:21:40', '2021-09-13'),
(1334, 2003, 'valid', 1, '13:21:41', '2021-09-13'),
(1335, 200, 'valid', 1, '13:21:54', '2021-09-13'),
(1336, 1003, 'valid', 1, '13:23:20', '2021-09-13'),
(1337, 1003, 'valid', 1, '13:23:21', '2021-09-13'),
(1338, 503, 'valid', 1, '13:23:52', '2021-09-13'),
(1339, 503, 'valid', 1, '13:24:00', '2021-09-13'),
(1340, 1000, 'valid', 1, '13:28:02', '2021-09-13'),
(1341, 1000, 'valid', 1, '13:28:03', '2021-09-13'),
(1342, 1001, 'valid', 1, '13:28:17', '2021-09-13'),
(1343, 1001, 'valid', 1, '13:28:19', '2021-09-13'),
(1344, 100, 'valid', 1, '13:29:00', '2021-09-13'),
(1345, 100, 'valid', 1, '13:29:01', '2021-09-13'),
(1346, 2001, 'valid', 1, '13:31:24', '2021-09-13'),
(1347, 2001, 'valid', 1, '13:31:25', '2021-09-13'),
(1348, 1008, 'valid', 1, '13:31:35', '2021-09-13'),
(1349, 1008, 'valid', 1, '13:31:36', '2021-09-13'),
(1350, 2003, 'valid', 1, '13:31:51', '2021-09-13'),
(1351, 2003, 'valid', 1, '13:31:52', '2021-09-13'),
(1352, 502, 'valid', 1, '13:36:49', '2021-09-13'),
(1353, 502, 'valid', 1, '13:36:50', '2021-09-13'),
(1354, 2006, 'valid', 1, '13:37:04', '2021-09-13'),
(1355, 2006, 'valid', 1, '13:37:05', '2021-09-13'),
(1356, 500, 'valid', 1, '13:37:18', '2021-09-13'),
(1357, 200, 'valid', 1, '13:38:35', '2021-09-13'),
(1358, 101, 'valid', 1, '13:42:00', '2021-09-13'),
(1359, 101, 'valid', 1, '13:42:01', '2021-09-13'),
(1360, 101, 'valid', 1, '13:42:02', '2021-09-13'),
(1361, 503, 'valid', 1, '13:43:25', '2021-09-13'),
(1362, 200, 'valid', 1, '13:48:36', '2021-09-13'),
(1363, 100, 'valid', 1, '13:51:56', '2021-09-13'),
(1364, 100, 'valid', 1, '13:51:57', '2021-09-13'),
(1365, 2006, 'valid', 1, '13:54:51', '2021-09-13'),
(1366, 2006, 'valid', 1, '13:54:52', '2021-09-13'),
(1367, 2001, 'valid', 1, '13:59:22', '2021-09-13'),
(1368, 2001, 'valid', 1, '13:59:23', '2021-09-13'),
(1369, 2005, 'valid', 1, '14:07:29', '2021-09-13'),
(1370, 2005, 'valid', 1, '14:07:30', '2021-09-13'),
(1371, 1008, 'valid', 1, '14:24:36', '2021-09-13'),
(1372, 1008, 'valid', 1, '14:24:37', '2021-09-13'),
(1373, 1008, 'valid', 1, '14:24:38', '2021-09-13'),
(1374, 1008, 'valid', 1, '14:24:40', '2021-09-13'),
(1375, 2009, 'valid', 1, '16:44:59', '2021-09-13'),
(1376, 2006, 'valid', 1, '17:01:09', '2021-09-13'),
(1377, 2006, 'valid', 1, '17:01:16', '2021-09-13'),
(1378, 2010, 'valid', 1, '17:01:25', '2021-09-13'),
(1379, 102, 'valid', 1, '17:01:34', '2021-09-13'),
(1380, 2004, 'valid', 1, '17:02:40', '2021-09-13'),
(1381, 2003, 'valid', 1, '17:02:48', '2021-09-13'),
(1382, 2012, 'valid', 1, '17:03:00', '2021-09-13'),
(1383, 2012, 'valid', 1, '17:03:01', '2021-09-13'),
(1384, 1003, 'valid', 1, '17:05:27', '2021-09-13'),
(1385, 1007, 'valid', 1, '17:06:38', '2021-09-13'),
(1386, 1007, 'valid', 1, '17:06:39', '2021-09-13'),
(1387, 1001, 'valid', 1, '17:08:50', '2021-09-13'),
(1388, 1001, 'valid', 1, '17:08:51', '2021-09-13'),
(1389, 100, 'valid', 1, '17:14:01', '2021-09-13'),
(1390, 100, 'valid', 1, '17:14:02', '2021-09-13'),
(1391, 2001, 'valid', 1, '17:15:48', '2021-09-13'),
(1392, 2001, 'valid', 1, '17:15:50', '2021-09-13'),
(1393, 101, 'valid', 1, '17:55:14', '2021-09-13'),
(1394, 101, 'valid', 1, '17:55:15', '2021-09-13'),
(1395, 101, 'valid', 1, '17:55:16', '2021-09-13'),
(1396, 503, 'valid', 1, '18:00:33', '2021-09-13'),
(1397, 200, 'valid', 1, '18:13:34', '2021-09-13'),
(1398, 502, 'valid', 1, '18:17:55', '2021-09-13'),
(1399, 502, 'valid', 1, '18:17:56', '2021-09-13'),
(1400, 500, 'valid', 1, '18:20:14', '2021-09-13'),
(1401, 1000, 'valid', 1, '20:01:38', '2021-09-13'),
(1402, 1005, 'valid', 1, '20:01:45', '2021-09-13'),
(1403, 1005, 'valid', 1, '20:01:46', '2021-09-13'),
(1404, 1005, 'valid', 1, '20:02:04', '2021-09-13'),
(1405, 1005, 'valid', 1, '20:02:05', '2021-09-13'),
(1406, 1008, 'valid', 1, '20:46:01', '2021-09-13'),
(1407, 1008, 'valid', 1, '20:46:02', '2021-09-13'),
(1408, 1008, 'valid', 1, '20:46:03', '2021-09-13'),
(1409, 100, 'valid', 1, '08:40:44', '2021-09-14'),
(1410, 100, 'valid', 1, '08:40:45', '2021-09-14'),
(1411, 2004, 'valid', 1, '08:48:00', '2021-09-14'),
(1412, 1000, 'valid', 1, '08:51:09', '2021-09-14'),
(1413, 1000, 'valid', 1, '08:51:11', '2021-09-14'),
(1414, 2002, 'valid', 1, '08:51:53', '2021-09-14'),
(1415, 2002, 'valid', 1, '08:51:54', '2021-09-14'),
(1416, 2005, 'valid', 1, '08:52:30', '2021-09-14'),
(1417, 2005, 'valid', 1, '08:52:31', '2021-09-14'),
(1418, 102, 'valid', 1, '08:58:59', '2021-09-14'),
(1419, 102, 'valid', 1, '08:59:01', '2021-09-14'),
(1420, 1008, 'valid', 1, '09:05:40', '2021-09-14'),
(1421, 1008, 'valid', 1, '09:05:42', '2021-09-14'),
(1422, 1008, 'valid', 1, '09:05:43', '2021-09-14'),
(1423, 1008, 'valid', 1, '09:05:44', '2021-09-14'),
(1424, 1008, 'valid', 1, '09:05:48', '2021-09-14'),
(1425, 1008, 'valid', 1, '09:05:49', '2021-09-14'),
(1426, 1008, 'valid', 1, '09:05:50', '2021-09-14'),
(1427, 1008, 'valid', 1, '09:05:51', '2021-09-14'),
(1428, 1008, 'valid', 1, '09:05:53', '2021-09-14'),
(1429, 1006, 'valid', 1, '09:09:31', '2021-09-14'),
(1430, 2009, 'valid', 1, '09:10:08', '2021-09-14'),
(1431, 2009, 'valid', 1, '09:10:10', '2021-09-14'),
(1432, 2009, 'valid', 1, '09:10:12', '2021-09-14'),
(1433, 2006, 'valid', 1, '09:11:02', '2021-09-14'),
(1434, 2006, 'valid', 1, '09:11:03', '2021-09-14'),
(1435, 2008, 'valid', 1, '09:12:07', '2021-09-14'),
(1436, 2008, 'valid', 1, '09:12:08', '2021-09-14'),
(1437, 2012, 'valid', 1, '09:12:20', '2021-09-14'),
(1438, 2012, 'valid', 1, '09:12:22', '2021-09-14'),
(1439, 2003, 'valid', 1, '09:12:28', '2021-09-14'),
(1440, 2003, 'valid', 1, '09:12:29', '2021-09-14'),
(1441, 2003, 'valid', 1, '09:12:41', '2021-09-14'),
(1442, 2003, 'valid', 1, '09:12:42', '2021-09-14'),
(1443, 2003, 'valid', 1, '09:13:00', '2021-09-14'),
(1444, 2003, 'valid', 1, '09:13:02', '2021-09-14'),
(1445, 101, 'valid', 1, '09:23:41', '2021-09-14'),
(1446, 101, 'valid', 1, '09:23:42', '2021-09-14'),
(1447, 101, 'valid', 1, '09:23:43', '2021-09-14'),
(1448, 101, 'valid', 1, '09:24:12', '2021-09-14'),
(1449, 101, 'valid', 1, '09:24:13', '2021-09-14'),
(1450, 101, 'valid', 1, '09:24:14', '2021-09-14'),
(1451, 101, 'valid', 1, '09:24:15', '2021-09-14'),
(1452, 101, 'valid', 1, '09:24:16', '2021-09-14'),
(1453, 2001, 'valid', 1, '09:24:47', '2021-09-14'),
(1454, 2001, 'valid', 1, '09:24:48', '2021-09-14'),
(1455, 2001, 'valid', 1, '09:25:19', '2021-09-14'),
(1456, 2001, 'valid', 1, '09:25:22', '2021-09-14'),
(1457, 2007, 'valid', 1, '09:32:53', '2021-09-14'),
(1458, 500, 'valid', 1, '09:54:06', '2021-09-14'),
(1459, 2010, 'valid', 1, '09:54:58', '2021-09-14'),
(1460, 502, 'valid', 1, '10:03:43', '2021-09-14'),
(1461, 502, 'valid', 1, '10:03:44', '2021-09-14'),
(1462, 200, 'valid', 1, '10:07:54', '2021-09-14'),
(1463, 500, 'valid', 1, '11:13:57', '2021-09-14'),
(1464, 503, 'valid', 1, '11:15:07', '2021-09-14'),
(1465, 1005, 'valid', 1, '11:43:49', '2021-09-14'),
(1466, 1005, 'valid', 1, '11:43:50', '2021-09-14'),
(1467, 1005, 'valid', 1, '11:45:01', '2021-09-14'),
(1468, 1005, 'valid', 1, '11:45:02', '2021-09-14'),
(1469, 500, 'valid', 1, '13:04:36', '2021-09-14'),
(1470, 200, 'valid', 1, '13:09:40', '2021-09-14'),
(1471, 503, 'valid', 1, '13:13:17', '2021-09-14'),
(1472, 1000, 'valid', 1, '13:17:16', '2021-09-14'),
(1473, 1000, 'valid', 1, '13:17:17', '2021-09-14'),
(1474, 500, 'valid', 1, '13:17:34', '2021-09-14'),
(1475, 2003, 'valid', 1, '13:20:27', '2021-09-14'),
(1476, 2003, 'valid', 1, '13:20:28', '2021-09-14'),
(1477, 2005, 'valid', 1, '13:20:39', '2021-09-14'),
(1478, 2005, 'valid', 1, '13:20:40', '2021-09-14'),
(1479, 100, 'valid', 1, '13:21:10', '2021-09-14'),
(1480, 1008, 'valid', 1, '13:22:57', '2021-09-14'),
(1481, 101, 'valid', 1, '13:28:11', '2021-09-14'),
(1482, 101, 'valid', 1, '13:28:12', '2021-09-14'),
(1483, 2001, 'valid', 1, '13:28:41', '2021-09-14'),
(1484, 2001, 'valid', 1, '13:28:43', '2021-09-14'),
(1485, 2001, 'valid', 1, '13:28:44', '2021-09-14'),
(1486, 2005, 'valid', 1, '13:29:13', '2021-09-14'),
(1487, 2005, 'valid', 1, '13:29:14', '2021-09-14'),
(1488, 2003, 'valid', 1, '13:29:33', '2021-09-14'),
(1489, 2003, 'valid', 1, '13:29:35', '2021-09-14'),
(1490, 503, 'valid', 1, '13:33:05', '2021-09-14'),
(1491, 502, 'valid', 1, '13:34:09', '2021-09-14'),
(1492, 502, 'valid', 1, '13:34:10', '2021-09-14'),
(1493, 502, 'valid', 1, '13:34:23', '2021-09-14'),
(1494, 502, 'valid', 1, '13:34:24', '2021-09-14'),
(1495, 500, 'valid', 1, '13:34:49', '2021-09-14'),
(1496, 200, 'valid', 1, '13:36:08', '2021-09-14'),
(1497, 200, 'valid', 1, '13:36:16', '2021-09-14'),
(1498, 2006, 'valid', 1, '13:43:40', '2021-09-14'),
(1499, 2006, 'valid', 1, '13:43:42', '2021-09-14'),
(1500, 101, 'valid', 1, '13:45:25', '2021-09-14'),
(1501, 101, 'valid', 1, '13:45:26', '2021-09-14'),
(1502, 101, 'valid', 1, '13:45:27', '2021-09-14'),
(1503, 101, 'valid', 1, '13:46:19', '2021-09-14'),
(1504, 101, 'valid', 1, '13:46:20', '2021-09-14'),
(1505, 101, 'valid', 1, '13:46:21', '2021-09-14'),
(1506, 101, 'valid', 1, '13:47:07', '2021-09-14'),
(1507, 101, 'valid', 1, '13:47:08', '2021-09-14'),
(1508, 101, 'valid', 1, '13:47:09', '2021-09-14'),
(1509, 101, 'valid', 1, '13:47:57', '2021-09-14'),
(1510, 101, 'valid', 1, '13:47:58', '2021-09-14'),
(1511, 101, 'valid', 1, '13:47:59', '2021-09-14'),
(1512, 100, 'valid', 1, '13:53:36', '2021-09-14'),
(1513, 100, 'valid', 1, '13:53:37', '2021-09-14'),
(1514, 101, 'valid', 1, '13:59:22', '2021-09-14'),
(1515, 101, 'valid', 1, '13:59:23', '2021-09-14'),
(1516, 2006, 'valid', 1, '14:01:47', '2021-09-14'),
(1517, 2006, 'valid', 1, '14:01:48', '2021-09-14'),
(1518, 1008, 'valid', 1, '14:10:37', '2021-09-14'),
(1519, 1008, 'valid', 1, '14:10:39', '2021-09-14'),
(1520, 1008, 'valid', 1, '14:10:40', '2021-09-14'),
(1521, 1009, 'valid', 1, '15:02:38', '2021-09-14'),
(1522, 2009, 'valid', 1, '17:01:45', '2021-09-14'),
(1523, 2009, 'valid', 1, '17:01:46', '2021-09-14'),
(1524, 2003, 'valid', 1, '17:02:12', '2021-09-14'),
(1525, 2003, 'valid', 1, '17:02:13', '2021-09-14'),
(1526, 2006, 'valid', 1, '17:02:27', '2021-09-14'),
(1527, 2006, 'valid', 1, '17:02:28', '2021-09-14'),
(1528, 2006, 'valid', 1, '17:02:29', '2021-09-14'),
(1529, 2012, 'valid', 1, '17:02:45', '2021-09-14'),
(1530, 2008, 'valid', 1, '17:02:55', '2021-09-14'),
(1531, 2008, 'valid', 1, '17:02:56', '2021-09-14'),
(1532, 2008, 'valid', 1, '17:02:57', '2021-09-14'),
(1533, 2008, 'valid', 1, '17:02:58', '2021-09-14'),
(1534, 2008, 'valid', 1, '17:02:59', '2021-09-14'),
(1535, 2010, 'valid', 1, '17:03:57', '2021-09-14'),
(1536, 2010, 'valid', 1, '17:03:58', '2021-09-14'),
(1537, 102, 'valid', 1, '17:04:15', '2021-09-14'),
(1538, 102, 'valid', 1, '17:04:19', '2021-09-14'),
(1539, 102, 'valid', 1, '17:04:20', '2021-09-14'),
(1540, 2004, 'valid', 1, '17:04:30', '2021-09-14'),
(1541, 2007, 'valid', 1, '17:05:47', '2021-09-14'),
(1542, 2005, 'valid', 1, '17:10:31', '2021-09-14'),
(1543, 2005, 'valid', 1, '17:10:32', '2021-09-14'),
(1544, 2002, 'valid', 1, '17:24:36', '2021-09-14'),
(1545, 2002, 'valid', 1, '17:24:37', '2021-09-14'),
(1546, 100, 'valid', 1, '17:25:16', '2021-09-14'),
(1547, 100, 'valid', 1, '17:25:20', '2021-09-14'),
(1548, 100, 'valid', 1, '17:25:22', '2021-09-14'),
(1549, 2001, 'valid', 1, '17:34:07', '2021-09-14'),
(1550, 2001, 'valid', 1, '17:34:08', '2021-09-14'),
(1551, 1008, 'valid', 1, '17:42:20', '2021-09-14'),
(1552, 1008, 'valid', 1, '17:42:21', '2021-09-14'),
(1553, 503, 'valid', 1, '18:05:33', '2021-09-14'),
(1554, 502, 'valid', 1, '18:12:57', '2021-09-14'),
(1555, 502, 'valid', 1, '18:12:58', '2021-09-14'),
(1556, 500, 'valid', 1, '18:13:06', '2021-09-14'),
(1557, 200, 'valid', 1, '18:17:10', '2021-09-14'),
(1558, 101, 'valid', 1, '19:00:34', '2021-09-14'),
(1559, 101, 'valid', 1, '19:00:35', '2021-09-14'),
(1560, 101, 'valid', 1, '19:00:36', '2021-09-14'),
(1561, 101, 'valid', 1, '19:03:03', '2021-09-14'),
(1562, 101, 'valid', 1, '19:03:04', '2021-09-14'),
(1563, 101, 'valid', 1, '19:04:15', '2021-09-14'),
(1564, 101, 'valid', 1, '19:04:16', '2021-09-14'),
(1565, 1000, 'valid', 1, '19:07:01', '2021-09-14'),
(1566, 1009, 'valid', 1, '20:53:22', '2021-09-14'),
(1567, 1005, 'valid', 1, '21:03:21', '2021-09-14'),
(1568, 2000, 'valid', 1, '21:03:30', '2021-09-14'),
(1569, 2000, 'valid', 1, '21:03:32', '2021-09-14'),
(1570, 100, 'valid', 1, '08:36:39', '2021-09-15'),
(1571, 100, 'valid', 1, '08:36:40', '2021-09-15'),
(1572, 102, 'valid', 1, '08:39:51', '2021-09-15'),
(1573, 102, 'valid', 1, '08:39:56', '2021-09-15'),
(1574, 102, 'valid', 1, '08:39:58', '2021-09-15'),
(1575, 2004, 'valid', 1, '08:47:04', '2021-09-15'),
(1576, 2004, 'valid', 1, '08:47:05', '2021-09-15'),
(1577, 2002, 'valid', 1, '08:51:20', '2021-09-15'),
(1578, 1002, 'valid', 1, '08:55:41', '2021-09-15'),
(1579, 1002, 'valid', 1, '08:55:42', '2021-09-15'),
(1580, 1007, 'valid', 1, '08:56:31', '2021-09-15'),
(1581, 1007, 'valid', 1, '08:56:32', '2021-09-15'),
(1582, 1001, 'valid', 1, '08:57:34', '2021-09-15'),
(1583, 1001, 'valid', 1, '08:57:35', '2021-09-15'),
(1584, 1003, 'valid', 1, '09:00:28', '2021-09-15'),
(1585, 1003, 'valid', 1, '09:00:29', '2021-09-15'),
(1586, 1006, 'valid', 1, '09:01:36', '2021-09-15'),
(1587, 100, 'valid', 1, '09:02:48', '2021-09-15'),
(1588, 100, 'valid', 1, '09:02:49', '2021-09-15'),
(1589, 101, 'valid', 1, '09:02:57', '2021-09-15'),
(1590, 101, 'valid', 1, '09:02:58', '2021-09-15'),
(1591, 101, 'valid', 1, '09:02:59', '2021-09-15'),
(1592, 101, 'valid', 1, '09:03:18', '2021-09-15'),
(1593, 101, 'valid', 1, '09:03:21', '2021-09-15'),
(1594, 101, 'valid', 1, '09:03:22', '2021-09-15'),
(1595, 2006, 'valid', 1, '09:11:07', '2021-09-15'),
(1596, 2006, 'valid', 1, '09:11:09', '2021-09-15'),
(1597, 1008, 'valid', 1, '09:11:49', '2021-09-15'),
(1598, 1008, 'valid', 1, '09:11:50', '2021-09-15'),
(1599, 1008, 'valid', 1, '09:11:51', '2021-09-15'),
(1600, 2009, 'valid', 1, '09:16:33', '2021-09-15'),
(1601, 2009, 'valid', 1, '09:16:34', '2021-09-15'),
(1602, 2003, 'valid', 1, '09:19:20', '2021-09-15'),
(1603, 2003, 'valid', 1, '09:19:21', '2021-09-15'),
(1604, 2001, 'valid', 1, '09:28:08', '2021-09-15'),
(1605, 2001, 'valid', 1, '09:28:11', '2021-09-15'),
(1606, 500, 'valid', 1, '09:40:56', '2021-09-15'),
(1607, 2007, 'valid', 1, '09:45:33', '2021-09-15'),
(1608, 504, 'valid', 1, '09:45:47', '2021-09-15'),
(1609, 2008, 'valid', 1, '09:46:10', '2021-09-15'),
(1610, 2012, 'valid', 1, '09:46:23', '2021-09-15'),
(1611, 2012, 'valid', 1, '09:46:24', '2021-09-15'),
(1612, 2010, 'valid', 1, '09:51:38', '2021-09-15'),
(1613, 2010, 'valid', 1, '09:51:39', '2021-09-15'),
(1614, 200, 'valid', 1, '09:55:10', '2021-09-15'),
(1615, 102, 'valid', 1, '10:06:52', '2021-09-15'),
(1616, 102, 'valid', 1, '10:06:54', '2021-09-15'),
(1617, 503, 'valid', 1, '10:07:37', '2021-09-15'),
(1618, 502, 'valid', 1, '10:11:51', '2021-09-15'),
(1619, 502, 'valid', 1, '10:11:52', '2021-09-15'),
(1620, 1000, 'valid', 1, '11:17:23', '2021-09-15'),
(1621, 1000, 'valid', 1, '11:17:24', '2021-09-15'),
(1622, 1005, 'valid', 1, '11:37:09', '2021-09-15'),
(1623, 1005, 'valid', 1, '11:37:10', '2021-09-15'),
(1624, 1001, 'valid', 1, '13:02:12', '2021-09-15'),
(1625, 1003, 'valid', 1, '13:04:47', '2021-09-15'),
(1626, 200, 'valid', 1, '13:09:09', '2021-09-15'),
(1627, 504, 'valid', 1, '13:10:04', '2021-09-15'),
(1628, 503, 'valid', 1, '13:11:43', '2021-09-15'),
(1629, 1000, 'valid', 1, '13:13:22', '2021-09-15'),
(1630, 1000, 'valid', 1, '13:13:23', '2021-09-15'),
(1631, 500, 'valid', 1, '13:17:50', '2021-09-15'),
(1632, 502, 'valid', 1, '13:20:28', '2021-09-15'),
(1633, 502, 'valid', 1, '13:20:29', '2021-09-15'),
(1634, 100, 'valid', 1, '13:20:43', '2021-09-15'),
(1635, 2003, 'valid', 1, '13:21:47', '2021-09-15'),
(1636, 2003, 'valid', 1, '13:21:48', '2021-09-15'),
(1637, 1008, 'valid', 1, '13:24:17', '2021-09-15'),
(1638, 1008, 'valid', 1, '13:24:18', '2021-09-15'),
(1639, 2006, 'valid', 1, '13:30:23', '2021-09-15'),
(1640, 2006, 'valid', 1, '13:30:25', '2021-09-15'),
(1641, 200, 'valid', 1, '13:31:40', '2021-09-15'),
(1642, 2001, 'valid', 1, '13:33:01', '2021-09-15'),
(1643, 2001, 'valid', 1, '13:33:02', '2021-09-15'),
(1644, 1001, 'valid', 1, '13:33:09', '2021-09-15'),
(1645, 1001, 'valid', 1, '13:33:10', '2021-09-15'),
(1646, 101, 'valid', 1, '13:33:15', '2021-09-15'),
(1647, 101, 'valid', 1, '13:33:16', '2021-09-15'),
(1648, 101, 'valid', 1, '13:33:17', '2021-09-15'),
(1649, 1002, 'valid', 1, '13:34:21', '2021-09-15'),
(1650, 503, 'valid', 1, '13:35:40', '2021-09-15'),
(1651, 500, 'valid', 1, '13:35:53', '2021-09-15'),
(1652, 502, 'valid', 1, '13:40:32', '2021-09-15'),
(1653, 502, 'valid', 1, '13:40:33', '2021-09-15'),
(1654, 2003, 'valid', 1, '13:41:53', '2021-09-15'),
(1655, 2003, 'valid', 1, '13:41:54', '2021-09-15'),
(1656, 2006, 'valid', 1, '13:47:02', '2021-09-15'),
(1657, 2006, 'valid', 1, '13:47:03', '2021-09-15'),
(1658, 101, 'valid', 1, '13:49:34', '2021-09-15'),
(1659, 101, 'valid', 1, '13:49:36', '2021-09-15'),
(1660, 100, 'valid', 1, '13:50:20', '2021-09-15'),
(1661, 100, 'valid', 1, '13:50:21', '2021-09-15'),
(1662, 1000, 'valid', 1, '13:57:57', '2021-09-15'),
(1663, 1000, 'valid', 1, '13:57:58', '2021-09-15'),
(1664, 1008, 'valid', 1, '13:58:27', '2021-09-15'),
(1665, 1008, 'valid', 1, '13:58:28', '2021-09-15'),
(1666, 1008, 'valid', 1, '13:58:52', '2021-09-15'),
(1667, 1008, 'valid', 1, '13:58:53', '2021-09-15'),
(1668, 1008, 'valid', 1, '13:58:54', '2021-09-15'),
(1669, 1005, 'valid', 1, '13:59:13', '2021-09-15'),
(1670, 1005, 'valid', 1, '13:59:14', '2021-09-15'),
(1671, 1002, 'valid', 1, '13:59:33', '2021-09-15'),
(1672, 1009, 'valid', 1, '14:16:41', '2021-09-15'),
(1673, 1005, 'valid', 1, '14:23:38', '2021-09-15'),
(1674, 1005, 'valid', 1, '14:23:39', '2021-09-15'),
(1675, 1005, 'valid', 1, '14:23:52', '2021-09-15'),
(1676, 1005, 'valid', 1, '14:23:53', '2021-09-15'),
(1677, 2009, 'valid', 1, '16:54:43', '2021-09-15'),
(1678, 100, 'valid', 1, '17:00:34', '2021-09-15'),
(1679, 2008, 'valid', 1, '17:01:09', '2021-09-15'),
(1680, 2008, 'valid', 1, '17:01:10', '2021-09-15'),
(1681, 102, 'valid', 1, '17:01:38', '2021-09-15'),
(1682, 102, 'valid', 1, '17:01:39', '2021-09-15'),
(1683, 102, 'valid', 1, '17:01:40', '2021-09-15'),
(1684, 2004, 'valid', 1, '17:02:02', '2021-09-15'),
(1685, 2004, 'valid', 1, '17:02:03', '2021-09-15'),
(1686, 2006, 'valid', 1, '17:02:08', '2021-09-15'),
(1687, 2006, 'valid', 1, '17:02:09', '2021-09-15'),
(1688, 2006, 'valid', 1, '17:02:10', '2021-09-15'),
(1689, 2006, 'valid', 1, '17:02:11', '2021-09-15'),
(1690, 2006, 'valid', 1, '17:02:23', '2021-09-15'),
(1691, 2006, 'valid', 1, '17:02:24', '2021-09-15'),
(1692, 2003, 'valid', 1, '17:02:32', '2021-09-15'),
(1693, 2003, 'valid', 1, '17:02:33', '2021-09-15'),
(1694, 2012, 'valid', 1, '17:02:45', '2021-09-15'),
(1695, 2012, 'valid', 1, '17:02:46', '2021-09-15'),
(1696, 1006, 'valid', 1, '17:03:19', '2021-09-15'),
(1697, 1006, 'valid', 1, '17:03:20', '2021-09-15'),
(1698, 1006, 'valid', 1, '17:03:22', '2021-09-15'),
(1699, 1001, 'valid', 1, '17:03:28', '2021-09-15'),
(1700, 1001, 'valid', 1, '17:03:29', '2021-09-15'),
(1701, 1007, 'valid', 1, '17:03:34', '2021-09-15'),
(1702, 1007, 'valid', 1, '17:03:35', '2021-09-15'),
(1703, 2010, 'valid', 1, '17:03:46', '2021-09-15'),
(1704, 2010, 'valid', 1, '17:03:47', '2021-09-15'),
(1705, 1007, 'valid', 1, '17:03:57', '2021-09-15'),
(1706, 1007, 'valid', 1, '17:03:58', '2021-09-15'),
(1707, 1007, 'valid', 1, '17:04:09', '2021-09-15'),
(1708, 1007, 'valid', 1, '17:04:11', '2021-09-15'),
(1709, 2002, 'valid', 1, '17:04:56', '2021-09-15'),
(1710, 2002, 'valid', 1, '17:05:03', '2021-09-15'),
(1711, 2002, 'valid', 1, '17:05:04', '2021-09-15'),
(1712, 2007, 'valid', 1, '17:05:54', '2021-09-15'),
(1713, 2007, 'valid', 1, '17:06:03', '2021-09-15'),
(1714, 1003, 'valid', 1, '17:06:49', '2021-09-15'),
(1715, 504, 'valid', 1, '17:13:54', '2021-09-15'),
(1716, 504, 'valid', 1, '17:13:56', '2021-09-15'),
(1717, 1002, 'valid', 1, '17:56:12', '2021-09-15'),
(1718, 1002, 'valid', 1, '17:56:14', '2021-09-15'),
(1719, 1002, 'valid', 1, '17:56:43', '2021-09-15'),
(1720, 1000, 'valid', 1, '17:57:43', '2021-09-15'),
(1721, 1000, 'valid', 1, '17:57:44', '2021-09-15'),
(1722, 500, 'valid', 1, '18:04:51', '2021-09-15'),
(1723, 500, 'valid', 1, '18:04:52', '2021-09-15'),
(1724, 200, 'valid', 1, '18:05:06', '2021-09-15'),
(1725, 200, 'valid', 1, '18:05:36', '2021-09-15'),
(1726, 503, 'valid', 1, '18:05:50', '2021-09-15'),
(1727, 502, 'valid', 1, '18:09:51', '2021-09-15'),
(1728, 502, 'valid', 1, '18:09:52', '2021-09-15'),
(1729, 101, 'valid', 1, '18:26:36', '2021-09-15'),
(1730, 101, 'valid', 1, '18:26:37', '2021-09-15'),
(1731, 2001, 'valid', 1, '18:27:46', '2021-09-15'),
(1732, 2001, 'valid', 1, '18:27:47', '2021-09-15'),
(1733, 2001, 'valid', 1, '18:27:48', '2021-09-15'),
(1734, 1008, 'valid', 1, '18:46:50', '2021-09-15'),
(1735, 1008, 'valid', 1, '18:46:51', '2021-09-15'),
(1736, 1008, 'valid', 1, '18:46:52', '2021-09-15'),
(1737, 1009, 'valid', 1, '20:30:21', '2021-09-15'),
(1738, 1009, 'valid', 1, '20:30:22', '2021-09-15'),
(1739, 1005, 'valid', 1, '20:43:00', '2021-09-15'),
(1740, 1005, 'valid', 1, '20:43:01', '2021-09-15'),
(1741, 504, 'valid', 1, '10:06:41', '2021-09-16'),
(1742, 500, 'valid', 1, '10:06:42', '2021-09-16'),
(1743, 500, 'valid', 1, '10:06:55', '2021-09-16'),
(1744, 503, 'valid', 1, '10:07:39', '2021-09-16'),
(1745, 502, 'valid', 1, '10:11:12', '2021-09-16'),
(1746, 502, 'valid', 1, '10:11:13', '2021-09-16'),
(1747, 200, 'valid', 1, '10:14:37', '2021-09-16'),
(1748, 1003, 'valid', 1, '10:51:08', '2021-09-16'),
(1749, 1003, 'valid', 1, '10:51:09', '2021-09-16'),
(1750, 1005, 'valid', 1, '11:38:55', '2021-09-16'),
(1751, 1005, 'valid', 1, '11:38:57', '2021-09-16'),
(1752, 1001, 'valid', 1, '13:03:31', '2021-09-16'),
(1753, 2003, 'valid', 1, '13:03:50', '2021-09-16'),
(1754, 2003, 'valid', 1, '13:03:51', '2021-09-16'),
(1755, 500, 'valid', 1, '13:04:06', '2021-09-16'),
(1756, 503, 'valid', 1, '13:06:28', '2021-09-16'),
(1757, 1003, 'valid', 1, '13:06:45', '2021-09-16'),
(1758, 1003, 'valid', 1, '13:06:46', '2021-09-16'),
(1759, 502, 'valid', 1, '13:20:22', '2021-09-16'),
(1760, 502, 'valid', 1, '13:20:23', '2021-09-16'),
(1761, 200, 'valid', 1, '13:20:30', '2021-09-16'),
(1762, 1003, 'valid', 1, '13:25:38', '2021-09-16'),
(1763, 2003, 'valid', 1, '13:27:02', '2021-09-16'),
(1764, 2003, 'valid', 1, '13:27:03', '2021-09-16'),
(1765, 2006, 'valid', 1, '13:27:18', '2021-09-16'),
(1766, 1001, 'valid', 1, '13:28:54', '2021-09-16'),
(1767, 1001, 'valid', 1, '13:28:55', '2021-09-16'),
(1768, 503, 'valid', 1, '13:29:08', '2021-09-16'),
(1769, 1001, 'valid', 1, '13:29:19', '2021-09-16'),
(1770, 1001, 'valid', 1, '13:29:30', '2021-09-16'),
(1771, 1001, 'valid', 1, '13:29:32', '2021-09-16'),
(1772, 2005, 'valid', 1, '13:30:13', '2021-09-16'),
(1773, 2005, 'valid', 1, '13:30:28', '2021-09-16'),
(1774, 101, 'valid', 1, '13:37:53', '2021-09-16'),
(1775, 1002, 'valid', 1, '13:38:27', '2021-09-16'),
(1776, 1002, 'valid', 1, '13:38:28', '2021-09-16'),
(1777, 500, 'valid', 1, '13:40:30', '2021-09-16'),
(1778, 500, 'valid', 1, '13:42:28', '2021-09-16'),
(1779, 1005, 'valid', 1, '13:42:43', '2021-09-16'),
(1780, 1005, 'valid', 1, '13:42:44', '2021-09-16'),
(1781, 200, 'valid', 1, '13:42:50', '2021-09-16'),
(1782, 200, 'valid', 1, '13:42:58', '2021-09-16'),
(1783, 200, 'valid', 1, '13:42:59', '2021-09-16'),
(1784, 200, 'valid', 1, '13:43:25', '2021-09-16'),
(1785, 2005, 'valid', 1, '13:43:40', '2021-09-16'),
(1786, 2005, 'valid', 1, '13:43:41', '2021-09-16'),
(1787, 200, 'valid', 1, '13:45:08', '2021-09-16'),
(1788, 200, 'valid', 1, '13:45:55', '2021-09-16'),
(1789, 200, 'valid', 1, '14:51:17', '2021-09-16'),
(1790, 1009, 'valid', 1, '15:11:22', '2021-09-16'),
(1791, 1009, 'valid', 1, '15:11:23', '2021-09-16'),
(1792, 2006, 'valid', 1, '16:03:11', '2021-09-16'),
(1793, 500, 'valid', 1, '16:11:07', '2021-09-16'),
(1794, 500, 'valid', 1, '16:51:21', '2021-09-16'),
(1795, 2008, 'valid', 1, '17:01:19', '2021-09-16'),
(1796, 2008, 'valid', 1, '17:01:21', '2021-09-16'),
(1797, 2008, 'valid', 1, '17:01:49', '2021-09-16'),
(1798, 2008, 'valid', 1, '17:01:50', '2021-09-16'),
(1799, 2003, 'valid', 1, '17:01:59', '2021-09-16'),
(1800, 2002, 'valid', 1, '17:02:30', '2021-09-16'),
(1801, 504, 'valid', 1, '17:02:35', '2021-09-16'),
(1802, 2002, 'valid', 1, '17:02:45', '2021-09-16'),
(1803, 2002, 'valid', 1, '17:02:47', '2021-09-16'),
(1804, 2002, 'valid', 1, '17:03:01', '2021-09-16'),
(1805, 2002, 'valid', 1, '17:03:02', '2021-09-16'),
(1806, 2002, 'valid', 1, '17:03:08', '2021-09-16'),
(1807, 2002, 'valid', 1, '17:03:09', '2021-09-16'),
(1808, 2002, 'valid', 1, '17:03:10', '2021-09-16'),
(1809, 102, 'valid', 1, '17:03:19', '2021-09-16'),
(1810, 102, 'valid', 1, '17:03:20', '2021-09-16'),
(1811, 102, 'valid', 1, '17:03:22', '2021-09-16'),
(1812, 2009, 'valid', 1, '17:04:01', '2021-09-16'),
(1813, 2009, 'valid', 1, '17:04:02', '2021-09-16'),
(1814, 2009, 'valid', 1, '17:04:03', '2021-09-16'),
(1815, 2004, 'valid', 1, '17:05:07', '2021-09-16'),
(1816, 2005, 'valid', 1, '17:05:56', '2021-09-16'),
(1817, 2005, 'valid', 1, '17:06:06', '2021-09-16'),
(1818, 1003, 'valid', 1, '17:07:14', '2021-09-16'),
(1819, 1003, 'valid', 1, '17:07:15', '2021-09-16'),
(1820, 2007, 'valid', 1, '17:11:42', '2021-09-16'),
(1821, 2007, 'valid', 1, '17:12:02', '2021-09-16'),
(1822, 2007, 'valid', 1, '17:12:03', '2021-09-16'),
(1823, 2012, 'valid', 1, '17:12:14', '2021-09-16'),
(1824, 2012, 'valid', 1, '17:12:15', '2021-09-16'),
(1825, 503, 'valid', 1, '18:00:31', '2021-09-16'),
(1826, 503, 'valid', 1, '18:01:17', '2021-09-16'),
(1827, 100, 'valid', 1, '18:04:38', '2021-09-16'),
(1828, 100, 'valid', 1, '18:05:03', '2021-09-16'),
(1829, 100, 'valid', 1, '18:05:04', '2021-09-16'),
(1830, 502, 'valid', 1, '18:37:52', '2021-09-16'),
(1831, 502, 'valid', 1, '18:37:53', '2021-09-16'),
(1832, 502, 'valid', 1, '18:38:06', '2021-09-16'),
(1833, 502, 'valid', 1, '18:38:07', '2021-09-16'),
(1834, 1002, 'valid', 1, '18:56:24', '2021-09-16'),
(1835, 1002, 'valid', 1, '18:56:44', '2021-09-16'),
(1836, 1002, 'valid', 1, '18:56:45', '2021-09-16'),
(1837, 1000, 'valid', 1, '18:57:11', '2021-09-16'),
(1838, 1000, 'valid', 1, '18:57:12', '2021-09-16'),
(1839, 1000, 'valid', 1, '18:57:20', '2021-09-16'),
(1840, 1000, 'valid', 1, '18:57:21', '2021-09-16'),
(1841, 1000, 'valid', 1, '18:57:39', '2021-09-16'),
(1842, 1000, 'valid', 1, '18:57:41', '2021-09-16'),
(1843, 500, 'valid', 1, '19:29:22', '2021-09-16'),
(1844, 500, 'valid', 1, '19:29:33', '2021-09-16'),
(1845, 1008, 'valid', 1, '20:47:01', '2021-09-16'),
(1846, 1008, 'valid', 1, '20:47:02', '2021-09-16'),
(1847, 1005, 'valid', 1, '21:14:55', '2021-09-16'),
(1848, 1005, 'valid', 1, '21:14:56', '2021-09-16'),
(1849, 1009, 'valid', 1, '21:42:15', '2021-09-16'),
(1850, 504, 'valid', 1, '08:41:16', '2021-09-17'),
(1851, 100, 'valid', 1, '08:42:28', '2021-09-17'),
(1852, 1000, 'valid', 1, '08:51:02', '2021-09-17'),
(1853, 1000, 'valid', 1, '08:51:03', '2021-09-17'),
(1854, 2002, 'valid', 1, '08:51:49', '2021-09-17'),
(1855, 2002, 'valid', 1, '08:51:50', '2021-09-17'),
(1856, 1003, 'valid', 1, '08:56:03', '2021-09-17'),
(1857, 1007, 'valid', 1, '08:57:05', '2021-09-17'),
(1858, 1007, 'valid', 1, '08:57:06', '2021-09-17'),
(1859, 2009, 'valid', 1, '08:57:43', '2021-09-17'),
(1860, 2009, 'valid', 1, '08:57:44', '2021-09-17'),
(1861, 2009, 'valid', 1, '08:57:47', '2021-09-17'),
(1862, 1006, 'valid', 1, '09:02:15', '2021-09-17'),
(1863, 1006, 'valid', 1, '09:02:17', '2021-09-17'),
(1864, 102, 'valid', 1, '09:03:33', '2021-09-17'),
(1865, 102, 'valid', 1, '09:03:34', '2021-09-17'),
(1866, 102, 'valid', 1, '09:03:35', '2021-09-17'),
(1867, 102, 'valid', 1, '09:03:37', '2021-09-17'),
(1868, 102, 'valid', 1, '09:03:38', '2021-09-17'),
(1869, 102, 'valid', 1, '09:03:39', '2021-09-17'),
(1870, 2005, 'valid', 1, '09:05:58', '2021-09-17'),
(1871, 2005, 'valid', 1, '09:05:59', '2021-09-17'),
(1872, 2004, 'valid', 1, '09:10:10', '2021-09-17'),
(1873, 1002, 'valid', 1, '09:10:18', '2021-09-17'),
(1874, 1002, 'valid', 1, '09:10:20', '2021-09-17'),
(1875, 1002, 'valid', 1, '09:10:35', '2021-09-17'),
(1876, 1002, 'valid', 1, '09:10:36', '2021-09-17'),
(1877, 2006, 'valid', 1, '09:11:44', '2021-09-17'),
(1878, 2006, 'valid', 1, '09:11:46', '2021-09-17'),
(1879, 1008, 'valid', 1, '09:12:13', '2021-09-17'),
(1880, 1008, 'valid', 1, '09:12:14', '2021-09-17'),
(1881, 1008, 'valid', 1, '09:12:15', '2021-09-17'),
(1882, 1008, 'valid', 1, '09:12:16', '2021-09-17'),
(1883, 2003, 'valid', 1, '09:13:18', '2021-09-17'),
(1884, 2008, 'valid', 1, '09:17:51', '2021-09-17'),
(1885, 2008, 'valid', 1, '09:17:52', '2021-09-17'),
(1886, 2012, 'valid', 1, '09:17:58', '2021-09-17'),
(1887, 101, 'valid', 1, '09:20:07', '2021-09-17'),
(1888, 101, 'valid', 1, '09:20:08', '2021-09-17'),
(1889, 101, 'valid', 1, '09:20:09', '2021-09-17'),
(1890, 2001, 'valid', 1, '09:20:23', '2021-09-17'),
(1891, 2001, 'valid', 1, '09:20:25', '2021-09-17'),
(1892, 2001, 'valid', 1, '09:20:44', '2021-09-17'),
(1893, 1001, 'valid', 1, '09:27:19', '2021-09-17'),
(1894, 1001, 'valid', 1, '09:27:20', '2021-09-17'),
(1895, 2007, 'valid', 1, '09:45:13', '2021-09-17'),
(1896, 500, 'valid', 1, '10:02:23', '2021-09-17'),
(1897, 200, 'valid', 1, '10:04:49', '2021-09-17'),
(1898, 2010, 'valid', 1, '10:06:29', '2021-09-17'),
(1899, 2010, 'valid', 1, '10:06:30', '2021-09-17'),
(1900, 503, 'valid', 1, '10:08:20', '2021-09-17'),
(1901, 502, 'valid', 1, '10:11:50', '2021-09-17'),
(1902, 502, 'valid', 1, '10:11:51', '2021-09-17'),
(1903, 1005, 'valid', 1, '11:40:06', '2021-09-17'),
(1904, 1005, 'valid', 1, '11:40:07', '2021-09-17'),
(1905, 2009, 'valid', 1, '12:45:42', '2021-09-17'),
(1906, 2009, 'valid', 1, '12:45:43', '2021-09-17'),
(1907, 1000, 'valid', 1, '12:56:39', '2021-09-17'),
(1908, 1000, 'valid', 1, '12:56:40', '2021-09-17'),
(1909, 2006, 'valid', 1, '12:59:17', '2021-09-17'),
(1910, 2006, 'valid', 1, '12:59:26', '2021-09-17'),
(1911, 2006, 'valid', 1, '12:59:28', '2021-09-17'),
(1912, 100, 'valid', 1, '12:59:36', '2021-09-17'),
(1913, 100, 'valid', 1, '12:59:47', '2021-09-17'),
(1914, 102, 'valid', 1, '13:02:45', '2021-09-17'),
(1915, 102, 'valid', 1, '13:02:47', '2021-09-17'),
(1916, 102, 'valid', 1, '13:03:06', '2021-09-17'),
(1917, 102, 'valid', 1, '13:03:08', '2021-09-17'),
(1918, 102, 'valid', 1, '13:03:10', '2021-09-17'),
(1919, 1002, 'valid', 1, '13:03:22', '2021-09-17'),
(1920, 1002, 'valid', 1, '13:03:23', '2021-09-17'),
(1921, 504, 'valid', 1, '13:03:37', '2021-09-17'),
(1922, 1001, 'valid', 1, '13:04:03', '2021-09-17'),
(1923, 1001, 'valid', 1, '13:04:04', '2021-09-17'),
(1924, 101, 'valid', 1, '13:04:28', '2021-09-17'),
(1925, 101, 'valid', 1, '13:04:29', '2021-09-17'),
(1926, 500, 'valid', 1, '13:07:57', '2021-09-17'),
(1927, 200, 'valid', 1, '13:08:53', '2021-09-17'),
(1928, 502, 'valid', 1, '13:11:25', '2021-09-17'),
(1929, 502, 'valid', 1, '13:11:26', '2021-09-17'),
(1930, 1000, 'valid', 1, '13:19:27', '2021-09-17'),
(1931, 1000, 'valid', 1, '13:19:28', '2021-09-17'),
(1932, 2002, 'valid', 1, '13:19:53', '2021-09-17'),
(1933, 1003, 'valid', 1, '13:20:17', '2021-09-17'),
(1934, 1003, 'valid', 1, '13:20:18', '2021-09-17'),
(1935, 100, 'valid', 1, '13:25:58', '2021-09-17'),
(1936, 504, 'valid', 1, '13:38:38', '2021-09-17'),
(1937, 2003, 'valid', 1, '13:41:14', '2021-09-17'),
(1938, 200, 'valid', 1, '13:42:59', '2021-09-17'),
(1939, 503, 'valid', 1, '13:53:27', '2021-09-17'),
(1940, 102, 'valid', 1, '13:54:55', '2021-09-17'),
(1941, 102, 'valid', 1, '13:54:56', '2021-09-17'),
(1942, 102, 'valid', 1, '13:54:57', '2021-09-17'),
(1943, 102, 'valid', 1, '13:55:17', '2021-09-17'),
(1944, 102, 'valid', 1, '13:55:18', '2021-09-17'),
(1945, 102, 'valid', 1, '13:55:19', '2021-09-17'),
(1946, 1005, 'valid', 1, '14:04:36', '2021-09-17'),
(1947, 1005, 'valid', 1, '14:04:38', '2021-09-17'),
(1948, 503, 'valid', 1, '14:16:32', '2021-09-17'),
(1949, 500, 'valid', 1, '14:16:58', '2021-09-17'),
(1950, 2009, 'valid', 1, '14:19:34', '2021-09-17'),
(1951, 2009, 'valid', 1, '14:19:35', '2021-09-17'),
(1952, 2009, 'valid', 1, '14:19:36', '2021-09-17'),
(1953, 101, 'valid', 1, '14:19:56', '2021-09-17'),
(1954, 101, 'valid', 1, '14:19:57', '2021-09-17'),
(1955, 101, 'valid', 1, '14:19:58', '2021-09-17'),
(1956, 2009, 'valid', 1, '14:20:15', '2021-09-17'),
(1957, 2009, 'valid', 1, '14:20:16', '2021-09-17'),
(1958, 502, 'valid', 1, '14:21:07', '2021-09-17'),
(1959, 502, 'valid', 1, '14:21:08', '2021-09-17'),
(1960, 1003, 'valid', 1, '14:21:52', '2021-09-17'),
(1961, 1003, 'valid', 1, '14:21:53', '2021-09-17'),
(1962, 1009, 'valid', 1, '14:22:13', '2021-09-17'),
(1963, 1009, 'valid', 1, '14:22:14', '2021-09-17'),
(1964, 1001, 'valid', 1, '14:23:26', '2021-09-17'),
(1965, 2005, 'valid', 1, '14:25:57', '2021-09-17'),
(1966, 2005, 'valid', 1, '14:26:11', '2021-09-17'),
(1967, 2005, 'valid', 1, '14:26:12', '2021-09-17'),
(1968, 2003, 'valid', 1, '14:26:23', '2021-09-17'),
(1969, 2006, 'valid', 1, '14:30:10', '2021-09-17'),
(1970, 2006, 'valid', 1, '14:30:11', '2021-09-17'),
(1971, 2006, 'valid', 1, '14:38:19', '2021-09-17'),
(1972, 1005, 'valid', 1, '14:38:37', '2021-09-17'),
(1973, 1005, 'valid', 1, '14:38:38', '2021-09-17'),
(1974, 2006, 'valid', 1, '14:39:00', '2021-09-17'),
(1975, 2006, 'valid', 1, '14:39:01', '2021-09-17'),
(1976, 2008, 'valid', 1, '15:07:09', '2021-09-17'),
(1977, 2008, 'valid', 1, '15:07:10', '2021-09-17'),
(1978, 2008, 'valid', 1, '15:07:11', '2021-09-17'),
(1979, 500, 'valid', 1, '16:44:48', '2021-09-17'),
(1980, 2012, 'valid', 1, '16:49:04', '2021-09-17'),
(1981, 2012, 'valid', 1, '16:49:06', '2021-09-17'),
(1982, 2012, 'valid', 1, '16:49:22', '2021-09-17'),
(1983, 2012, 'valid', 1, '16:49:23', '2021-09-17'),
(1984, 100, 'valid', 1, '16:59:57', '2021-09-17'),
(1985, 102, 'valid', 1, '17:05:26', '2021-09-17'),
(1986, 102, 'valid', 1, '17:05:27', '2021-09-17'),
(1987, 102, 'valid', 1, '17:05:28', '2021-09-17'),
(1988, 102, 'valid', 1, '17:05:29', '2021-09-17'),
(1989, 2003, 'valid', 1, '17:05:50', '2021-09-17'),
(1990, 2003, 'valid', 1, '17:05:51', '2021-09-17'),
(1991, 2009, 'valid', 1, '17:06:05', '2021-09-17'),
(1992, 2009, 'valid', 1, '17:06:06', '2021-09-17'),
(1993, 2009, 'valid', 1, '17:06:07', '2021-09-17'),
(1994, 102, 'valid', 1, '17:06:17', '2021-09-17'),
(1995, 102, 'valid', 1, '17:06:19', '2021-09-17'),
(1996, 102, 'valid', 1, '17:06:20', '2021-09-17'),
(1997, 102, 'valid', 1, '17:06:21', '2021-09-17'),
(1998, 102, 'valid', 1, '17:06:28', '2021-09-17'),
(1999, 102, 'valid', 1, '17:06:29', '2021-09-17'),
(2000, 102, 'valid', 1, '17:06:30', '2021-09-17'),
(2001, 102, 'valid', 1, '17:06:31', '2021-09-17'),
(2002, 102, 'valid', 1, '17:06:32', '2021-09-17'),
(2003, 102, 'valid', 1, '17:06:35', '2021-09-17'),
(2004, 2002, 'valid', 1, '17:06:51', '2021-09-17'),
(2005, 2002, 'valid', 1, '17:06:52', '2021-09-17'),
(2006, 504, 'valid', 1, '17:07:42', '2021-09-17'),
(2007, 2010, 'valid', 1, '17:08:01', '2021-09-17'),
(2008, 1007, 'valid', 1, '17:12:43', '2021-09-17'),
(2009, 1007, 'valid', 1, '17:12:44', '2021-09-17'),
(2010, 1001, 'valid', 1, '17:13:42', '2021-09-17'),
(2011, 1001, 'valid', 1, '17:13:43', '2021-09-17'),
(2012, 1003, 'valid', 1, '17:14:36', '2021-09-17'),
(2013, 2006, 'valid', 1, '17:19:56', '2021-09-17'),
(2014, 101, 'valid', 1, '17:46:43', '2021-09-17'),
(2015, 101, 'valid', 1, '17:46:44', '2021-09-17'),
(2016, 2001, 'valid', 1, '17:46:50', '2021-09-17'),
(2017, 2001, 'valid', 1, '17:46:51', '2021-09-17'),
(2018, 2001, 'valid', 1, '17:46:52', '2021-09-17'),
(2019, 2001, 'valid', 1, '17:47:03', '2021-09-17'),
(2020, 2001, 'valid', 1, '17:47:04', '2021-09-17'),
(2021, 2004, 'valid', 1, '17:51:14', '2021-09-17'),
(2022, 1002, 'valid', 1, '18:01:14', '2021-09-17'),
(2023, 503, 'valid', 1, '18:08:09', '2021-09-17'),
(2024, 500, 'valid', 1, '18:12:38', '2021-09-17'),
(2025, 502, 'valid', 1, '18:18:56', '2021-09-17'),
(2026, 502, 'valid', 1, '18:18:57', '2021-09-17'),
(2027, 200, 'valid', 1, '18:26:07', '2021-09-17'),
(2028, 1000, 'valid', 1, '18:37:38', '2021-09-17'),
(2029, 1000, 'valid', 1, '18:37:39', '2021-09-17'),
(2030, 2005, 'valid', 1, '20:03:22', '2021-09-17'),
(2031, 2005, 'valid', 1, '20:03:23', '2021-09-17'),
(2032, 1005, 'valid', 1, '20:13:54', '2021-09-17'),
(2033, 1005, 'valid', 1, '20:13:56', '2021-09-17'),
(2034, 1009, 'valid', 1, '20:43:12', '2021-09-17'),
(2035, 1009, 'valid', 1, '20:43:14', '2021-09-17'),
(2036, 1008, 'valid', 1, '22:00:23', '2021-09-17'),
(2037, 1008, 'valid', 1, '22:00:24', '2021-09-17'),
(2038, 1008, 'valid', 1, '22:00:26', '2021-09-17');
INSERT INTO `emp_machine_thumbs` (`id`, `emp_id`, `status`, `location`, `time`, `date`) VALUES
(2039, 100, 'valid', 1, '08:33:51', '2021-09-18'),
(2040, 100, 'valid', 1, '08:33:52', '2021-09-18'),
(2041, 100, 'valid', 1, '08:39:04', '2021-09-18'),
(2042, 504, 'valid', 1, '08:40:08', '2021-09-18'),
(2043, 2004, 'valid', 1, '08:48:03', '2021-09-18'),
(2044, 2004, 'valid', 1, '08:48:04', '2021-09-18'),
(2045, 1003, 'valid', 1, '08:48:29', '2021-09-18'),
(2046, 1000, 'valid', 1, '08:51:08', '2021-09-18'),
(2047, 2002, 'valid', 1, '08:51:45', '2021-09-18'),
(2048, 2002, 'valid', 1, '08:51:46', '2021-09-18'),
(2049, 1007, 'valid', 1, '08:55:35', '2021-09-18'),
(2050, 1007, 'valid', 1, '08:55:36', '2021-09-18'),
(2051, 2009, 'valid', 1, '08:56:12', '2021-09-18'),
(2052, 2009, 'valid', 1, '08:56:13', '2021-09-18'),
(2053, 2009, 'valid', 1, '08:56:14', '2021-09-18'),
(2054, 2009, 'valid', 1, '08:56:15', '2021-09-18'),
(2055, 101, 'valid', 1, '08:58:38', '2021-09-18'),
(2056, 101, 'valid', 1, '08:58:39', '2021-09-18'),
(2057, 101, 'valid', 1, '08:58:40', '2021-09-18'),
(2058, 101, 'valid', 1, '08:58:41', '2021-09-18'),
(2059, 1002, 'valid', 1, '08:58:50', '2021-09-18'),
(2060, 102, 'valid', 1, '09:02:44', '2021-09-18'),
(2061, 102, 'valid', 1, '09:02:45', '2021-09-18'),
(2062, 102, 'valid', 1, '09:02:46', '2021-09-18'),
(2063, 102, 'valid', 1, '09:02:48', '2021-09-18'),
(2064, 102, 'valid', 1, '09:02:50', '2021-09-18'),
(2065, 102, 'valid', 1, '09:02:51', '2021-09-18'),
(2066, 102, 'valid', 1, '09:02:53', '2021-09-18'),
(2067, 102, 'valid', 1, '09:02:55', '2021-09-18'),
(2068, 102, 'valid', 1, '09:02:56', '2021-09-18'),
(2069, 102, 'valid', 1, '09:03:02', '2021-09-18'),
(2070, 102, 'valid', 1, '09:03:03', '2021-09-18'),
(2071, 102, 'valid', 1, '09:03:04', '2021-09-18'),
(2072, 102, 'valid', 1, '09:03:05', '2021-09-18'),
(2073, 102, 'valid', 1, '09:03:06', '2021-09-18'),
(2074, 102, 'valid', 1, '09:03:07', '2021-09-18'),
(2075, 102, 'valid', 1, '09:03:11', '2021-09-18'),
(2076, 102, 'valid', 1, '09:03:12', '2021-09-18'),
(2077, 102, 'valid', 1, '09:03:13', '2021-09-18'),
(2078, 102, 'valid', 1, '09:03:14', '2021-09-18'),
(2079, 102, 'valid', 1, '09:04:26', '2021-09-18'),
(2080, 102, 'valid', 1, '09:04:28', '2021-09-18'),
(2081, 102, 'valid', 1, '09:04:29', '2021-09-18'),
(2082, 102, 'valid', 1, '09:04:31', '2021-09-18'),
(2083, 2005, 'valid', 1, '09:04:40', '2021-09-18'),
(2084, 1003, 'valid', 1, '09:04:53', '2021-09-18'),
(2085, 1003, 'valid', 1, '09:05:04', '2021-09-18'),
(2086, 1003, 'valid', 1, '09:05:05', '2021-09-18'),
(2087, 2005, 'valid', 1, '09:05:17', '2021-09-18'),
(2088, 1001, 'valid', 1, '09:05:29', '2021-09-18'),
(2089, 2009, 'valid', 1, '09:05:39', '2021-09-18'),
(2090, 2009, 'valid', 1, '09:05:40', '2021-09-18'),
(2091, 2009, 'valid', 1, '09:05:41', '2021-09-18'),
(2092, 102, 'valid', 1, '09:05:55', '2021-09-18'),
(2093, 102, 'valid', 1, '09:05:56', '2021-09-18'),
(2094, 102, 'valid', 1, '09:05:57', '2021-09-18'),
(2095, 102, 'valid', 1, '09:06:07', '2021-09-18'),
(2096, 102, 'valid', 1, '09:06:13', '2021-09-18'),
(2097, 102, 'valid', 1, '09:06:15', '2021-09-18'),
(2098, 102, 'valid', 1, '09:06:16', '2021-09-18'),
(2099, 102, 'valid', 1, '09:06:17', '2021-09-18'),
(2100, 102, 'valid', 1, '09:06:18', '2021-09-18'),
(2101, 102, 'valid', 1, '09:06:19', '2021-09-18'),
(2102, 102, 'valid', 1, '09:06:20', '2021-09-18'),
(2103, 102, 'valid', 1, '09:06:21', '2021-09-18'),
(2104, 102, 'valid', 1, '09:06:22', '2021-09-18'),
(2105, 102, 'valid', 1, '09:06:23', '2021-09-18'),
(2106, 102, 'valid', 1, '09:06:24', '2021-09-18'),
(2107, 102, 'valid', 1, '09:06:25', '2021-09-18'),
(2108, 102, 'valid', 1, '09:06:27', '2021-09-18'),
(2109, 1006, 'valid', 1, '09:09:26', '2021-09-18'),
(2110, 100, 'valid', 1, '09:12:13', '2021-09-18'),
(2111, 100, 'valid', 1, '09:12:14', '2021-09-18'),
(2112, 2006, 'valid', 1, '09:12:23', '2021-09-18'),
(2113, 2006, 'valid', 1, '09:12:29', '2021-09-18'),
(2114, 2006, 'valid', 1, '09:12:30', '2021-09-18'),
(2115, 2003, 'valid', 1, '09:13:28', '2021-09-18'),
(2116, 2008, 'valid', 1, '09:18:23', '2021-09-18'),
(2117, 2008, 'valid', 1, '09:18:24', '2021-09-18'),
(2118, 2001, 'valid', 1, '09:26:12', '2021-09-18'),
(2119, 2001, 'valid', 1, '09:26:13', '2021-09-18'),
(2120, 504, 'valid', 1, '09:28:55', '2021-09-18'),
(2121, 504, 'valid', 1, '09:28:56', '2021-09-18'),
(2122, 2007, 'valid', 1, '09:43:59', '2021-09-18'),
(2123, 1007, 'valid', 1, '09:45:17', '2021-09-18'),
(2124, 1007, 'valid', 1, '09:45:18', '2021-09-18'),
(2125, 2010, 'valid', 1, '10:00:19', '2021-09-18'),
(2126, 200, 'valid', 1, '10:05:40', '2021-09-18'),
(2127, 502, 'valid', 1, '10:14:35', '2021-09-18'),
(2128, 502, 'valid', 1, '10:14:36', '2021-09-18'),
(2129, 1005, 'valid', 1, '11:38:09', '2021-09-18'),
(2130, 1005, 'valid', 1, '11:38:10', '2021-09-18'),
(2131, 1004, 'valid', 1, '12:17:24', '2021-09-18'),
(2132, 1009, 'valid', 1, '12:28:28', '2021-09-18'),
(2133, 1009, 'valid', 1, '12:28:29', '2021-09-18'),
(2134, 2010, 'valid', 1, '13:01:01', '2021-09-18'),
(2135, 2010, 'valid', 1, '13:01:02', '2021-09-18'),
(2136, 100, 'valid', 1, '13:01:25', '2021-09-18'),
(2137, 2004, 'valid', 1, '13:01:49', '2021-09-18'),
(2138, 2006, 'valid', 1, '13:02:02', '2021-09-18'),
(2139, 2006, 'valid', 1, '13:02:03', '2021-09-18'),
(2140, 102, 'valid', 1, '13:02:13', '2021-09-18'),
(2141, 102, 'valid', 1, '13:02:14', '2021-09-18'),
(2142, 102, 'valid', 1, '13:02:15', '2021-09-18'),
(2143, 102, 'valid', 1, '13:02:16', '2021-09-18'),
(2144, 102, 'valid', 1, '13:02:17', '2021-09-18'),
(2145, 102, 'valid', 1, '13:02:19', '2021-09-18'),
(2146, 102, 'valid', 1, '13:02:50', '2021-09-18'),
(2147, 102, 'valid', 1, '13:02:51', '2021-09-18'),
(2148, 102, 'valid', 1, '13:02:52', '2021-09-18'),
(2149, 102, 'valid', 1, '13:02:54', '2021-09-18'),
(2150, 102, 'valid', 1, '13:02:55', '2021-09-18'),
(2151, 2008, 'valid', 1, '13:03:09', '2021-09-18'),
(2152, 2008, 'valid', 1, '13:03:10', '2021-09-18'),
(2153, 2003, 'valid', 1, '13:03:20', '2021-09-18'),
(2154, 2007, 'valid', 1, '13:03:34', '2021-09-18'),
(2155, 2007, 'valid', 1, '13:03:35', '2021-09-18'),
(2156, 1001, 'valid', 1, '13:04:08', '2021-09-18'),
(2157, 2009, 'valid', 1, '13:04:12', '2021-09-18'),
(2158, 1003, 'valid', 1, '13:04:45', '2021-09-18'),
(2159, 504, 'valid', 1, '13:05:02', '2021-09-18'),
(2160, 504, 'valid', 1, '13:05:03', '2021-09-18'),
(2161, 1000, 'valid', 1, '13:07:11', '2021-09-18'),
(2162, 1000, 'valid', 1, '13:07:12', '2021-09-18'),
(2163, 1006, 'valid', 1, '13:07:55', '2021-09-18'),
(2164, 1006, 'valid', 1, '13:07:56', '2021-09-18'),
(2165, 1006, 'valid', 1, '13:07:57', '2021-09-18'),
(2166, 2002, 'valid', 1, '13:08:08', '2021-09-18'),
(2167, 2002, 'valid', 1, '13:08:09', '2021-09-18'),
(2168, 2002, 'valid', 1, '13:08:24', '2021-09-18'),
(2169, 2002, 'valid', 1, '13:08:49', '2021-09-18'),
(2170, 2002, 'valid', 1, '13:08:50', '2021-09-18'),
(2171, 1002, 'valid', 1, '13:38:52', '2021-09-18'),
(2172, 1002, 'valid', 1, '13:38:53', '2021-09-18'),
(2173, 1002, 'valid', 1, '13:39:16', '2021-09-18'),
(2174, 2005, 'valid', 1, '13:55:22', '2021-09-18'),
(2175, 2005, 'valid', 1, '13:55:23', '2021-09-18'),
(2176, 200, 'valid', 1, '14:03:26', '2021-09-18'),
(2177, 502, 'valid', 1, '14:11:44', '2021-09-18'),
(2178, 502, 'valid', 1, '14:11:54', '2021-09-18'),
(2179, 502, 'valid', 1, '14:11:55', '2021-09-18'),
(2180, 2001, 'valid', 1, '14:19:22', '2021-09-18'),
(2181, 2001, 'valid', 1, '14:19:23', '2021-09-18'),
(2182, 101, 'valid', 1, '14:19:47', '2021-09-18'),
(2183, 101, 'valid', 1, '14:19:48', '2021-09-18'),
(2184, 101, 'valid', 1, '14:19:49', '2021-09-18'),
(2185, 101, 'valid', 1, '14:20:11', '2021-09-18'),
(2186, 101, 'valid', 1, '14:20:12', '2021-09-18'),
(2187, 101, 'valid', 1, '14:20:46', '2021-09-18'),
(2188, 101, 'valid', 1, '14:20:47', '2021-09-18'),
(2189, 101, 'valid', 1, '14:20:48', '2021-09-18'),
(2190, 101, 'valid', 1, '14:21:34', '2021-09-18'),
(2191, 101, 'valid', 1, '14:21:35', '2021-09-18'),
(2192, 101, 'valid', 1, '14:21:48', '2021-09-18'),
(2193, 101, 'valid', 1, '14:21:49', '2021-09-18'),
(2194, 101, 'valid', 1, '14:21:50', '2021-09-18'),
(2195, 1007, 'valid', 1, '17:12:05', '2021-09-18'),
(2196, 1007, 'valid', 1, '17:12:06', '2021-09-18'),
(2197, 1007, 'valid', 1, '17:13:22', '2021-09-18'),
(2198, 1007, 'valid', 1, '17:13:23', '2021-09-18'),
(2199, 1009, 'valid', 1, '21:42:16', '2021-09-18'),
(2200, 1009, 'valid', 1, '21:42:17', '2021-09-18'),
(2201, 1007, 'valid', 1, '08:56:32', '2021-09-20'),
(2202, 1007, 'valid', 1, '08:56:33', '2021-09-20'),
(2203, 101, 'valid', 1, '08:56:43', '2021-09-20'),
(2204, 101, 'valid', 1, '08:56:44', '2021-09-20'),
(2205, 101, 'valid', 1, '08:56:45', '2021-09-20'),
(2206, 1002, 'valid', 1, '08:57:24', '2021-09-20'),
(2207, 1008, 'valid', 1, '08:58:30', '2021-09-20'),
(2208, 1008, 'valid', 1, '08:58:35', '2021-09-20'),
(2209, 1008, 'valid', 1, '08:58:36', '2021-09-20'),
(2210, 100, 'valid', 1, '08:59:16', '2021-09-20'),
(2211, 2009, 'valid', 1, '08:59:40', '2021-09-20'),
(2212, 2009, 'valid', 1, '08:59:44', '2021-09-20'),
(2213, 2009, 'valid', 1, '08:59:45', '2021-09-20'),
(2214, 1003, 'valid', 1, '09:01:01', '2021-09-20'),
(2215, 1003, 'valid', 1, '09:01:26', '2021-09-20'),
(2216, 1003, 'valid', 1, '09:04:13', '2021-09-20'),
(2217, 1000, 'valid', 1, '09:05:19', '2021-09-20'),
(2218, 1000, 'valid', 1, '09:05:21', '2021-09-20'),
(2219, 1000, 'valid', 1, '09:05:57', '2021-09-20'),
(2220, 1000, 'valid', 1, '09:05:58', '2021-09-20'),
(2221, 1001, 'valid', 1, '09:06:20', '2021-09-20'),
(2222, 1001, 'valid', 1, '09:06:22', '2021-09-20'),
(2223, 102, 'valid', 1, '09:08:03', '2021-09-20'),
(2224, 102, 'valid', 1, '09:08:04', '2021-09-20'),
(2225, 102, 'valid', 1, '09:08:05', '2021-09-20'),
(2226, 102, 'valid', 1, '09:08:06', '2021-09-20'),
(2227, 102, 'valid', 1, '09:08:08', '2021-09-20'),
(2228, 102, 'valid', 1, '09:08:09', '2021-09-20'),
(2229, 1003, 'valid', 1, '09:08:25', '2021-09-20'),
(2230, 1003, 'valid', 1, '09:08:26', '2021-09-20'),
(2231, 2006, 'valid', 1, '09:10:55', '2021-09-20'),
(2232, 2006, 'valid', 1, '09:10:56', '2021-09-20'),
(2233, 2008, 'valid', 1, '09:12:29', '2021-09-20'),
(2234, 2008, 'valid', 1, '09:12:31', '2021-09-20'),
(2235, 2012, 'valid', 1, '09:12:39', '2021-09-20'),
(2236, 2012, 'valid', 1, '09:12:40', '2021-09-20'),
(2237, 2003, 'valid', 1, '09:13:18', '2021-09-20'),
(2238, 2001, 'valid', 1, '09:21:15', '2021-09-20'),
(2239, 200, 'valid', 1, '09:42:10', '2021-09-20'),
(2240, 500, 'valid', 1, '09:48:53', '2021-09-20'),
(2241, 2010, 'valid', 1, '09:59:40', '2021-09-20'),
(2242, 2010, 'valid', 1, '09:59:41', '2021-09-20'),
(2243, 503, 'valid', 1, '10:02:01', '2021-09-20'),
(2244, 502, 'valid', 1, '10:15:46', '2021-09-20'),
(2245, 502, 'valid', 1, '10:15:47', '2021-09-20'),
(2246, 500, 'valid', 1, '10:45:46', '2021-09-20'),
(2247, 1001, 'valid', 1, '10:51:32', '2021-09-20'),
(2248, 1001, 'valid', 1, '10:51:33', '2021-09-20'),
(2249, 500, 'valid', 1, '10:55:51', '2021-09-20'),
(2250, 1000, 'valid', 1, '13:05:36', '2021-09-20'),
(2251, 1000, 'valid', 1, '13:05:37', '2021-09-20'),
(2252, 1001, 'valid', 1, '13:05:50', '2021-09-20'),
(2253, 1001, 'valid', 1, '13:05:52', '2021-09-20'),
(2254, 2003, 'valid', 1, '13:06:35', '2021-09-20'),
(2255, 2003, 'valid', 1, '13:06:36', '2021-09-20'),
(2256, 200, 'valid', 1, '13:06:44', '2021-09-20'),
(2257, 1003, 'valid', 1, '13:07:11', '2021-09-20'),
(2258, 1003, 'valid', 1, '13:07:12', '2021-09-20'),
(2259, 504, 'valid', 1, '13:08:22', '2021-09-20'),
(2260, 502, 'valid', 1, '13:11:59', '2021-09-20'),
(2261, 502, 'valid', 1, '13:12:00', '2021-09-20'),
(2262, 503, 'valid', 1, '13:16:02', '2021-09-20'),
(2263, 500, 'valid', 1, '13:17:18', '2021-09-20'),
(2264, 500, 'valid', 1, '13:17:32', '2021-09-20'),
(2265, 2003, 'valid', 1, '13:22:04', '2021-09-20'),
(2266, 2003, 'valid', 1, '13:22:05', '2021-09-20'),
(2267, 100, 'valid', 1, '13:23:53', '2021-09-20'),
(2268, 100, 'valid', 1, '13:23:54', '2021-09-20'),
(2269, 200, 'valid', 1, '13:24:45', '2021-09-20'),
(2270, 1000, 'valid', 1, '13:25:10', '2021-09-20'),
(2271, 1000, 'valid', 1, '13:25:11', '2021-09-20'),
(2272, 1003, 'valid', 1, '13:26:03', '2021-09-20'),
(2273, 1003, 'valid', 1, '13:26:17', '2021-09-20'),
(2274, 502, 'valid', 1, '13:27:27', '2021-09-20'),
(2275, 502, 'valid', 1, '13:27:28', '2021-09-20'),
(2276, 504, 'valid', 1, '13:27:36', '2021-09-20'),
(2277, 504, 'valid', 1, '13:27:44', '2021-09-20'),
(2278, 504, 'valid', 1, '13:27:59', '2021-09-20'),
(2279, 503, 'valid', 1, '13:29:12', '2021-09-20'),
(2280, 101, 'valid', 1, '13:32:30', '2021-09-20'),
(2281, 101, 'valid', 1, '13:32:31', '2021-09-20'),
(2282, 2006, 'valid', 1, '13:33:01', '2021-09-20'),
(2283, 2006, 'valid', 1, '13:33:02', '2021-09-20'),
(2284, 2001, 'valid', 1, '13:35:50', '2021-09-20'),
(2285, 2001, 'valid', 1, '13:35:51', '2021-09-20'),
(2286, 500, 'valid', 1, '13:36:28', '2021-09-20'),
(2287, 500, 'valid', 1, '13:36:29', '2021-09-20'),
(2288, 101, 'valid', 1, '13:47:21', '2021-09-20'),
(2289, 101, 'valid', 1, '13:47:22', '2021-09-20'),
(2290, 101, 'valid', 1, '13:47:23', '2021-09-20'),
(2291, 1000, 'valid', 1, '13:48:27', '2021-09-20'),
(2292, 1000, 'valid', 1, '13:48:28', '2021-09-20'),
(2293, 100, 'valid', 1, '13:50:37', '2021-09-20'),
(2294, 100, 'valid', 1, '13:50:38', '2021-09-20'),
(2295, 2006, 'valid', 1, '13:53:52', '2021-09-20'),
(2296, 2006, 'valid', 1, '13:53:53', '2021-09-20'),
(2297, 2006, 'valid', 1, '13:53:54', '2021-09-20'),
(2298, 1001, 'valid', 1, '14:25:50', '2021-09-20'),
(2299, 1001, 'valid', 1, '14:25:51', '2021-09-20'),
(2300, 1001, 'valid', 1, '14:31:27', '2021-09-20'),
(2301, 1001, 'valid', 1, '14:52:10', '2021-09-20'),
(2302, 1001, 'valid', 1, '14:52:11', '2021-09-20'),
(2303, 1001, 'valid', 1, '14:52:26', '2021-09-20'),
(2304, 1001, 'valid', 1, '14:53:16', '2021-09-20'),
(2305, 1001, 'valid', 1, '14:53:17', '2021-09-20'),
(2306, 1001, 'valid', 1, '14:55:02', '2021-09-20'),
(2307, 2006, 'valid', 1, '14:55:18', '2021-09-20'),
(2308, 2006, 'valid', 1, '14:55:27', '2021-09-20'),
(2309, 2006, 'valid', 1, '14:55:28', '2021-09-20'),
(2310, 2006, 'valid', 1, '14:55:29', '2021-09-20'),
(2311, 2006, 'valid', 1, '14:55:38', '2021-09-20'),
(2312, 2006, 'valid', 1, '15:02:24', '2021-09-20'),
(2313, 2006, 'valid', 1, '15:02:25', '2021-09-20'),
(2314, 2006, 'valid', 1, '15:02:26', '2021-09-20'),
(2315, 2006, 'valid', 1, '15:02:27', '2021-09-20'),
(2316, 2006, 'valid', 1, '15:02:33', '2021-09-20'),
(2317, 1001, 'valid', 1, '15:02:52', '2021-09-20'),
(2318, 1001, 'valid', 1, '15:02:53', '2021-09-20'),
(2319, 2006, 'valid', 1, '15:04:59', '2021-09-20'),
(2320, 2006, 'valid', 1, '15:05:00', '2021-09-20'),
(2321, 2006, 'valid', 1, '15:05:01', '2021-09-20'),
(2322, 2006, 'valid', 1, '15:05:02', '2021-09-20'),
(2323, 2006, 'valid', 1, '15:05:03', '2021-09-20'),
(2324, 2006, 'valid', 1, '15:05:04', '2021-09-20'),
(2325, 2006, 'valid', 1, '15:05:06', '2021-09-20'),
(2326, 2006, 'valid', 1, '15:05:07', '2021-09-20'),
(2327, 2006, 'valid', 1, '15:05:08', '2021-09-20'),
(2328, 2006, 'valid', 1, '15:05:17', '2021-09-20'),
(2329, 2006, 'valid', 1, '15:05:27', '2021-09-20'),
(2330, 2006, 'valid', 1, '15:05:28', '2021-09-20'),
(2331, 1009, 'valid', 1, '15:14:00', '2021-09-20'),
(2332, 1009, 'valid', 1, '15:14:01', '2021-09-20'),
(2333, 1009, 'valid', 1, '15:14:02', '2021-09-20'),
(2334, 2008, 'valid', 1, '17:00:09', '2021-09-20'),
(2335, 2008, 'valid', 1, '17:00:10', '2021-09-20'),
(2336, 2008, 'valid', 1, '17:00:21', '2021-09-20'),
(2337, 2008, 'valid', 1, '17:00:22', '2021-09-20'),
(2338, 504, 'valid', 1, '17:01:52', '2021-09-20'),
(2339, 1007, 'valid', 1, '17:02:06', '2021-09-20'),
(2340, 2012, 'valid', 1, '17:02:13', '2021-09-20'),
(2341, 2012, 'valid', 1, '17:02:15', '2021-09-20'),
(2342, 102, 'valid', 1, '17:02:19', '2021-09-20'),
(2343, 102, 'valid', 1, '17:02:20', '2021-09-20'),
(2344, 102, 'valid', 1, '17:02:21', '2021-09-20'),
(2345, 102, 'valid', 1, '17:02:22', '2021-09-20'),
(2346, 102, 'valid', 1, '17:02:24', '2021-09-20'),
(2347, 102, 'valid', 1, '17:02:25', '2021-09-20'),
(2348, 102, 'valid', 1, '17:02:26', '2021-09-20'),
(2349, 102, 'valid', 1, '17:02:27', '2021-09-20'),
(2350, 102, 'valid', 1, '17:02:29', '2021-09-20'),
(2351, 2010, 'valid', 1, '17:02:38', '2021-09-20'),
(2352, 2010, 'valid', 1, '17:02:39', '2021-09-20'),
(2353, 1001, 'valid', 1, '17:04:07', '2021-09-20'),
(2354, 2003, 'valid', 1, '17:07:03', '2021-09-20'),
(2355, 2003, 'valid', 1, '17:07:04', '2021-09-20'),
(2356, 1003, 'valid', 1, '17:09:39', '2021-09-20'),
(2357, 1003, 'valid', 1, '17:09:40', '2021-09-20'),
(2358, 1010, 'valid', 1, '17:12:00', '2021-09-20'),
(2359, 1010, 'valid', 1, '17:12:01', '2021-09-20'),
(2360, 1010, 'valid', 1, '17:12:02', '2021-09-20'),
(2361, 1010, 'valid', 1, '17:12:03', '2021-09-20'),
(2362, 1010, 'valid', 1, '17:12:04', '2021-09-20'),
(2363, 1010, 'valid', 1, '17:12:35', '2021-09-20'),
(2364, 1010, 'valid', 1, '17:12:36', '2021-09-20'),
(2365, 1010, 'valid', 1, '17:12:37', '2021-09-20'),
(2366, 1010, 'valid', 1, '17:13:01', '2021-09-20'),
(2367, 1010, 'valid', 1, '17:13:03', '2021-09-20'),
(2368, 100, 'valid', 1, '17:13:58', '2021-09-20'),
(2369, 100, 'valid', 1, '17:13:59', '2021-09-20'),
(2370, 100, 'valid', 1, '17:14:26', '2021-09-20'),
(2371, 100, 'valid', 1, '17:14:27', '2021-09-20'),
(2372, 100, 'valid', 1, '17:14:28', '2021-09-20'),
(2373, 2006, 'valid', 1, '17:28:42', '2021-09-20'),
(2374, 2006, 'valid', 1, '17:28:43', '2021-09-20'),
(2375, 2006, 'valid', 1, '17:28:44', '2021-09-20'),
(2376, 1002, 'valid', 1, '17:35:24', '2021-09-20'),
(2377, 2001, 'valid', 1, '17:49:09', '2021-09-20'),
(2378, 2001, 'valid', 1, '17:49:10', '2021-09-20'),
(2379, 101, 'valid', 1, '17:51:21', '2021-09-20'),
(2380, 101, 'valid', 1, '17:51:22', '2021-09-20'),
(2381, 101, 'valid', 1, '17:51:23', '2021-09-20'),
(2382, 101, 'valid', 1, '17:51:25', '2021-09-20'),
(2383, 503, 'valid', 1, '18:08:58', '2021-09-20'),
(2384, 200, 'valid', 1, '18:23:05', '2021-09-20'),
(2385, 200, 'valid', 1, '18:23:15', '2021-09-20'),
(2386, 500, 'valid', 1, '18:23:16', '2021-09-20'),
(2387, 500, 'valid', 1, '18:23:23', '2021-09-20'),
(2388, 500, 'valid', 1, '18:23:24', '2021-09-20'),
(2389, 500, 'valid', 1, '18:23:41', '2021-09-20'),
(2390, 502, 'valid', 1, '18:23:46', '2021-09-20'),
(2391, 502, 'valid', 1, '18:23:47', '2021-09-20'),
(2392, 1009, 'valid', 1, '20:24:14', '2021-09-20'),
(2393, 1009, 'valid', 1, '20:24:15', '2021-09-20'),
(2394, 2004, 'valid', 1, '08:47:52', '2021-09-21'),
(2395, 2004, 'valid', 1, '08:47:53', '2021-09-21'),
(2396, 504, 'valid', 1, '08:48:20', '2021-09-21'),
(2397, 1006, 'valid', 1, '08:53:57', '2021-09-21'),
(2398, 1000, 'valid', 1, '08:54:36', '2021-09-21'),
(2399, 1000, 'valid', 1, '08:54:38', '2021-09-21'),
(2400, 2002, 'valid', 1, '08:55:12', '2021-09-21'),
(2401, 2002, 'valid', 1, '08:55:13', '2021-09-21'),
(2402, 100, 'valid', 1, '08:56:30', '2021-09-21'),
(2403, 101, 'valid', 1, '08:57:39', '2021-09-21'),
(2404, 101, 'valid', 1, '08:57:40', '2021-09-21'),
(2405, 101, 'valid', 1, '08:57:41', '2021-09-21'),
(2406, 1001, 'valid', 1, '09:00:15', '2021-09-21'),
(2407, 2006, 'valid', 1, '09:01:06', '2021-09-21'),
(2408, 2006, 'valid', 1, '09:01:07', '2021-09-21'),
(2409, 2006, 'valid', 1, '09:01:10', '2021-09-21'),
(2410, 102, 'valid', 1, '09:03:25', '2021-09-21'),
(2411, 102, 'valid', 1, '09:03:29', '2021-09-21'),
(2412, 102, 'valid', 1, '09:03:30', '2021-09-21'),
(2413, 102, 'valid', 1, '09:03:32', '2021-09-21'),
(2414, 102, 'valid', 1, '09:03:33', '2021-09-21'),
(2415, 102, 'valid', 1, '09:03:35', '2021-09-21'),
(2416, 102, 'valid', 1, '09:04:13', '2021-09-21'),
(2417, 102, 'valid', 1, '09:04:14', '2021-09-21'),
(2418, 102, 'valid', 1, '09:04:17', '2021-09-21'),
(2419, 2009, 'valid', 1, '09:04:33', '2021-09-21'),
(2420, 2009, 'valid', 1, '09:04:35', '2021-09-21'),
(2421, 1003, 'valid', 1, '09:06:31', '2021-09-21'),
(2422, 1003, 'valid', 1, '09:06:33', '2021-09-21'),
(2423, 1008, 'valid', 1, '09:07:40', '2021-09-21'),
(2424, 1008, 'valid', 1, '09:07:41', '2021-09-21'),
(2425, 1008, 'valid', 1, '09:07:42', '2021-09-21'),
(2426, 1008, 'valid', 1, '09:07:43', '2021-09-21'),
(2427, 1008, 'valid', 1, '09:07:45', '2021-09-21'),
(2428, 1002, 'valid', 1, '09:08:50', '2021-09-21'),
(2429, 1002, 'valid', 1, '09:08:51', '2021-09-21'),
(2430, 1007, 'valid', 1, '09:08:55', '2021-09-21'),
(2431, 1007, 'valid', 1, '09:08:56', '2021-09-21'),
(2432, 1007, 'valid', 1, '09:09:08', '2021-09-21'),
(2433, 1007, 'valid', 1, '09:09:09', '2021-09-21'),
(2434, 1007, 'valid', 1, '09:09:30', '2021-09-21'),
(2435, 1007, 'valid', 1, '09:09:31', '2021-09-21'),
(2436, 2001, 'valid', 1, '09:10:56', '2021-09-21'),
(2437, 2001, 'valid', 1, '09:10:57', '2021-09-21'),
(2438, 2008, 'valid', 1, '09:16:40', '2021-09-21'),
(2439, 2008, 'valid', 1, '09:16:41', '2021-09-21'),
(2440, 2012, 'valid', 1, '09:16:46', '2021-09-21'),
(2441, 2012, 'valid', 1, '09:16:47', '2021-09-21'),
(2442, 2003, 'valid', 1, '09:23:47', '2021-09-21'),
(2443, 2003, 'valid', 1, '09:23:48', '2021-09-21'),
(2444, 500, 'valid', 1, '09:56:22', '2021-09-21'),
(2445, 500, 'valid', 1, '09:56:23', '2021-09-21'),
(2446, 503, 'valid', 1, '10:02:14', '2021-09-21'),
(2447, 200, 'valid', 1, '10:07:09', '2021-09-21'),
(2448, 2010, 'valid', 1, '10:07:37', '2021-09-21'),
(2449, 2010, 'valid', 1, '10:07:38', '2021-09-21'),
(2450, 502, 'valid', 1, '10:10:04', '2021-09-21'),
(2451, 502, 'valid', 1, '10:10:05', '2021-09-21'),
(2452, 500, 'valid', 1, '10:41:09', '2021-09-21'),
(2453, 1010, 'valid', 1, '11:01:20', '2021-09-21'),
(2454, 1010, 'valid', 1, '11:01:21', '2021-09-21'),
(2455, 1001, 'valid', 1, '13:04:50', '2021-09-21'),
(2456, 1001, 'valid', 1, '13:04:51', '2021-09-21'),
(2457, 504, 'valid', 1, '13:07:21', '2021-09-21'),
(2458, 503, 'valid', 1, '13:07:43', '2021-09-21'),
(2459, 2003, 'valid', 1, '13:10:14', '2021-09-21'),
(2460, 200, 'valid', 1, '13:13:13', '2021-09-21'),
(2461, 1000, 'valid', 1, '13:15:02', '2021-09-21'),
(2462, 1000, 'valid', 1, '13:15:03', '2021-09-21'),
(2463, 500, 'valid', 1, '13:16:08', '2021-09-21'),
(2464, 502, 'valid', 1, '13:16:49', '2021-09-21'),
(2465, 2002, 'valid', 1, '13:22:31', '2021-09-21'),
(2466, 100, 'valid', 1, '13:27:15', '2021-09-21'),
(2467, 101, 'valid', 1, '13:27:32', '2021-09-21'),
(2468, 101, 'valid', 1, '13:27:33', '2021-09-21'),
(2469, 101, 'valid', 1, '13:27:34', '2021-09-21'),
(2470, 100, 'valid', 1, '13:28:07', '2021-09-21'),
(2471, 100, 'valid', 1, '13:28:57', '2021-09-21'),
(2472, 504, 'valid', 1, '13:30:58', '2021-09-21'),
(2473, 1001, 'valid', 1, '13:31:10', '2021-09-21'),
(2474, 1001, 'valid', 1, '13:31:11', '2021-09-21'),
(2475, 100, 'valid', 1, '13:31:41', '2021-09-21'),
(2476, 100, 'valid', 1, '13:31:42', '2021-09-21'),
(2477, 1002, 'valid', 1, '13:32:00', '2021-09-21'),
(2478, 503, 'valid', 1, '13:32:24', '2021-09-21'),
(2479, 1002, 'valid', 1, '13:32:34', '2021-09-21'),
(2480, 1002, 'valid', 1, '13:32:35', '2021-09-21'),
(2481, 2001, 'valid', 1, '13:33:31', '2021-09-21'),
(2482, 2003, 'valid', 1, '13:34:51', '2021-09-21'),
(2483, 2003, 'valid', 1, '13:34:52', '2021-09-21'),
(2484, 2006, 'valid', 1, '13:35:58', '2021-09-21'),
(2485, 2006, 'valid', 1, '13:36:00', '2021-09-21'),
(2486, 502, 'valid', 1, '13:37:30', '2021-09-21'),
(2487, 502, 'valid', 1, '13:37:31', '2021-09-21'),
(2488, 200, 'valid', 1, '13:38:38', '2021-09-21'),
(2489, 1004, 'valid', 1, '13:39:34', '2021-09-21'),
(2490, 1004, 'valid', 1, '13:39:35', '2021-09-21'),
(2491, 2002, 'valid', 1, '13:40:37', '2021-09-21'),
(2492, 2002, 'valid', 1, '13:40:38', '2021-09-21'),
(2493, 500, 'valid', 1, '13:41:49', '2021-09-21'),
(2494, 500, 'valid', 1, '13:42:56', '2021-09-21'),
(2495, 500, 'valid', 1, '13:43:10', '2021-09-21'),
(2496, 101, 'valid', 1, '13:44:19', '2021-09-21'),
(2497, 101, 'valid', 1, '13:44:20', '2021-09-21'),
(2498, 101, 'valid', 1, '13:44:21', '2021-09-21'),
(2499, 100, 'valid', 1, '13:53:32', '2021-09-21'),
(2500, 2006, 'valid', 1, '13:59:11', '2021-09-21'),
(2501, 2006, 'valid', 1, '13:59:12', '2021-09-21'),
(2502, 2006, 'valid', 1, '13:59:35', '2021-09-21'),
(2503, 2006, 'valid', 1, '13:59:36', '2021-09-21'),
(2504, 2006, 'valid', 1, '13:59:37', '2021-09-21'),
(2505, 1002, 'valid', 1, '14:00:41', '2021-09-21'),
(2506, 1000, 'valid', 1, '14:01:01', '2021-09-21'),
(2507, 1000, 'valid', 1, '14:01:02', '2021-09-21'),
(2508, 1009, 'valid', 1, '14:28:42', '2021-09-21'),
(2509, 1009, 'valid', 1, '14:28:43', '2021-09-21'),
(2510, 2009, 'valid', 1, '16:58:36', '2021-09-21'),
(2511, 2009, 'valid', 1, '16:58:37', '2021-09-21'),
(2512, 2009, 'valid', 1, '16:58:38', '2021-09-21'),
(2513, 2009, 'valid', 1, '16:58:39', '2021-09-21'),
(2514, 2012, 'valid', 1, '17:01:38', '2021-09-21'),
(2515, 2012, 'valid', 1, '17:01:39', '2021-09-21'),
(2516, 102, 'valid', 1, '17:02:04', '2021-09-21'),
(2517, 102, 'valid', 1, '17:02:05', '2021-09-21'),
(2518, 102, 'valid', 1, '17:02:07', '2021-09-21'),
(2519, 102, 'valid', 1, '17:02:08', '2021-09-21'),
(2520, 102, 'valid', 1, '17:02:09', '2021-09-21'),
(2521, 2008, 'valid', 1, '17:02:18', '2021-09-21'),
(2522, 2008, 'valid', 1, '17:02:19', '2021-09-21'),
(2523, 1007, 'valid', 1, '17:06:20', '2021-09-21'),
(2524, 1007, 'valid', 1, '17:06:21', '2021-09-21'),
(2525, 504, 'valid', 1, '17:06:48', '2021-09-21'),
(2526, 1003, 'valid', 1, '17:06:56', '2021-09-21'),
(2527, 1003, 'valid', 1, '17:07:07', '2021-09-21'),
(2528, 1001, 'valid', 1, '17:07:38', '2021-09-21'),
(2529, 1001, 'valid', 1, '17:07:39', '2021-09-21'),
(2530, 2002, 'valid', 1, '17:09:00', '2021-09-21'),
(2531, 2002, 'valid', 1, '17:09:01', '2021-09-21'),
(2532, 2003, 'valid', 1, '17:11:26', '2021-09-21'),
(2533, 2003, 'valid', 1, '17:11:27', '2021-09-21'),
(2534, 1006, 'valid', 1, '17:11:41', '2021-09-21'),
(2535, 1006, 'valid', 1, '17:11:42', '2021-09-21'),
(2536, 100, 'valid', 1, '17:25:41', '2021-09-21'),
(2537, 100, 'valid', 1, '17:25:42', '2021-09-21'),
(2538, 2006, 'valid', 1, '17:26:46', '2021-09-21'),
(2539, 2006, 'valid', 1, '17:26:47', '2021-09-21'),
(2540, 2006, 'valid', 1, '17:26:48', '2021-09-21'),
(2541, 2001, 'valid', 1, '17:32:15', '2021-09-21'),
(2542, 2001, 'valid', 1, '17:32:16', '2021-09-21'),
(2543, 101, 'valid', 1, '17:36:51', '2021-09-21'),
(2544, 101, 'valid', 1, '17:36:52', '2021-09-21'),
(2545, 101, 'valid', 1, '17:36:53', '2021-09-21'),
(2546, 500, 'valid', 1, '18:03:59', '2021-09-21'),
(2547, 500, 'valid', 1, '18:05:17', '2021-09-21'),
(2548, 503, 'valid', 1, '18:05:29', '2021-09-21'),
(2549, 200, 'valid', 1, '18:06:44', '2021-09-21'),
(2550, 502, 'valid', 1, '18:28:33', '2021-09-21'),
(2551, 502, 'valid', 1, '18:28:34', '2021-09-21'),
(2552, 1002, 'valid', 1, '18:36:24', '2021-09-21'),
(2553, 1002, 'valid', 1, '18:36:25', '2021-09-21'),
(2554, 1000, 'valid', 1, '19:11:52', '2021-09-21'),
(2555, 1000, 'valid', 1, '19:11:53', '2021-09-21'),
(2556, 1008, 'valid', 1, '19:22:29', '2021-09-21'),
(2557, 1008, 'valid', 1, '19:22:30', '2021-09-21'),
(2558, 1008, 'valid', 1, '19:22:31', '2021-09-21'),
(2559, 1008, 'valid', 1, '19:22:32', '2021-09-21'),
(2560, 2000, 'valid', 1, '20:53:09', '2021-09-21'),
(2561, 2000, 'valid', 1, '20:53:10', '2021-09-21'),
(2562, 2000, 'valid', 1, '20:53:26', '2021-09-21'),
(2563, 2000, 'valid', 1, '20:53:40', '2021-09-21'),
(2564, 2000, 'valid', 1, '20:53:42', '2021-09-21'),
(2565, 2000, 'valid', 1, '20:53:59', '2021-09-21'),
(2566, 2000, 'valid', 1, '20:54:00', '2021-09-21'),
(2567, 2000, 'valid', 1, '20:54:07', '2021-09-21'),
(2568, 2000, 'valid', 1, '20:54:08', '2021-09-21'),
(2569, 1010, 'valid', 1, '20:59:58', '2021-09-21'),
(2570, 1010, 'valid', 1, '20:59:59', '2021-09-21'),
(2571, 1009, 'valid', 1, '21:09:28', '2021-09-21'),
(2572, 1009, 'valid', 1, '21:09:29', '2021-09-21'),
(2573, 100, 'valid', 1, '08:46:42', '2021-09-22'),
(2574, 100, 'valid', 1, '08:47:17', '2021-09-22'),
(2575, 100, 'valid', 1, '08:47:18', '2021-09-22'),
(2576, 504, 'valid', 1, '08:47:36', '2021-09-22'),
(2577, 1003, 'valid', 1, '08:47:49', '2021-09-22'),
(2578, 101, 'valid', 1, '08:55:39', '2021-09-22'),
(2579, 101, 'valid', 1, '08:55:42', '2021-09-22'),
(2580, 2004, 'valid', 1, '09:00:20', '2021-09-22'),
(2581, 102, 'valid', 1, '09:00:42', '2021-09-22'),
(2582, 102, 'valid', 1, '09:00:44', '2021-09-22'),
(2583, 102, 'valid', 1, '09:00:45', '2021-09-22'),
(2584, 102, 'valid', 1, '09:00:46', '2021-09-22'),
(2585, 1006, 'valid', 1, '09:01:33', '2021-09-22'),
(2586, 1006, 'valid', 1, '09:01:34', '2021-09-22'),
(2587, 102, 'valid', 1, '09:01:56', '2021-09-22'),
(2588, 102, 'valid', 1, '09:01:57', '2021-09-22'),
(2589, 1001, 'valid', 1, '09:05:49', '2021-09-22'),
(2590, 2009, 'valid', 1, '09:07:22', '2021-09-22'),
(2591, 2009, 'valid', 1, '09:07:28', '2021-09-22'),
(2592, 1002, 'valid', 1, '09:07:37', '2021-09-22'),
(2593, 1002, 'valid', 1, '09:07:59', '2021-09-22'),
(2594, 2006, 'valid', 1, '09:08:17', '2021-09-22'),
(2595, 2006, 'valid', 1, '09:08:19', '2021-09-22'),
(2596, 2006, 'valid', 1, '09:08:20', '2021-09-22'),
(2597, 1000, 'valid', 1, '09:12:26', '2021-09-22'),
(2598, 2002, 'valid', 1, '09:13:07', '2021-09-22'),
(2599, 2002, 'valid', 1, '09:13:08', '2021-09-22'),
(2600, 2003, 'valid', 1, '09:13:48', '2021-09-22'),
(2601, 2003, 'valid', 1, '09:13:50', '2021-09-22'),
(2602, 2001, 'valid', 1, '09:27:36', '2021-09-22'),
(2603, 2001, 'valid', 1, '09:27:37', '2021-09-22'),
(2604, 2012, 'valid', 1, '09:29:49', '2021-09-22'),
(2605, 2012, 'valid', 1, '09:29:50', '2021-09-22'),
(2606, 200, 'valid', 1, '09:50:57', '2021-09-22'),
(2607, 1008, 'valid', 1, '09:52:44', '2021-09-22'),
(2608, 2010, 'valid', 1, '09:53:31', '2021-09-22'),
(2609, 2010, 'valid', 1, '09:53:32', '2021-09-22'),
(2610, 1008, 'valid', 1, '09:53:58', '2021-09-22'),
(2611, 1008, 'valid', 1, '09:54:00', '2021-09-22'),
(2612, 1008, 'valid', 1, '09:54:01', '2021-09-22'),
(2613, 503, 'valid', 1, '10:04:06', '2021-09-22'),
(2614, 502, 'valid', 1, '10:14:41', '2021-09-22'),
(2615, 2007, 'valid', 1, '10:24:22', '2021-09-22'),
(2616, 1010, 'valid', 1, '10:30:17', '2021-09-22'),
(2617, 1010, 'valid', 1, '10:30:18', '2021-09-22'),
(2618, 1010, 'valid', 1, '10:30:19', '2021-09-22'),
(2619, 2000, 'valid', 1, '10:35:14', '2021-09-22'),
(2620, 2000, 'valid', 1, '10:35:15', '2021-09-22'),
(2621, 1004, 'valid', 1, '11:33:53', '2021-09-22'),
(2622, 1004, 'valid', 1, '11:33:54', '2021-09-22'),
(2623, 504, 'valid', 1, '13:00:41', '2021-09-22'),
(2624, 2003, 'valid', 1, '13:01:59', '2021-09-22'),
(2625, 2012, 'valid', 1, '13:02:18', '2021-09-22'),
(2626, 2012, 'valid', 1, '13:02:19', '2021-09-22'),
(2627, 1001, 'valid', 1, '13:02:25', '2021-09-22'),
(2628, 1001, 'valid', 1, '13:02:36', '2021-09-22'),
(2629, 503, 'valid', 1, '13:02:46', '2021-09-22'),
(2630, 1003, 'valid', 1, '13:03:01', '2021-09-22'),
(2631, 200, 'valid', 1, '13:13:22', '2021-09-22'),
(2632, 502, 'valid', 1, '13:14:03', '2021-09-22'),
(2633, 502, 'valid', 1, '13:14:04', '2021-09-22'),
(2634, 1000, 'valid', 1, '13:19:48', '2021-09-22'),
(2635, 1000, 'valid', 1, '13:19:49', '2021-09-22'),
(2636, 100, 'valid', 1, '13:19:59', '2021-09-22'),
(2637, 100, 'valid', 1, '13:20:00', '2021-09-22'),
(2638, 100, 'valid', 1, '13:20:01', '2021-09-22'),
(2639, 504, 'valid', 1, '13:21:34', '2021-09-22'),
(2640, 2001, 'valid', 1, '13:24:08', '2021-09-22'),
(2641, 2001, 'valid', 1, '13:24:09', '2021-09-22'),
(2642, 2012, 'valid', 1, '13:24:54', '2021-09-22'),
(2643, 2012, 'valid', 1, '13:24:55', '2021-09-22'),
(2644, 2012, 'valid', 1, '13:25:09', '2021-09-22'),
(2645, 2012, 'valid', 1, '13:25:24', '2021-09-22'),
(2646, 2012, 'valid', 1, '13:25:25', '2021-09-22'),
(2647, 2003, 'valid', 1, '13:29:02', '2021-09-22'),
(2648, 503, 'valid', 1, '13:29:25', '2021-09-22'),
(2649, 1003, 'valid', 1, '13:30:38', '2021-09-22'),
(2650, 502, 'valid', 1, '13:30:59', '2021-09-22'),
(2651, 502, 'valid', 1, '13:31:00', '2021-09-22'),
(2652, 1000, 'valid', 1, '13:32:24', '2021-09-22'),
(2653, 1000, 'valid', 1, '13:32:25', '2021-09-22'),
(2654, 1001, 'valid', 1, '13:32:37', '2021-09-22'),
(2655, 101, 'valid', 1, '13:32:49', '2021-09-22'),
(2656, 101, 'valid', 1, '13:32:50', '2021-09-22'),
(2657, 101, 'valid', 1, '13:32:53', '2021-09-22'),
(2658, 200, 'valid', 1, '13:34:09', '2021-09-22'),
(2659, 200, 'valid', 1, '13:34:10', '2021-09-22'),
(2660, 2006, 'valid', 1, '13:35:18', '2021-09-22'),
(2661, 2006, 'valid', 1, '13:35:21', '2021-09-22'),
(2662, 2007, 'valid', 1, '13:35:55', '2021-09-22'),
(2663, 1002, 'valid', 1, '13:36:17', '2021-09-22'),
(2664, 1002, 'valid', 1, '13:36:19', '2021-09-22'),
(2665, 101, 'valid', 1, '13:48:31', '2021-09-22'),
(2666, 101, 'valid', 1, '13:48:33', '2021-09-22'),
(2667, 101, 'valid', 1, '13:48:34', '2021-09-22'),
(2668, 2012, 'valid', 1, '13:48:48', '2021-09-22'),
(2669, 2012, 'valid', 1, '13:48:49', '2021-09-22'),
(2670, 1009, 'valid', 1, '13:49:08', '2021-09-22'),
(2671, 2007, 'valid', 1, '13:58:21', '2021-09-22'),
(2672, 2007, 'valid', 1, '13:58:23', '2021-09-22'),
(2673, 100, 'valid', 1, '14:01:58', '2021-09-22'),
(2674, 100, 'valid', 1, '14:01:59', '2021-09-22'),
(2675, 100, 'valid', 1, '14:02:00', '2021-09-22'),
(2676, 2006, 'valid', 1, '14:02:02', '2021-09-22'),
(2677, 2006, 'valid', 1, '14:02:05', '2021-09-22'),
(2678, 2006, 'valid', 1, '14:02:08', '2021-09-22'),
(2679, 2006, 'valid', 1, '14:02:09', '2021-09-22'),
(2680, 1002, 'valid', 1, '14:03:28', '2021-09-22'),
(2681, 1002, 'valid', 1, '14:03:29', '2021-09-22'),
(2682, 504, 'valid', 1, '17:02:48', '2021-09-22'),
(2683, 2002, 'valid', 1, '17:02:59', '2021-09-22'),
(2684, 1003, 'valid', 1, '17:04:56', '2021-09-22'),
(2685, 1003, 'valid', 1, '17:05:18', '2021-09-22'),
(2686, 1003, 'valid', 1, '17:05:19', '2021-09-22'),
(2687, 2003, 'valid', 1, '17:05:51', '2021-09-22'),
(2688, 2003, 'valid', 1, '17:05:52', '2021-09-22'),
(2689, 2003, 'valid', 1, '17:06:09', '2021-09-22'),
(2690, 2010, 'valid', 1, '17:06:21', '2021-09-22'),
(2691, 2010, 'valid', 1, '17:06:22', '2021-09-22'),
(2692, 2010, 'valid', 1, '17:06:59', '2021-09-22'),
(2693, 2010, 'valid', 1, '17:07:00', '2021-09-22'),
(2694, 2010, 'valid', 1, '17:07:01', '2021-09-22'),
(2695, 2010, 'valid', 1, '17:07:26', '2021-09-22'),
(2696, 2003, 'valid', 1, '17:08:24', '2021-09-22'),
(2697, 102, 'valid', 1, '17:08:27', '2021-09-22'),
(2698, 102, 'valid', 1, '17:08:35', '2021-09-22'),
(2699, 102, 'valid', 1, '17:08:36', '2021-09-22'),
(2700, 1001, 'valid', 1, '17:08:43', '2021-09-22'),
(2701, 1001, 'valid', 1, '17:08:53', '2021-09-22'),
(2702, 1001, 'valid', 1, '17:09:02', '2021-09-22'),
(2703, 1001, 'valid', 1, '17:09:14', '2021-09-22'),
(2704, 2009, 'valid', 1, '17:23:36', '2021-09-22'),
(2705, 2009, 'valid', 1, '17:23:41', '2021-09-22'),
(2706, 2006, 'valid', 1, '17:24:17', '2021-09-22'),
(2707, 2006, 'valid', 1, '17:24:18', '2021-09-22'),
(2708, 1006, 'valid', 1, '17:41:12', '2021-09-22'),
(2709, 1002, 'valid', 1, '17:41:42', '2021-09-22'),
(2710, 1002, 'valid', 1, '17:41:43', '2021-09-22'),
(2711, 100, 'valid', 1, '17:42:07', '2021-09-22'),
(2712, 100, 'valid', 1, '17:42:08', '2021-09-22'),
(2713, 100, 'valid', 1, '17:42:09', '2021-09-22'),
(2714, 100, 'valid', 1, '17:42:40', '2021-09-22'),
(2715, 100, 'valid', 1, '17:42:41', '2021-09-22'),
(2716, 1008, 'valid', 1, '17:42:51', '2021-09-22'),
(2717, 2007, 'valid', 1, '18:00:16', '2021-09-22'),
(2718, 503, 'valid', 1, '18:01:21', '2021-09-22'),
(2719, 1000, 'valid', 1, '18:05:32', '2021-09-22'),
(2720, 1000, 'valid', 1, '18:05:33', '2021-09-22'),
(2721, 502, 'valid', 1, '18:23:07', '2021-09-22'),
(2722, 502, 'valid', 1, '18:23:08', '2021-09-22'),
(2723, 101, 'valid', 1, '18:26:59', '2021-09-22'),
(2724, 101, 'valid', 1, '18:27:00', '2021-09-22'),
(2725, 101, 'valid', 1, '18:27:01', '2021-09-22'),
(2726, 2001, 'valid', 1, '18:36:16', '2021-09-22'),
(2727, 2001, 'valid', 1, '18:36:17', '2021-09-22'),
(2728, 2001, 'valid', 1, '18:36:18', '2021-09-22'),
(2729, 2001, 'valid', 1, '18:36:19', '2021-09-22'),
(2730, 2001, 'valid', 1, '18:36:20', '2021-09-22'),
(2731, 2001, 'valid', 1, '18:36:21', '2021-09-22'),
(2732, 2001, 'valid', 1, '18:36:22', '2021-09-22'),
(2733, 2001, 'valid', 1, '18:36:23', '2021-09-22'),
(2734, 200, 'valid', 1, '20:06:19', '2021-09-22'),
(2735, 200, 'valid', 1, '20:06:21', '2021-09-22'),
(2736, 200, 'valid', 1, '20:06:22', '2021-09-22'),
(2737, 200, 'valid', 1, '20:06:23', '2021-09-22'),
(2738, 1009, 'valid', 1, '21:16:44', '2021-09-22'),
(2739, 1009, 'valid', 1, '21:16:45', '2021-09-22'),
(2740, 1008, 'valid', 1, '10:09:07', '2021-09-23'),
(2741, 1008, 'valid', 1, '10:09:08', '2021-09-23'),
(2742, 1001, 'valid', 1, '10:09:30', '2021-09-23'),
(2743, 1001, 'valid', 1, '10:09:31', '2021-09-23'),
(2744, 1010, 'valid', 1, '10:56:43', '2021-09-23'),
(2745, 1010, 'valid', 1, '10:56:44', '2021-09-23'),
(2746, 1003, 'valid', 1, '13:02:38', '2021-09-23'),
(2747, 1003, 'valid', 1, '13:02:39', '2021-09-23'),
(2748, 100, 'valid', 1, '13:29:01', '2021-09-23'),
(2749, 101, 'valid', 1, '13:34:44', '2021-09-23'),
(2750, 101, 'valid', 1, '13:35:18', '2021-09-23'),
(2751, 101, 'valid', 1, '13:35:20', '2021-09-23'),
(2752, 101, 'valid', 1, '13:35:21', '2021-09-23'),
(2753, 2006, 'valid', 1, '16:57:45', '2021-09-23'),
(2754, 2006, 'valid', 1, '16:57:46', '2021-09-23'),
(2755, 2006, 'valid', 1, '16:57:47', '2021-09-23'),
(2756, 2006, 'valid', 1, '16:57:48', '2021-09-23'),
(2757, 2006, 'valid', 1, '16:57:49', '2021-09-23'),
(2758, 2006, 'valid', 1, '16:58:15', '2021-09-23'),
(2759, 2006, 'valid', 1, '17:03:05', '2021-09-23'),
(2760, 2006, 'valid', 1, '17:03:06', '2021-09-23'),
(2761, 1001, 'valid', 1, '17:03:58', '2021-09-23'),
(2762, 1001, 'valid', 1, '17:03:59', '2021-09-23'),
(2763, 1003, 'valid', 1, '17:06:12', '2021-09-23'),
(2764, 2007, 'valid', 1, '17:06:28', '2021-09-23'),
(2765, 2007, 'valid', 1, '17:06:29', '2021-09-23'),
(2766, 1003, 'valid', 1, '17:06:38', '2021-09-23'),
(2767, 1003, 'valid', 1, '17:06:39', '2021-09-23'),
(2768, 2002, 'valid', 1, '17:12:41', '2021-09-23'),
(2769, 2002, 'valid', 1, '17:12:42', '2021-09-23'),
(2770, 2002, 'valid', 1, '17:13:03', '2021-09-23'),
(2771, 1002, 'valid', 1, '17:54:36', '2021-09-23'),
(2772, 1002, 'valid', 1, '17:54:37', '2021-09-23'),
(2773, 1002, 'valid', 1, '17:54:58', '2021-09-23'),
(2774, 502, 'valid', 1, '18:11:01', '2021-09-23'),
(2775, 200, 'valid', 1, '18:11:35', '2021-09-23'),
(2776, 200, 'valid', 1, '18:11:45', '2021-09-23'),
(2777, 502, 'valid', 1, '18:12:16', '2021-09-23'),
(2778, 502, 'valid', 1, '18:12:17', '2021-09-23'),
(2779, 502, 'valid', 1, '18:12:32', '2021-09-23'),
(2780, 502, 'valid', 1, '18:12:33', '2021-09-23'),
(2781, 1010, 'valid', 1, '18:30:43', '2021-09-23'),
(2782, 1010, 'valid', 1, '18:30:44', '2021-09-23'),
(2783, 1008, 'valid', 1, '19:22:52', '2021-09-23'),
(2784, 1008, 'valid', 1, '19:22:55', '2021-09-23'),
(2785, 100, 'valid', 1, '08:46:39', '2021-09-24'),
(2786, 100, 'valid', 1, '08:46:41', '2021-09-24'),
(2787, 504, 'valid', 1, '08:47:06', '2021-09-24'),
(2788, 102, 'valid', 1, '08:49:10', '2021-09-24'),
(2789, 102, 'valid', 1, '08:49:12', '2021-09-24'),
(2790, 102, 'valid', 1, '08:49:13', '2021-09-24'),
(2791, 102, 'valid', 1, '08:49:14', '2021-09-24'),
(2792, 1003, 'valid', 1, '08:52:31', '2021-09-24'),
(2793, 1000, 'valid', 1, '08:53:33', '2021-09-24'),
(2794, 1000, 'valid', 1, '08:53:34', '2021-09-24'),
(2795, 2002, 'valid', 1, '08:54:17', '2021-09-24'),
(2796, 2002, 'valid', 1, '08:54:18', '2021-09-24'),
(2797, 1001, 'valid', 1, '08:59:55', '2021-09-24'),
(2798, 1001, 'valid', 1, '08:59:56', '2021-09-24'),
(2799, 1007, 'valid', 1, '09:01:38', '2021-09-24'),
(2800, 1007, 'valid', 1, '09:01:39', '2021-09-24'),
(2801, 1008, 'valid', 1, '09:04:27', '2021-09-24'),
(2802, 1008, 'valid', 1, '09:04:29', '2021-09-24'),
(2803, 2006, 'valid', 1, '09:06:10', '2021-09-24'),
(2804, 2006, 'valid', 1, '09:06:11', '2021-09-24'),
(2805, 2006, 'valid', 1, '09:06:12', '2021-09-24'),
(2806, 101, 'valid', 1, '09:07:42', '2021-09-24'),
(2807, 101, 'valid', 1, '09:07:43', '2021-09-24'),
(2808, 2009, 'valid', 1, '09:11:11', '2021-09-24'),
(2809, 1006, 'valid', 1, '09:11:38', '2021-09-24'),
(2810, 1006, 'valid', 1, '09:11:39', '2021-09-24'),
(2811, 2003, 'valid', 1, '09:18:27', '2021-09-24'),
(2812, 2008, 'valid', 1, '09:18:32', '2021-09-24'),
(2813, 2012, 'valid', 1, '09:18:38', '2021-09-24'),
(2814, 2008, 'valid', 1, '09:18:42', '2021-09-24'),
(2815, 2008, 'valid', 1, '09:18:44', '2021-09-24'),
(2816, 1002, 'valid', 1, '09:19:07', '2021-09-24'),
(2817, 2004, 'valid', 1, '09:24:56', '2021-09-24'),
(2818, 2004, 'valid', 1, '09:24:57', '2021-09-24'),
(2819, 2007, 'valid', 1, '09:46:17', '2021-09-24'),
(2820, 2007, 'valid', 1, '09:46:18', '2021-09-24'),
(2821, 2010, 'valid', 1, '09:50:04', '2021-09-24'),
(2822, 503, 'valid', 1, '10:05:48', '2021-09-24'),
(2823, 200, 'valid', 1, '10:08:37', '2021-09-24'),
(2824, 502, 'valid', 1, '10:10:54', '2021-09-24'),
(2825, 1010, 'valid', 1, '10:22:34', '2021-09-24'),
(2826, 1010, 'valid', 1, '10:22:35', '2021-09-24'),
(2827, 500, 'valid', 1, '10:28:33', '2021-09-24'),
(2828, 1004, 'valid', 1, '10:51:53', '2021-09-24'),
(2829, 1004, 'valid', 1, '10:51:54', '2021-09-24'),
(2830, 1000, 'valid', 1, '12:58:13', '2021-09-24'),
(2831, 1000, 'valid', 1, '12:58:14', '2021-09-24'),
(2832, 2003, 'valid', 1, '13:01:10', '2021-09-24'),
(2833, 102, 'valid', 1, '13:01:29', '2021-09-24'),
(2834, 102, 'valid', 1, '13:01:31', '2021-09-24'),
(2835, 102, 'valid', 1, '13:01:32', '2021-09-24'),
(2836, 504, 'valid', 1, '13:10:19', '2021-09-24'),
(2837, 502, 'valid', 1, '13:10:47', '2021-09-24'),
(2838, 502, 'valid', 1, '13:10:48', '2021-09-24'),
(2839, 502, 'valid', 1, '13:10:49', '2021-09-24'),
(2840, 1002, 'valid', 1, '13:11:18', '2021-09-24'),
(2841, 1002, 'valid', 1, '13:11:19', '2021-09-24'),
(2842, 1009, 'valid', 1, '13:13:58', '2021-09-24'),
(2843, 1009, 'valid', 1, '13:13:59', '2021-09-24'),
(2844, 1002, 'valid', 1, '13:57:36', '2021-09-24'),
(2845, 1002, 'valid', 1, '13:57:55', '2021-09-24'),
(2846, 101, 'valid', 1, '14:01:05', '2021-09-24'),
(2847, 101, 'valid', 1, '14:01:06', '2021-09-24'),
(2848, 503, 'valid', 1, '14:03:02', '2021-09-24'),
(2849, 1002, 'valid', 1, '14:23:38', '2021-09-24'),
(2850, 500, 'valid', 1, '14:28:22', '2021-09-24'),
(2851, 502, 'valid', 1, '14:28:36', '2021-09-24'),
(2852, 502, 'valid', 1, '14:28:37', '2021-09-24'),
(2853, 502, 'valid', 1, '14:29:06', '2021-09-24'),
(2854, 502, 'valid', 1, '14:29:07', '2021-09-24'),
(2855, 500, 'valid', 1, '14:30:04', '2021-09-24'),
(2856, 500, 'valid', 1, '14:37:17', '2021-09-24'),
(2857, 500, 'valid', 1, '14:37:50', '2021-09-24'),
(2858, 500, 'valid', 1, '14:39:59', '2021-09-24'),
(2859, 500, 'valid', 1, '14:40:08', '2021-09-24'),
(2860, 500, 'valid', 1, '14:40:21', '2021-09-24'),
(2861, 1002, 'valid', 1, '14:41:09', '2021-09-24'),
(2862, 500, 'valid', 1, '14:42:44', '2021-09-24'),
(2863, 1001, 'valid', 1, '14:50:55', '2021-09-24'),
(2864, 1001, 'valid', 1, '14:50:56', '2021-09-24'),
(2865, 1001, 'valid', 1, '15:08:37', '2021-09-24'),
(2866, 1001, 'valid', 1, '15:44:23', '2021-09-24'),
(2867, 2006, 'valid', 1, '15:44:25', '2021-09-24'),
(2868, 2006, 'valid', 1, '15:45:00', '2021-09-24'),
(2869, 2006, 'valid', 1, '15:45:01', '2021-09-24'),
(2870, 2006, 'valid', 1, '15:45:02', '2021-09-24'),
(2871, 2006, 'valid', 1, '15:45:03', '2021-09-24'),
(2872, 1001, 'valid', 1, '15:46:00', '2021-09-24'),
(2873, 1001, 'valid', 1, '16:37:15', '2021-09-24'),
(2874, 1001, 'valid', 1, '16:37:28', '2021-09-24'),
(2875, 1001, 'valid', 1, '16:55:24', '2021-09-24'),
(2876, 2002, 'valid', 1, '17:01:56', '2021-09-24'),
(2877, 2002, 'valid', 1, '17:01:57', '2021-09-24'),
(2878, 100, 'valid', 1, '17:02:08', '2021-09-24'),
(2879, 100, 'valid', 1, '17:02:12', '2021-09-24'),
(2880, 102, 'valid', 1, '17:02:16', '2021-09-24'),
(2881, 102, 'valid', 1, '17:02:18', '2021-09-24'),
(2882, 102, 'valid', 1, '17:02:19', '2021-09-24'),
(2883, 102, 'valid', 1, '17:02:20', '2021-09-24'),
(2884, 102, 'valid', 1, '17:02:21', '2021-09-24'),
(2885, 102, 'valid', 1, '17:02:41', '2021-09-24'),
(2886, 102, 'valid', 1, '17:02:43', '2021-09-24'),
(2887, 102, 'valid', 1, '17:02:45', '2021-09-24'),
(2888, 102, 'valid', 1, '17:02:46', '2021-09-24'),
(2889, 504, 'valid', 1, '17:03:06', '2021-09-24'),
(2890, 2010, 'valid', 1, '17:04:03', '2021-09-24'),
(2891, 2010, 'valid', 1, '17:04:04', '2021-09-24'),
(2892, 1001, 'valid', 1, '17:04:59', '2021-09-24'),
(2893, 1001, 'valid', 1, '17:05:00', '2021-09-24'),
(2894, 1003, 'valid', 1, '17:05:09', '2021-09-24'),
(2895, 1001, 'valid', 1, '17:05:15', '2021-09-24'),
(2896, 1003, 'valid', 1, '17:05:23', '2021-09-24'),
(2897, 1007, 'valid', 1, '17:06:21', '2021-09-24'),
(2898, 1007, 'valid', 1, '17:06:22', '2021-09-24'),
(2899, 1007, 'valid', 1, '17:07:13', '2021-09-24'),
(2900, 1007, 'valid', 1, '17:07:14', '2021-09-24'),
(2901, 1001, 'valid', 1, '17:07:28', '2021-09-24'),
(2902, 1001, 'valid', 1, '17:07:29', '2021-09-24'),
(2903, 2006, 'valid', 1, '17:09:32', '2021-09-24'),
(2904, 2006, 'valid', 1, '17:09:33', '2021-09-24'),
(2905, 1002, 'valid', 1, '17:09:55', '2021-09-24'),
(2906, 2003, 'valid', 1, '17:17:10', '2021-09-24'),
(2907, 2007, 'valid', 1, '17:20:08', '2021-09-24'),
(2908, 2008, 'valid', 1, '17:22:14', '2021-09-24'),
(2909, 2008, 'valid', 1, '17:22:15', '2021-09-24'),
(2910, 2004, 'valid', 1, '17:28:09', '2021-09-24'),
(2911, 2004, 'valid', 1, '17:28:10', '2021-09-24'),
(2912, 1000, 'valid', 1, '17:49:28', '2021-09-24'),
(2913, 1009, 'valid', 1, '18:02:16', '2021-09-24'),
(2914, 1009, 'valid', 1, '18:02:17', '2021-09-24'),
(2915, 500, 'valid', 1, '18:07:52', '2021-09-24'),
(2916, 500, 'valid', 1, '18:07:53', '2021-09-24'),
(2917, 503, 'valid', 1, '18:08:06', '2021-09-24'),
(2918, 200, 'valid', 1, '18:14:33', '2021-09-24'),
(2919, 502, 'valid', 1, '18:15:32', '2021-09-24'),
(2920, 502, 'valid', 1, '18:15:34', '2021-09-24'),
(2921, 1008, 'valid', 1, '20:11:19', '2021-09-24'),
(2922, 1008, 'valid', 1, '20:11:20', '2021-09-24'),
(2923, 1008, 'valid', 1, '20:11:21', '2021-09-24'),
(2924, 1010, 'valid', 1, '20:33:32', '2021-09-24'),
(2925, 1010, 'valid', 1, '20:33:33', '2021-09-24'),
(2926, 101, 'valid', 1, '20:36:11', '2021-09-24'),
(2927, 101, 'valid', 1, '20:36:12', '2021-09-24'),
(2928, 101, 'valid', 1, '20:36:30', '2021-09-24'),
(2929, 101, 'valid', 1, '20:36:31', '2021-09-24'),
(2930, 101, 'valid', 1, '20:36:32', '2021-09-24'),
(2931, 101, 'valid', 1, '20:36:33', '2021-09-24'),
(2932, 101, 'valid', 1, '20:36:34', '2021-09-24'),
(2933, 100, 'valid', 1, '08:40:31', '2021-09-25'),
(2934, 100, 'valid', 1, '08:40:32', '2021-09-25'),
(2935, 100, 'valid', 1, '08:40:34', '2021-09-25'),
(2936, 2002, 'valid', 1, '08:41:09', '2021-09-25'),
(2937, 2002, 'valid', 1, '08:41:10', '2021-09-25'),
(2938, 1000, 'valid', 1, '08:41:20', '2021-09-25'),
(2939, 1000, 'valid', 1, '08:41:21', '2021-09-25'),
(2940, 504, 'valid', 1, '08:41:31', '2021-09-25'),
(2941, 2004, 'valid', 1, '08:49:39', '2021-09-25'),
(2942, 2004, 'valid', 1, '08:49:40', '2021-09-25'),
(2943, 1003, 'valid', 1, '08:51:12', '2021-09-25'),
(2944, 101, 'valid', 1, '08:55:51', '2021-09-25'),
(2945, 101, 'valid', 1, '08:55:52', '2021-09-25'),
(2946, 101, 'valid', 1, '08:55:53', '2021-09-25'),
(2947, 101, 'valid', 1, '08:55:54', '2021-09-25'),
(2948, 2009, 'valid', 1, '08:57:44', '2021-09-25'),
(2949, 2009, 'valid', 1, '08:57:45', '2021-09-25'),
(2950, 2009, 'valid', 1, '08:57:48', '2021-09-25'),
(2951, 102, 'valid', 1, '09:01:35', '2021-09-25'),
(2952, 102, 'valid', 1, '09:01:37', '2021-09-25'),
(2953, 102, 'valid', 1, '09:01:39', '2021-09-25'),
(2954, 102, 'valid', 1, '09:01:41', '2021-09-25'),
(2955, 1002, 'valid', 1, '09:05:02', '2021-09-25'),
(2956, 1002, 'valid', 1, '09:05:03', '2021-09-25'),
(2957, 1006, 'valid', 1, '09:05:58', '2021-09-25'),
(2958, 1008, 'valid', 1, '09:06:46', '2021-09-25'),
(2959, 1008, 'valid', 1, '09:06:48', '2021-09-25'),
(2960, 2006, 'valid', 1, '09:10:40', '2021-09-25'),
(2961, 2008, 'valid', 1, '09:14:17', '2021-09-25'),
(2962, 2008, 'valid', 1, '09:14:18', '2021-09-25'),
(2963, 2012, 'valid', 1, '09:14:28', '2021-09-25'),
(2964, 2012, 'valid', 1, '09:14:29', '2021-09-25'),
(2965, 2001, 'valid', 1, '09:27:21', '2021-09-25'),
(2966, 2001, 'valid', 1, '09:27:22', '2021-09-25'),
(2967, 1001, 'valid', 1, '09:39:36', '2021-09-25'),
(2968, 1001, 'valid', 1, '09:39:37', '2021-09-25'),
(2969, 1001, 'valid', 1, '09:39:56', '2021-09-25'),
(2970, 2003, 'valid', 1, '09:44:39', '2021-09-25'),
(2971, 2003, 'valid', 1, '09:44:40', '2021-09-25'),
(2972, 2007, 'valid', 1, '09:52:48', '2021-09-25'),
(2973, 2010, 'valid', 1, '10:01:39', '2021-09-25'),
(2974, 502, 'valid', 1, '10:04:12', '2021-09-25'),
(2975, 502, 'valid', 1, '10:04:32', '2021-09-25'),
(2976, 502, 'valid', 1, '10:04:33', '2021-09-25'),
(2977, 502, 'valid', 1, '10:05:13', '2021-09-25'),
(2978, 502, 'valid', 1, '10:05:14', '2021-09-25'),
(2979, 200, 'valid', 1, '10:18:16', '2021-09-25'),
(2980, 1007, 'valid', 1, '10:36:08', '2021-09-25'),
(2981, 1007, 'valid', 1, '10:36:09', '2021-09-25'),
(2982, 1010, 'valid', 1, '10:46:17', '2021-09-25'),
(2983, 1010, 'valid', 1, '10:46:18', '2021-09-25'),
(2984, 1004, 'valid', 1, '10:47:33', '2021-09-25'),
(2985, 1004, 'valid', 1, '10:47:34', '2021-09-25'),
(2986, 2009, 'valid', 1, '13:01:14', '2021-09-25'),
(2987, 2009, 'valid', 1, '13:01:15', '2021-09-25'),
(2988, 2009, 'valid', 1, '13:01:18', '2021-09-25'),
(2989, 2009, 'valid', 1, '13:01:22', '2021-09-25'),
(2990, 102, 'valid', 1, '13:02:27', '2021-09-25'),
(2991, 102, 'valid', 1, '13:02:28', '2021-09-25'),
(2992, 102, 'valid', 1, '13:02:29', '2021-09-25'),
(2993, 102, 'valid', 1, '13:02:30', '2021-09-25'),
(2994, 2012, 'valid', 1, '13:03:04', '2021-09-25'),
(2995, 2012, 'valid', 1, '13:03:05', '2021-09-25'),
(2996, 1000, 'valid', 1, '13:03:12', '2021-09-25'),
(2997, 1000, 'valid', 1, '13:03:13', '2021-09-25'),
(2998, 2007, 'valid', 1, '13:04:17', '2021-09-25'),
(2999, 2008, 'valid', 1, '13:04:32', '2021-09-25'),
(3000, 2008, 'valid', 1, '13:04:33', '2021-09-25'),
(3001, 2002, 'valid', 1, '13:05:23', '2021-09-25'),
(3002, 1003, 'valid', 1, '13:06:33', '2021-09-25'),
(3003, 1003, 'valid', 1, '13:06:34', '2021-09-25'),
(3004, 504, 'valid', 1, '13:06:55', '2021-09-25'),
(3005, 2003, 'valid', 1, '13:07:13', '2021-09-25'),
(3006, 1001, 'valid', 1, '13:09:36', '2021-09-25'),
(3007, 1001, 'valid', 1, '13:09:37', '2021-09-25'),
(3008, 2006, 'valid', 1, '13:30:15', '2021-09-25'),
(3009, 2006, 'valid', 1, '13:30:17', '2021-09-25'),
(3010, 2001, 'valid', 1, '13:36:43', '2021-09-25'),
(3011, 2001, 'valid', 1, '13:36:44', '2021-09-25'),
(3012, 101, 'valid', 1, '13:38:19', '2021-09-25'),
(3013, 101, 'valid', 1, '13:38:20', '2021-09-25'),
(3014, 1002, 'valid', 1, '13:48:17', '2021-09-25'),
(3015, 1002, 'valid', 1, '13:48:18', '2021-09-25'),
(3016, 2004, 'valid', 1, '13:53:45', '2021-09-25'),
(3017, 2004, 'valid', 1, '13:53:46', '2021-09-25'),
(3018, 2004, 'valid', 1, '13:53:47', '2021-09-25'),
(3019, 2004, 'valid', 1, '13:53:48', '2021-09-25'),
(3020, 200, 'valid', 1, '14:24:25', '2021-09-25'),
(3021, 502, 'valid', 1, '14:28:37', '2021-09-25'),
(3022, 1009, 'valid', 1, '16:07:55', '2021-09-25'),
(3023, 1009, 'valid', 1, '16:07:56', '2021-09-25'),
(3024, 1007, 'valid', 1, '17:01:43', '2021-09-25'),
(3025, 1007, 'valid', 1, '17:01:44', '2021-09-25'),
(3026, 1010, 'valid', 1, '18:34:12', '2021-09-25'),
(3027, 1010, 'valid', 1, '18:34:13', '2021-09-25'),
(3028, 1008, 'valid', 1, '19:12:07', '2021-09-25'),
(3029, 1008, 'valid', 1, '20:17:22', '2021-09-25'),
(3030, 1008, 'valid', 1, '20:17:24', '2021-09-25'),
(3031, 100, 'valid', 1, '20:46:47', '2021-09-25'),
(3032, 100, 'valid', 1, '20:46:48', '2021-09-25'),
(3033, 100, 'valid', 1, '20:47:35', '2021-09-25'),
(3034, 100, 'valid', 1, '20:47:36', '2021-09-25'),
(3035, 100, 'valid', 1, '20:47:52', '2021-09-25'),
(3036, 100, 'valid', 1, '20:47:53', '2021-09-25'),
(3037, 1010, 'valid', 1, '03:06:05', '2021-09-26'),
(3038, 1010, 'valid', 1, '03:06:06', '2021-09-26'),
(3039, 100, 'valid', 1, '08:49:29', '2021-09-27'),
(3040, 100, 'valid', 1, '08:50:08', '2021-09-27'),
(3041, 100, 'valid', 1, '08:50:09', '2021-09-27'),
(3042, 100, 'valid', 1, '08:51:06', '2021-09-27'),
(3043, 504, 'valid', 1, '08:52:35', '2021-09-27');
INSERT INTO `emp_machine_thumbs` (`id`, `emp_id`, `status`, `location`, `time`, `date`) VALUES
(3044, 504, 'valid', 1, '08:52:36', '2021-09-27'),
(3045, 1000, 'valid', 1, '08:54:43', '2021-09-27'),
(3046, 1000, 'valid', 1, '08:54:44', '2021-09-27'),
(3047, 2002, 'valid', 1, '08:55:03', '2021-09-27'),
(3048, 2002, 'valid', 1, '08:55:04', '2021-09-27'),
(3049, 1001, 'valid', 1, '08:56:11', '2021-09-27'),
(3050, 1001, 'valid', 1, '08:56:12', '2021-09-27'),
(3051, 1007, 'valid', 1, '08:59:19', '2021-09-27'),
(3052, 1007, 'valid', 1, '08:59:20', '2021-09-27'),
(3053, 2009, 'valid', 1, '09:03:11', '2021-09-27'),
(3054, 1006, 'valid', 1, '09:03:38', '2021-09-27'),
(3055, 1006, 'valid', 1, '09:03:39', '2021-09-27'),
(3056, 1002, 'valid', 1, '09:03:46', '2021-09-27'),
(3057, 101, 'valid', 1, '09:05:52', '2021-09-27'),
(3058, 101, 'valid', 1, '09:05:53', '2021-09-27'),
(3059, 101, 'valid', 1, '09:05:54', '2021-09-27'),
(3060, 102, 'valid', 1, '09:06:15', '2021-09-27'),
(3061, 102, 'valid', 1, '09:06:16', '2021-09-27'),
(3062, 102, 'valid', 1, '09:06:17', '2021-09-27'),
(3063, 102, 'valid', 1, '09:06:18', '2021-09-27'),
(3064, 1003, 'valid', 1, '09:08:34', '2021-09-27'),
(3065, 1003, 'valid', 1, '09:08:35', '2021-09-27'),
(3066, 2006, 'valid', 1, '09:11:19', '2021-09-27'),
(3067, 2006, 'valid', 1, '09:11:20', '2021-09-27'),
(3068, 2006, 'valid', 1, '09:11:21', '2021-09-27'),
(3069, 2008, 'valid', 1, '09:14:08', '2021-09-27'),
(3070, 2012, 'valid', 1, '09:14:15', '2021-09-27'),
(3071, 2012, 'valid', 1, '09:14:17', '2021-09-27'),
(3072, 2012, 'valid', 1, '09:14:30', '2021-09-27'),
(3073, 2012, 'valid', 1, '09:14:31', '2021-09-27'),
(3074, 2012, 'valid', 1, '09:14:32', '2021-09-27'),
(3075, 1008, 'valid', 1, '09:19:54', '2021-09-27'),
(3076, 1008, 'valid', 1, '09:20:01', '2021-09-27'),
(3077, 2003, 'valid', 1, '09:22:06', '2021-09-27'),
(3078, 2001, 'valid', 1, '09:23:40', '2021-09-27'),
(3079, 2001, 'valid', 1, '09:23:41', '2021-09-27'),
(3080, 200, 'valid', 1, '09:41:54', '2021-09-27'),
(3081, 2004, 'valid', 1, '09:50:17', '2021-09-27'),
(3082, 2010, 'valid', 1, '09:55:37', '2021-09-27'),
(3083, 500, 'valid', 1, '10:00:22', '2021-09-27'),
(3084, 500, 'valid', 1, '10:00:23', '2021-09-27'),
(3085, 502, 'valid', 1, '10:03:07', '2021-09-27'),
(3086, 1001, 'valid', 1, '10:11:13', '2021-09-27'),
(3087, 2007, 'valid', 1, '10:17:10', '2021-09-27'),
(3088, 503, 'valid', 1, '10:19:02', '2021-09-27'),
(3089, 503, 'valid', 1, '10:30:38', '2021-09-27'),
(3090, 503, 'valid', 1, '10:30:39', '2021-09-27'),
(3091, 2000, 'valid', 1, '10:44:27', '2021-09-27'),
(3092, 2000, 'valid', 1, '10:44:28', '2021-09-27'),
(3093, 1010, 'valid', 1, '11:01:17', '2021-09-27'),
(3094, 1010, 'valid', 1, '11:01:18', '2021-09-27'),
(3095, 1001, 'valid', 1, '13:00:34', '2021-09-27'),
(3096, 1003, 'valid', 1, '13:05:06', '2021-09-27'),
(3097, 2003, 'valid', 1, '13:06:22', '2021-09-27'),
(3098, 2003, 'valid', 1, '13:06:23', '2021-09-27'),
(3099, 2012, 'valid', 1, '13:06:31', '2021-09-27'),
(3100, 2012, 'valid', 1, '13:06:32', '2021-09-27'),
(3101, 2012, 'valid', 1, '13:06:42', '2021-09-27'),
(3102, 504, 'valid', 1, '13:08:21', '2021-09-27'),
(3103, 1000, 'valid', 1, '13:13:01', '2021-09-27'),
(3104, 1000, 'valid', 1, '13:13:02', '2021-09-27'),
(3105, 500, 'valid', 1, '13:15:16', '2021-09-27'),
(3106, 500, 'valid', 1, '13:16:40', '2021-09-27'),
(3107, 500, 'valid', 1, '13:16:41', '2021-09-27'),
(3108, 502, 'valid', 1, '13:21:03', '2021-09-27'),
(3109, 502, 'valid', 1, '13:21:04', '2021-09-27'),
(3110, 503, 'valid', 1, '13:21:20', '2021-09-27'),
(3111, 100, 'valid', 1, '13:25:54', '2021-09-27'),
(3112, 2012, 'valid', 1, '13:26:49', '2021-09-27'),
(3113, 100, 'valid', 1, '13:27:02', '2021-09-27'),
(3114, 100, 'valid', 1, '13:27:03', '2021-09-27'),
(3115, 503, 'valid', 1, '13:28:50', '2021-09-27'),
(3116, 2003, 'valid', 1, '13:31:50', '2021-09-27'),
(3117, 1001, 'valid', 1, '13:32:05', '2021-09-27'),
(3118, 504, 'valid', 1, '13:33:24', '2021-09-27'),
(3119, 1000, 'valid', 1, '13:43:10', '2021-09-27'),
(3120, 1000, 'valid', 1, '13:43:11', '2021-09-27'),
(3121, 502, 'valid', 1, '13:43:32', '2021-09-27'),
(3122, 502, 'valid', 1, '13:43:33', '2021-09-27'),
(3123, 100, 'valid', 1, '13:56:00', '2021-09-27'),
(3124, 100, 'valid', 1, '13:56:01', '2021-09-27'),
(3125, 500, 'valid', 1, '14:02:55', '2021-09-27'),
(3126, 500, 'valid', 1, '14:06:39', '2021-09-27'),
(3127, 500, 'valid', 1, '14:07:15', '2021-09-27'),
(3128, 500, 'valid', 1, '14:07:16', '2021-09-27'),
(3129, 1009, 'valid', 1, '15:05:09', '2021-09-27'),
(3130, 1009, 'valid', 1, '15:05:10', '2021-09-27'),
(3131, 1004, 'valid', 1, '15:25:04', '2021-09-27'),
(3132, 1004, 'valid', 1, '15:25:05', '2021-09-27'),
(3133, 2008, 'valid', 1, '16:59:24', '2021-09-27'),
(3134, 102, 'valid', 1, '16:59:46', '2021-09-27'),
(3135, 102, 'valid', 1, '16:59:47', '2021-09-27'),
(3136, 102, 'valid', 1, '16:59:48', '2021-09-27'),
(3137, 102, 'valid', 1, '16:59:49', '2021-09-27'),
(3138, 2008, 'valid', 1, '17:00:04', '2021-09-27'),
(3139, 2008, 'valid', 1, '17:00:05', '2021-09-27'),
(3140, 101, 'valid', 1, '17:00:10', '2021-09-27'),
(3141, 101, 'valid', 1, '17:00:11', '2021-09-27'),
(3142, 101, 'valid', 1, '17:00:12', '2021-09-27'),
(3143, 101, 'valid', 1, '17:00:20', '2021-09-27'),
(3144, 101, 'valid', 1, '17:00:22', '2021-09-27'),
(3145, 101, 'valid', 1, '17:00:23', '2021-09-27'),
(3146, 1007, 'valid', 1, '17:01:33', '2021-09-27'),
(3147, 1007, 'valid', 1, '17:01:34', '2021-09-27'),
(3148, 2006, 'valid', 1, '17:02:34', '2021-09-27'),
(3149, 2006, 'valid', 1, '17:02:35', '2021-09-27'),
(3150, 2002, 'valid', 1, '17:03:46', '2021-09-27'),
(3151, 2002, 'valid', 1, '17:03:48', '2021-09-27'),
(3152, 1000, 'valid', 1, '17:03:53', '2021-09-27'),
(3153, 1000, 'valid', 1, '17:03:54', '2021-09-27'),
(3154, 1000, 'valid', 1, '17:04:05', '2021-09-27'),
(3155, 1000, 'valid', 1, '17:04:07', '2021-09-27'),
(3156, 1003, 'valid', 1, '17:04:19', '2021-09-27'),
(3157, 2003, 'valid', 1, '17:04:34', '2021-09-27'),
(3158, 1006, 'valid', 1, '17:04:48', '2021-09-27'),
(3159, 1006, 'valid', 1, '17:04:49', '2021-09-27'),
(3160, 1006, 'valid', 1, '17:04:51', '2021-09-27'),
(3161, 2010, 'valid', 1, '17:04:52', '2021-09-27'),
(3162, 2010, 'valid', 1, '17:04:53', '2021-09-27'),
(3163, 2010, 'valid', 1, '17:05:02', '2021-09-27'),
(3164, 2010, 'valid', 1, '17:05:03', '2021-09-27'),
(3165, 2001, 'valid', 1, '17:05:17', '2021-09-27'),
(3166, 2001, 'valid', 1, '17:05:18', '2021-09-27'),
(3167, 2010, 'valid', 1, '17:05:31', '2021-09-27'),
(3168, 2010, 'valid', 1, '17:05:32', '2021-09-27'),
(3169, 504, 'valid', 1, '17:05:49', '2021-09-27'),
(3170, 500, 'valid', 1, '17:06:18', '2021-09-27'),
(3171, 500, 'valid', 1, '17:06:19', '2021-09-27'),
(3172, 500, 'valid', 1, '17:06:34', '2021-09-27'),
(3173, 500, 'valid', 1, '17:06:40', '2021-09-27'),
(3174, 2004, 'valid', 1, '17:07:30', '2021-09-27'),
(3175, 1002, 'valid', 1, '17:07:37', '2021-09-27'),
(3176, 1002, 'valid', 1, '17:07:38', '2021-09-27'),
(3177, 500, 'valid', 1, '17:08:27', '2021-09-27'),
(3178, 500, 'valid', 1, '17:09:05', '2021-09-27'),
(3179, 500, 'valid', 1, '17:09:06', '2021-09-27'),
(3180, 500, 'valid', 1, '17:10:08', '2021-09-27'),
(3181, 500, 'valid', 1, '17:10:09', '2021-09-27'),
(3182, 1001, 'valid', 1, '17:10:28', '2021-09-27'),
(3183, 1001, 'valid', 1, '17:10:29', '2021-09-27'),
(3184, 500, 'valid', 1, '17:13:21', '2021-09-27'),
(3185, 500, 'valid', 1, '17:13:35', '2021-09-27'),
(3186, 2009, 'valid', 1, '17:31:27', '2021-09-27'),
(3187, 500, 'valid', 1, '17:41:45', '2021-09-27'),
(3188, 500, 'valid', 1, '17:42:02', '2021-09-27'),
(3189, 500, 'valid', 1, '17:45:32', '2021-09-27'),
(3190, 500, 'valid', 1, '17:48:48', '2021-09-27'),
(3191, 500, 'valid', 1, '17:49:04', '2021-09-27'),
(3192, 500, 'valid', 1, '17:49:05', '2021-09-27'),
(3193, 500, 'valid', 1, '17:49:06', '2021-09-27'),
(3194, 500, 'valid', 1, '17:49:31', '2021-09-27'),
(3195, 500, 'valid', 1, '17:52:23', '2021-09-27'),
(3196, 500, 'valid', 1, '17:52:24', '2021-09-27'),
(3197, 2007, 'valid', 1, '17:53:25', '2021-09-27'),
(3198, 2004, 'valid', 1, '17:58:07', '2021-09-27'),
(3199, 200, 'valid', 1, '18:01:08', '2021-09-27'),
(3200, 503, 'valid', 1, '18:03:05', '2021-09-27'),
(3201, 502, 'valid', 1, '18:04:24', '2021-09-27'),
(3202, 502, 'valid', 1, '18:04:25', '2021-09-27'),
(3203, 502, 'valid', 1, '18:14:43', '2021-09-27'),
(3204, 502, 'valid', 1, '18:14:44', '2021-09-27'),
(3205, 500, 'valid', 1, '18:14:45', '2021-09-27'),
(3206, 500, 'valid', 1, '18:14:46', '2021-09-27'),
(3207, 500, 'valid', 1, '18:14:48', '2021-09-27'),
(3208, 500, 'valid', 1, '18:14:49', '2021-09-27'),
(3209, 500, 'valid', 1, '18:14:50', '2021-09-27'),
(3210, 500, 'valid', 1, '18:15:36', '2021-09-27'),
(3211, 500, 'valid', 1, '18:15:37', '2021-09-27'),
(3212, 500, 'valid', 1, '18:16:58', '2021-09-27'),
(3213, 500, 'valid', 1, '18:16:59', '2021-09-27'),
(3214, 500, 'valid', 1, '18:21:08', '2021-09-27'),
(3215, 500, 'valid', 1, '18:33:06', '2021-09-27'),
(3216, 2000, 'valid', 1, '19:29:07', '2021-09-27'),
(3217, 1008, 'valid', 1, '19:35:40', '2021-09-27'),
(3218, 1008, 'valid', 1, '19:35:41', '2021-09-27'),
(3219, 100, 'valid', 1, '20:55:39', '2021-09-27'),
(3220, 100, 'valid', 1, '20:55:40', '2021-09-27'),
(3221, 1010, 'valid', 1, '21:33:23', '2021-09-27'),
(3222, 1009, 'valid', 1, '22:22:38', '2021-09-27'),
(3223, 1009, 'valid', 1, '22:22:39', '2021-09-27'),
(3224, 100, 'valid', 1, '08:46:44', '2021-09-28'),
(3225, 100, 'valid', 1, '08:46:54', '2021-09-28'),
(3226, 504, 'valid', 1, '08:48:22', '2021-09-28'),
(3227, 2004, 'valid', 1, '08:49:44', '2021-09-28'),
(3228, 1000, 'valid', 1, '08:54:41', '2021-09-28'),
(3229, 1000, 'valid', 1, '08:54:43', '2021-09-28'),
(3230, 1007, 'valid', 1, '08:54:50', '2021-09-28'),
(3231, 1007, 'valid', 1, '08:54:51', '2021-09-28'),
(3232, 1007, 'valid', 1, '08:55:03', '2021-09-28'),
(3233, 1007, 'valid', 1, '08:55:04', '2021-09-28'),
(3234, 2002, 'valid', 1, '08:55:33', '2021-09-28'),
(3235, 2009, 'valid', 1, '08:57:41', '2021-09-28'),
(3236, 2009, 'valid', 1, '08:57:42', '2021-09-28'),
(3237, 2009, 'valid', 1, '08:57:48', '2021-09-28'),
(3238, 1002, 'valid', 1, '08:58:41', '2021-09-28'),
(3239, 1003, 'valid', 1, '09:02:04', '2021-09-28'),
(3240, 1008, 'valid', 1, '09:06:55', '2021-09-28'),
(3241, 2006, 'valid', 1, '09:08:20', '2021-09-28'),
(3242, 2006, 'valid', 1, '09:08:22', '2021-09-28'),
(3243, 102, 'valid', 1, '09:11:33', '2021-09-28'),
(3244, 102, 'valid', 1, '09:11:34', '2021-09-28'),
(3245, 102, 'valid', 1, '09:12:07', '2021-09-28'),
(3246, 102, 'valid', 1, '09:12:09', '2021-09-28'),
(3247, 102, 'valid', 1, '09:12:10', '2021-09-28'),
(3248, 102, 'valid', 1, '09:12:12', '2021-09-28'),
(3249, 101, 'valid', 1, '09:15:04', '2021-09-28'),
(3250, 101, 'valid', 1, '09:15:05', '2021-09-28'),
(3251, 101, 'valid', 1, '09:15:06', '2021-09-28'),
(3252, 101, 'valid', 1, '09:15:07', '2021-09-28'),
(3253, 2001, 'valid', 1, '09:34:04', '2021-09-28'),
(3254, 2001, 'valid', 1, '09:34:05', '2021-09-28'),
(3255, 2001, 'valid', 1, '09:34:23', '2021-09-28'),
(3256, 2001, 'valid', 1, '09:34:25', '2021-09-28'),
(3257, 1001, 'valid', 1, '09:38:15', '2021-09-28'),
(3258, 1001, 'valid', 1, '09:38:16', '2021-09-28'),
(3259, 1001, 'valid', 1, '09:40:08', '2021-09-28'),
(3260, 1001, 'valid', 1, '09:40:09', '2021-09-28'),
(3261, 2007, 'valid', 1, '09:53:09', '2021-09-28'),
(3262, 502, 'valid', 1, '09:53:32', '2021-09-28'),
(3263, 502, 'valid', 1, '09:53:33', '2021-09-28'),
(3264, 2010, 'valid', 1, '09:58:08', '2021-09-28'),
(3265, 200, 'valid', 1, '10:02:33', '2021-09-28'),
(3266, 200, 'valid', 1, '10:02:34', '2021-09-28'),
(3267, 503, 'valid', 1, '10:11:19', '2021-09-28'),
(3268, 1006, 'valid', 1, '10:19:04', '2021-09-28'),
(3269, 1006, 'valid', 1, '10:19:06', '2021-09-28'),
(3270, 2008, 'valid', 1, '10:29:34', '2021-09-28'),
(3271, 2008, 'valid', 1, '10:29:35', '2021-09-28'),
(3272, 2000, 'valid', 1, '10:47:32', '2021-09-28'),
(3273, 2000, 'valid', 1, '10:47:33', '2021-09-28'),
(3274, 500, 'valid', 1, '10:51:10', '2021-09-28'),
(3275, 1010, 'valid', 1, '11:00:58', '2021-09-28'),
(3276, 1010, 'valid', 1, '11:00:59', '2021-09-28'),
(3277, 1010, 'valid', 1, '11:01:10', '2021-09-28'),
(3278, 1010, 'valid', 1, '11:01:11', '2021-09-28'),
(3279, 1010, 'valid', 1, '11:01:26', '2021-09-28'),
(3280, 1010, 'valid', 1, '11:01:27', '2021-09-28'),
(3281, 1010, 'valid', 1, '11:01:29', '2021-09-28'),
(3282, 1010, 'valid', 1, '11:02:10', '2021-09-28'),
(3283, 1010, 'valid', 1, '11:02:11', '2021-09-28'),
(3284, 1010, 'valid', 1, '11:02:13', '2021-09-28'),
(3285, 1010, 'valid', 1, '11:02:15', '2021-09-28'),
(3286, 1010, 'valid', 1, '11:02:16', '2021-09-28'),
(3287, 1010, 'valid', 1, '11:02:17', '2021-09-28'),
(3288, 1010, 'valid', 1, '11:02:18', '2021-09-28'),
(3289, 1010, 'valid', 1, '11:02:19', '2021-09-28'),
(3290, 1010, 'valid', 1, '11:02:21', '2021-09-28'),
(3291, 1010, 'valid', 1, '11:02:22', '2021-09-28'),
(3292, 1010, 'valid', 1, '11:02:23', '2021-09-28'),
(3293, 1010, 'valid', 1, '11:02:24', '2021-09-28'),
(3294, 1010, 'valid', 1, '11:02:25', '2021-09-28'),
(3295, 1010, 'valid', 1, '11:02:26', '2021-09-28'),
(3296, 1010, 'valid', 1, '11:02:27', '2021-09-28'),
(3297, 1010, 'valid', 1, '11:02:28', '2021-09-28'),
(3298, 1010, 'valid', 1, '11:05:56', '2021-09-28'),
(3299, 1003, 'valid', 1, '13:01:16', '2021-09-28'),
(3300, 1003, 'valid', 1, '13:01:17', '2021-09-28'),
(3301, 1001, 'valid', 1, '13:02:06', '2021-09-28'),
(3302, 504, 'valid', 1, '13:04:33', '2021-09-28'),
(3303, 504, 'valid', 1, '13:04:59', '2021-09-28'),
(3304, 504, 'valid', 1, '13:05:00', '2021-09-28'),
(3305, 500, 'valid', 1, '13:06:09', '2021-09-28'),
(3306, 2004, 'valid', 1, '13:09:50', '2021-09-28'),
(3307, 2004, 'valid', 1, '13:09:51', '2021-09-28'),
(3308, 2004, 'valid', 1, '13:10:13', '2021-09-28'),
(3309, 503, 'valid', 1, '13:20:06', '2021-09-28'),
(3310, 1000, 'valid', 1, '13:20:45', '2021-09-28'),
(3311, 1000, 'valid', 1, '13:20:46', '2021-09-28'),
(3312, 502, 'valid', 1, '13:23:12', '2021-09-28'),
(3313, 500, 'valid', 1, '13:23:23', '2021-09-28'),
(3314, 2002, 'valid', 1, '13:27:47', '2021-09-28'),
(3315, 1008, 'valid', 1, '13:27:56', '2021-09-28'),
(3316, 1008, 'valid', 1, '13:27:58', '2021-09-28'),
(3317, 504, 'valid', 1, '13:28:53', '2021-09-28'),
(3318, 504, 'valid', 1, '13:28:54', '2021-09-28'),
(3319, 2006, 'valid', 1, '13:31:02', '2021-09-28'),
(3320, 2006, 'valid', 1, '13:31:04', '2021-09-28'),
(3321, 2006, 'valid', 1, '13:31:05', '2021-09-28'),
(3322, 1003, 'valid', 1, '13:31:22', '2021-09-28'),
(3323, 1001, 'valid', 1, '13:31:37', '2021-09-28'),
(3324, 101, 'valid', 1, '13:32:43', '2021-09-28'),
(3325, 101, 'valid', 1, '13:32:44', '2021-09-28'),
(3326, 101, 'valid', 1, '13:32:45', '2021-09-28'),
(3327, 2001, 'valid', 1, '13:32:59', '2021-09-28'),
(3328, 2001, 'valid', 1, '13:33:01', '2021-09-28'),
(3329, 2001, 'valid', 1, '13:33:15', '2021-09-28'),
(3330, 2001, 'valid', 1, '13:33:17', '2021-09-28'),
(3331, 101, 'valid', 1, '13:33:27', '2021-09-28'),
(3332, 101, 'valid', 1, '13:33:28', '2021-09-28'),
(3333, 101, 'valid', 1, '13:33:41', '2021-09-28'),
(3334, 101, 'valid', 1, '13:33:42', '2021-09-28'),
(3335, 200, 'valid', 1, '13:33:52', '2021-09-28'),
(3336, 503, 'valid', 1, '13:40:14', '2021-09-28'),
(3337, 502, 'valid', 1, '13:42:41', '2021-09-28'),
(3338, 502, 'valid', 1, '13:42:42', '2021-09-28'),
(3339, 502, 'valid', 1, '13:42:43', '2021-09-28'),
(3340, 100, 'valid', 1, '13:43:21', '2021-09-28'),
(3341, 500, 'valid', 1, '13:50:11', '2021-09-28'),
(3342, 1006, 'valid', 1, '13:50:23', '2021-09-28'),
(3343, 1006, 'valid', 1, '13:50:24', '2021-09-28'),
(3344, 1006, 'valid', 1, '13:50:25', '2021-09-28'),
(3345, 1006, 'valid', 1, '13:50:53', '2021-09-28'),
(3346, 1006, 'valid', 1, '13:50:54', '2021-09-28'),
(3347, 1000, 'valid', 1, '13:52:53', '2021-09-28'),
(3348, 1000, 'valid', 1, '13:52:54', '2021-09-28'),
(3349, 2006, 'valid', 1, '13:53:11', '2021-09-28'),
(3350, 2006, 'valid', 1, '13:53:12', '2021-09-28'),
(3351, 2001, 'valid', 1, '13:53:19', '2021-09-28'),
(3352, 2001, 'valid', 1, '13:53:20', '2021-09-28'),
(3353, 2001, 'valid', 1, '13:53:34', '2021-09-28'),
(3354, 2001, 'valid', 1, '13:53:35', '2021-09-28'),
(3355, 101, 'valid', 1, '13:54:23', '2021-09-28'),
(3356, 101, 'valid', 1, '13:54:24', '2021-09-28'),
(3357, 101, 'valid', 1, '13:54:26', '2021-09-28'),
(3358, 1008, 'valid', 1, '14:02:23', '2021-09-28'),
(3359, 1008, 'valid', 1, '14:02:25', '2021-09-28'),
(3360, 1008, 'valid', 1, '14:02:53', '2021-09-28'),
(3361, 100, 'valid', 1, '14:11:26', '2021-09-28'),
(3362, 100, 'valid', 1, '14:11:27', '2021-09-28'),
(3363, 500, 'valid', 1, '14:41:19', '2021-09-28'),
(3364, 101, 'valid', 1, '14:41:41', '2021-09-28'),
(3365, 101, 'valid', 1, '14:41:42', '2021-09-28'),
(3366, 502, 'valid', 1, '14:41:55', '2021-09-28'),
(3367, 502, 'valid', 1, '14:41:56', '2021-09-28'),
(3368, 2010, 'valid', 1, '16:11:23', '2021-09-28'),
(3369, 2010, 'valid', 1, '16:11:24', '2021-09-28'),
(3370, 2010, 'valid', 1, '16:11:25', '2021-09-28'),
(3371, 1009, 'valid', 1, '16:28:30', '2021-09-28'),
(3372, 1009, 'valid', 1, '16:28:31', '2021-09-28'),
(3373, 102, 'valid', 1, '17:03:19', '2021-09-28'),
(3374, 102, 'valid', 1, '17:03:21', '2021-09-28'),
(3375, 102, 'valid', 1, '17:03:23', '2021-09-28'),
(3376, 102, 'valid', 1, '17:03:24', '2021-09-28'),
(3377, 504, 'valid', 1, '17:04:53', '2021-09-28'),
(3378, 504, 'valid', 1, '17:04:54', '2021-09-28'),
(3379, 1001, 'valid', 1, '17:06:12', '2021-09-28'),
(3380, 2002, 'valid', 1, '17:06:23', '2021-09-28'),
(3381, 1006, 'valid', 1, '17:06:37', '2021-09-28'),
(3382, 1006, 'valid', 1, '17:06:38', '2021-09-28'),
(3383, 1006, 'valid', 1, '17:06:39', '2021-09-28'),
(3384, 1003, 'valid', 1, '17:08:53', '2021-09-28'),
(3385, 1000, 'valid', 1, '17:10:00', '2021-09-28'),
(3386, 1000, 'valid', 1, '17:10:01', '2021-09-28'),
(3387, 1007, 'valid', 1, '17:10:46', '2021-09-28'),
(3388, 100, 'valid', 1, '17:33:18', '2021-09-28'),
(3389, 100, 'valid', 1, '17:33:19', '2021-09-28'),
(3390, 101, 'valid', 1, '17:34:19', '2021-09-28'),
(3391, 101, 'valid', 1, '17:34:20', '2021-09-28'),
(3392, 1002, 'valid', 1, '17:34:49', '2021-09-28'),
(3393, 1002, 'valid', 1, '17:34:50', '2021-09-28'),
(3394, 1010, 'valid', 1, '17:35:06', '2021-09-28'),
(3395, 1010, 'valid', 1, '17:35:07', '2021-09-28'),
(3396, 1010, 'valid', 1, '17:35:30', '2021-09-28'),
(3397, 1010, 'valid', 1, '17:35:31', '2021-09-28'),
(3398, 2008, 'valid', 1, '17:40:30', '2021-09-28'),
(3399, 2007, 'valid', 1, '17:41:37', '2021-09-28'),
(3400, 2006, 'valid', 1, '17:43:58', '2021-09-28'),
(3401, 2004, 'valid', 1, '17:44:25', '2021-09-28'),
(3402, 2009, 'valid', 1, '17:48:25', '2021-09-28'),
(3403, 2009, 'valid', 1, '17:48:26', '2021-09-28'),
(3404, 2009, 'valid', 1, '17:48:29', '2021-09-28'),
(3405, 2009, 'valid', 1, '17:48:30', '2021-09-28'),
(3406, 500, 'valid', 1, '17:53:01', '2021-09-28'),
(3407, 1008, 'valid', 1, '17:58:21', '2021-09-28'),
(3408, 1008, 'valid', 1, '17:58:23', '2021-09-28'),
(3409, 503, 'valid', 1, '18:02:09', '2021-09-28'),
(3410, 2013, 'valid', 1, '18:04:50', '2021-09-28'),
(3411, 2013, 'valid', 1, '18:04:51', '2021-09-28'),
(3412, 2013, 'valid', 1, '18:05:19', '2021-09-28'),
(3413, 2013, 'valid', 1, '18:05:20', '2021-09-28'),
(3414, 2013, 'valid', 1, '18:05:33', '2021-09-28'),
(3415, 2013, 'valid', 1, '18:05:34', '2021-09-28'),
(3416, 2013, 'valid', 1, '18:05:57', '2021-09-28'),
(3417, 2013, 'valid', 1, '18:05:58', '2021-09-28'),
(3418, 502, 'valid', 1, '18:13:19', '2021-09-28'),
(3419, 502, 'valid', 1, '18:13:20', '2021-09-28'),
(3420, 502, 'valid', 1, '18:13:21', '2021-09-28'),
(3421, 500, 'valid', 1, '18:13:31', '2021-09-28'),
(3422, 500, 'valid', 1, '18:13:40', '2021-09-28'),
(3423, 502, 'valid', 1, '18:13:50', '2021-09-28'),
(3424, 502, 'valid', 1, '18:13:51', '2021-09-28'),
(3425, 200, 'valid', 1, '18:15:02', '2021-09-28'),
(3426, 2001, 'valid', 1, '18:25:36', '2021-09-28'),
(3427, 2001, 'valid', 1, '18:25:37', '2021-09-28'),
(3428, 1009, 'valid', 1, '19:55:27', '2021-09-28'),
(3429, 2013, 'valid', 1, '20:04:46', '2021-09-28'),
(3430, 2013, 'valid', 1, '20:04:50', '2021-09-28'),
(3431, 2013, 'valid', 1, '20:04:52', '2021-09-28'),
(3432, 1009, 'valid', 1, '20:27:46', '2021-09-28'),
(3433, 100, 'valid', 1, '08:37:23', '2021-09-29'),
(3434, 100, 'valid', 1, '08:37:24', '2021-09-29'),
(3435, 504, 'valid', 1, '08:38:05', '2021-09-29'),
(3436, 1002, 'valid', 1, '08:49:48', '2021-09-29'),
(3437, 1002, 'valid', 1, '08:49:49', '2021-09-29'),
(3438, 1002, 'valid', 1, '08:50:03', '2021-09-29'),
(3439, 1002, 'valid', 1, '08:50:04', '2021-09-29'),
(3440, 1002, 'valid', 1, '08:50:06', '2021-09-29'),
(3441, 1002, 'valid', 1, '08:52:37', '2021-09-29'),
(3442, 1002, 'valid', 1, '08:52:38', '2021-09-29'),
(3443, 1007, 'valid', 1, '08:52:45', '2021-09-29'),
(3444, 1007, 'valid', 1, '08:52:46', '2021-09-29'),
(3445, 1008, 'valid', 1, '08:59:14', '2021-09-29'),
(3446, 1008, 'valid', 1, '08:59:18', '2021-09-29'),
(3447, 1008, 'valid', 1, '08:59:19', '2021-09-29'),
(3448, 1008, 'valid', 1, '09:00:22', '2021-09-29'),
(3449, 102, 'valid', 1, '09:01:09', '2021-09-29'),
(3450, 102, 'valid', 1, '09:01:10', '2021-09-29'),
(3451, 102, 'valid', 1, '09:01:13', '2021-09-29'),
(3452, 101, 'valid', 1, '09:02:00', '2021-09-29'),
(3453, 101, 'valid', 1, '09:02:13', '2021-09-29'),
(3454, 101, 'valid', 1, '09:02:14', '2021-09-29'),
(3455, 101, 'valid', 1, '09:02:47', '2021-09-29'),
(3456, 1000, 'valid', 1, '09:02:58', '2021-09-29'),
(3457, 102, 'valid', 1, '09:03:02', '2021-09-29'),
(3458, 102, 'valid', 1, '09:03:03', '2021-09-29'),
(3459, 102, 'valid', 1, '09:03:05', '2021-09-29'),
(3460, 102, 'valid', 1, '09:03:06', '2021-09-29'),
(3461, 2002, 'valid', 1, '09:03:18', '2021-09-29'),
(3462, 2002, 'valid', 1, '09:03:19', '2021-09-29'),
(3463, 1003, 'valid', 1, '09:03:31', '2021-09-29'),
(3464, 1003, 'valid', 1, '09:03:32', '2021-09-29'),
(3465, 2002, 'valid', 1, '09:03:47', '2021-09-29'),
(3466, 101, 'valid', 1, '09:04:00', '2021-09-29'),
(3467, 101, 'valid', 1, '09:04:01', '2021-09-29'),
(3468, 1006, 'valid', 1, '09:04:46', '2021-09-29'),
(3469, 1006, 'valid', 1, '09:04:47', '2021-09-29'),
(3470, 1006, 'valid', 1, '09:04:48', '2021-09-29'),
(3471, 2004, 'valid', 1, '09:05:03', '2021-09-29'),
(3472, 2004, 'valid', 1, '09:05:05', '2021-09-29'),
(3473, 101, 'valid', 1, '09:05:15', '2021-09-29'),
(3474, 101, 'valid', 1, '09:05:16', '2021-09-29'),
(3475, 1001, 'valid', 1, '09:07:57', '2021-09-29'),
(3476, 2006, 'valid', 1, '09:14:02', '2021-09-29'),
(3477, 2006, 'valid', 1, '09:14:03', '2021-09-29'),
(3478, 2003, 'valid', 1, '09:14:30', '2021-09-29'),
(3479, 2008, 'valid', 1, '09:22:16', '2021-09-29'),
(3480, 2008, 'valid', 1, '09:22:17', '2021-09-29'),
(3481, 1008, 'valid', 1, '09:22:50', '2021-09-29'),
(3482, 1008, 'valid', 1, '09:22:51', '2021-09-29'),
(3483, 1008, 'valid', 1, '09:22:53', '2021-09-29'),
(3484, 1008, 'valid', 1, '09:22:54', '2021-09-29'),
(3485, 2012, 'valid', 1, '09:26:15', '2021-09-29'),
(3486, 2012, 'valid', 1, '09:26:16', '2021-09-29'),
(3487, 2009, 'valid', 1, '09:26:34', '2021-09-29'),
(3488, 2009, 'valid', 1, '09:26:39', '2021-09-29'),
(3489, 2001, 'valid', 1, '09:31:59', '2021-09-29'),
(3490, 2001, 'valid', 1, '09:32:00', '2021-09-29'),
(3491, 2010, 'valid', 1, '09:58:59', '2021-09-29'),
(3492, 2007, 'valid', 1, '10:06:18', '2021-09-29'),
(3493, 502, 'valid', 1, '10:11:40', '2021-09-29'),
(3494, 1010, 'valid', 1, '10:38:42', '2021-09-29'),
(3495, 200, 'valid', 1, '10:41:09', '2021-09-29'),
(3496, 2013, 'valid', 1, '10:52:52', '2021-09-29'),
(3497, 2013, 'valid', 1, '10:52:53', '2021-09-29'),
(3498, 1001, 'valid', 1, '13:01:09', '2021-09-29'),
(3499, 1003, 'valid', 1, '13:02:42', '2021-09-29'),
(3500, 504, 'valid', 1, '13:07:33', '2021-09-29'),
(3501, 1000, 'valid', 1, '13:08:05', '2021-09-29'),
(3502, 1000, 'valid', 1, '13:08:06', '2021-09-29'),
(3503, 200, 'valid', 1, '13:08:14', '2021-09-29'),
(3504, 200, 'valid', 1, '13:08:30', '2021-09-29'),
(3505, 2004, 'valid', 1, '13:08:45', '2021-09-29'),
(3506, 2004, 'valid', 1, '13:08:46', '2021-09-29'),
(3507, 2003, 'valid', 1, '13:09:10', '2021-09-29'),
(3508, 502, 'valid', 1, '13:17:25', '2021-09-29'),
(3509, 502, 'valid', 1, '13:17:27', '2021-09-29'),
(3510, 2012, 'valid', 1, '13:17:48', '2021-09-29'),
(3511, 2002, 'valid', 1, '13:26:41', '2021-09-29'),
(3512, 102, 'valid', 1, '13:26:47', '2021-09-29'),
(3513, 102, 'valid', 1, '13:26:48', '2021-09-29'),
(3514, 102, 'valid', 1, '13:27:15', '2021-09-29'),
(3515, 100, 'valid', 1, '13:29:02', '2021-09-29'),
(3516, 100, 'valid', 1, '13:29:03', '2021-09-29'),
(3517, 504, 'valid', 1, '13:32:22', '2021-09-29'),
(3518, 500, 'valid', 1, '13:33:43', '2021-09-29'),
(3519, 500, 'valid', 1, '13:33:44', '2021-09-29'),
(3520, 502, 'valid', 1, '13:34:42', '2021-09-29'),
(3521, 502, 'valid', 1, '13:34:45', '2021-09-29'),
(3522, 502, 'valid', 1, '13:34:46', '2021-09-29'),
(3523, 1001, 'valid', 1, '13:34:47', '2021-09-29'),
(3524, 1001, 'valid', 1, '13:35:04', '2021-09-29'),
(3525, 2006, 'valid', 1, '13:36:12', '2021-09-29'),
(3526, 2003, 'valid', 1, '13:37:05', '2021-09-29'),
(3527, 2003, 'valid', 1, '13:37:06', '2021-09-29'),
(3528, 101, 'valid', 1, '13:39:17', '2021-09-29'),
(3529, 101, 'valid', 1, '13:39:18', '2021-09-29'),
(3530, 2012, 'valid', 1, '13:40:15', '2021-09-29'),
(3531, 2012, 'valid', 1, '13:40:16', '2021-09-29'),
(3532, 1002, 'valid', 1, '13:40:23', '2021-09-29'),
(3533, 1002, 'valid', 1, '13:40:24', '2021-09-29'),
(3534, 1002, 'valid', 1, '13:40:35', '2021-09-29'),
(3535, 1002, 'valid', 1, '13:40:37', '2021-09-29'),
(3536, 2001, 'valid', 1, '13:40:42', '2021-09-29'),
(3537, 2001, 'valid', 1, '13:40:54', '2021-09-29'),
(3538, 1000, 'valid', 1, '13:41:09', '2021-09-29'),
(3539, 1000, 'valid', 1, '13:41:10', '2021-09-29'),
(3540, 2002, 'valid', 1, '13:47:21', '2021-09-29'),
(3541, 2002, 'valid', 1, '13:47:23', '2021-09-29'),
(3542, 102, 'valid', 1, '13:49:50', '2021-09-29'),
(3543, 2004, 'valid', 1, '13:54:39', '2021-09-29'),
(3544, 2004, 'valid', 1, '13:54:40', '2021-09-29'),
(3545, 200, 'valid', 1, '13:54:51', '2021-09-29'),
(3546, 2006, 'valid', 1, '13:56:48', '2021-09-29'),
(3547, 2006, 'valid', 1, '13:56:49', '2021-09-29'),
(3548, 101, 'valid', 1, '13:57:00', '2021-09-29'),
(3549, 100, 'valid', 1, '13:58:12', '2021-09-29'),
(3550, 1002, 'valid', 1, '14:02:53', '2021-09-29'),
(3551, 1002, 'valid', 1, '14:02:55', '2021-09-29'),
(3552, 2001, 'valid', 1, '14:03:03', '2021-09-29'),
(3553, 1002, 'valid', 1, '14:03:22', '2021-09-29'),
(3554, 1002, 'valid', 1, '14:03:23', '2021-09-29'),
(3555, 504, 'valid', 1, '17:03:39', '2021-09-29'),
(3556, 504, 'valid', 1, '17:03:44', '2021-09-29'),
(3557, 504, 'valid', 1, '17:03:45', '2021-09-29'),
(3558, 504, 'valid', 1, '17:03:52', '2021-09-29'),
(3559, 504, 'valid', 1, '17:03:53', '2021-09-29'),
(3560, 2010, 'valid', 1, '17:04:02', '2021-09-29'),
(3561, 2010, 'valid', 1, '17:04:04', '2021-09-29'),
(3562, 2010, 'valid', 1, '17:04:07', '2021-09-29'),
(3563, 1001, 'valid', 1, '17:04:33', '2021-09-29'),
(3564, 2010, 'valid', 1, '17:04:35', '2021-09-29'),
(3565, 2009, 'valid', 1, '17:04:48', '2021-09-29'),
(3566, 2009, 'valid', 1, '17:04:49', '2021-09-29'),
(3567, 2009, 'valid', 1, '17:04:50', '2021-09-29'),
(3568, 2009, 'valid', 1, '17:05:10', '2021-09-29'),
(3569, 2009, 'valid', 1, '17:05:11', '2021-09-29'),
(3570, 2009, 'valid', 1, '17:05:12', '2021-09-29'),
(3571, 2009, 'valid', 1, '17:05:13', '2021-09-29'),
(3572, 100, 'valid', 1, '17:08:00', '2021-09-29'),
(3573, 100, 'valid', 1, '17:08:01', '2021-09-29'),
(3574, 1006, 'valid', 1, '17:09:51', '2021-09-29'),
(3575, 1006, 'valid', 1, '17:09:52', '2021-09-29'),
(3576, 102, 'valid', 1, '17:25:07', '2021-09-29'),
(3577, 102, 'valid', 1, '17:25:12', '2021-09-29'),
(3578, 102, 'valid', 1, '17:25:13', '2021-09-29'),
(3579, 102, 'valid', 1, '17:27:33', '2021-09-29'),
(3580, 102, 'valid', 1, '17:27:34', '2021-09-29'),
(3581, 2006, 'valid', 1, '17:27:43', '2021-09-29'),
(3582, 2006, 'valid', 1, '17:27:44', '2021-09-29'),
(3583, 2006, 'valid', 1, '17:27:46', '2021-09-29'),
(3584, 2006, 'valid', 1, '17:27:47', '2021-09-29'),
(3585, 2006, 'valid', 1, '17:27:48', '2021-09-29'),
(3586, 2006, 'valid', 1, '17:27:49', '2021-09-29'),
(3587, 2006, 'valid', 1, '17:27:52', '2021-09-29'),
(3588, 2006, 'valid', 1, '17:27:53', '2021-09-29'),
(3589, 1002, 'valid', 1, '17:28:14', '2021-09-29'),
(3590, 1002, 'valid', 1, '17:28:15', '2021-09-29'),
(3591, 1002, 'valid', 1, '17:28:23', '2021-09-29'),
(3592, 1002, 'valid', 1, '17:28:24', '2021-09-29'),
(3593, 1002, 'valid', 1, '17:28:40', '2021-09-29'),
(3594, 1002, 'valid', 1, '17:28:41', '2021-09-29'),
(3595, 2006, 'valid', 1, '17:28:56', '2021-09-29'),
(3596, 2006, 'valid', 1, '17:28:57', '2021-09-29'),
(3597, 2012, 'valid', 1, '17:29:07', '2021-09-29'),
(3598, 2012, 'valid', 1, '17:29:08', '2021-09-29'),
(3599, 500, 'valid', 1, '17:30:55', '2021-09-29'),
(3600, 500, 'valid', 1, '17:31:21', '2021-09-29'),
(3601, 500, 'valid', 1, '17:31:22', '2021-09-29'),
(3602, 2004, 'valid', 1, '17:31:34', '2021-09-29'),
(3603, 2004, 'valid', 1, '17:31:35', '2021-09-29'),
(3604, 2008, 'valid', 1, '17:31:45', '2021-09-29'),
(3605, 2008, 'valid', 1, '17:31:46', '2021-09-29'),
(3606, 2003, 'valid', 1, '17:31:53', '2021-09-29'),
(3607, 2007, 'valid', 1, '17:31:59', '2021-09-29'),
(3608, 2007, 'valid', 1, '17:32:10', '2021-09-29'),
(3609, 2007, 'valid', 1, '17:32:31', '2021-09-29'),
(3610, 2007, 'valid', 1, '17:32:32', '2021-09-29'),
(3611, 2007, 'valid', 1, '17:34:12', '2021-09-29'),
(3612, 1009, 'valid', 1, '17:34:35', '2021-09-29'),
(3613, 1009, 'valid', 1, '17:34:36', '2021-09-29'),
(3614, 2001, 'valid', 1, '17:41:46', '2021-09-29'),
(3615, 2001, 'valid', 1, '17:41:47', '2021-09-29'),
(3616, 101, 'valid', 1, '17:42:43', '2021-09-29'),
(3617, 101, 'valid', 1, '17:42:44', '2021-09-29'),
(3618, 2013, 'valid', 1, '17:48:37', '2021-09-29'),
(3619, 1007, 'valid', 1, '17:57:29', '2021-09-29'),
(3620, 1007, 'valid', 1, '17:57:30', '2021-09-29'),
(3621, 1000, 'valid', 1, '17:59:13', '2021-09-29'),
(3622, 1000, 'valid', 1, '17:59:14', '2021-09-29'),
(3623, 502, 'valid', 1, '18:21:25', '2021-09-29'),
(3624, 502, 'valid', 1, '18:21:26', '2021-09-29'),
(3625, 200, 'valid', 1, '18:22:17', '2021-09-29'),
(3626, 1010, 'valid', 1, '18:58:36', '2021-09-29'),
(3627, 1010, 'valid', 1, '18:58:38', '2021-09-29'),
(3628, 1008, 'valid', 1, '18:58:57', '2021-09-29'),
(3629, 1008, 'valid', 1, '18:59:00', '2021-09-29'),
(3630, 1008, 'valid', 1, '18:59:01', '2021-09-29'),
(3631, 1009, 'valid', 1, '19:34:06', '2021-09-29'),
(3632, 1009, 'valid', 1, '19:34:07', '2021-09-29'),
(3633, 100, 'valid', 1, '08:38:19', '2021-09-30'),
(3634, 100, 'valid', 1, '08:38:20', '2021-09-30'),
(3635, 504, 'valid', 1, '08:40:57', '2021-09-30'),
(3636, 504, 'valid', 1, '08:40:58', '2021-09-30'),
(3637, 1003, 'valid', 1, '08:51:16', '2021-09-30'),
(3638, 1003, 'valid', 1, '08:51:17', '2021-09-30'),
(3639, 1002, 'valid', 1, '08:53:11', '2021-09-30'),
(3640, 1002, 'valid', 1, '08:53:12', '2021-09-30'),
(3641, 1000, 'valid', 1, '08:54:37', '2021-09-30'),
(3642, 1000, 'valid', 1, '08:54:38', '2021-09-30'),
(3643, 1007, 'valid', 1, '08:55:13', '2021-09-30'),
(3644, 1007, 'valid', 1, '08:55:14', '2021-09-30'),
(3645, 2002, 'valid', 1, '08:55:39', '2021-09-30'),
(3646, 1008, 'valid', 1, '08:58:53', '2021-09-30'),
(3647, 1008, 'valid', 1, '08:58:55', '2021-09-30'),
(3648, 1008, 'valid', 1, '08:59:14', '2021-09-30'),
(3649, 1008, 'valid', 1, '08:59:16', '2021-09-30'),
(3650, 101, 'valid', 1, '09:03:28', '2021-09-30'),
(3651, 1001, 'valid', 1, '09:04:21', '2021-09-30'),
(3652, 1001, 'valid', 1, '09:04:22', '2021-09-30'),
(3653, 102, 'valid', 1, '09:04:27', '2021-09-30'),
(3654, 102, 'valid', 1, '09:04:31', '2021-09-30'),
(3655, 102, 'valid', 1, '09:04:33', '2021-09-30'),
(3656, 102, 'valid', 1, '09:04:35', '2021-09-30'),
(3657, 102, 'valid', 1, '09:04:36', '2021-09-30'),
(3658, 1006, 'valid', 1, '09:05:22', '2021-09-30'),
(3659, 1006, 'valid', 1, '09:05:23', '2021-09-30'),
(3660, 1006, 'valid', 1, '09:05:24', '2021-09-30'),
(3661, 1006, 'valid', 1, '09:05:25', '2021-09-30'),
(3662, 2006, 'valid', 1, '09:13:25', '2021-09-30'),
(3663, 2009, 'valid', 1, '09:17:18', '2021-09-30'),
(3664, 2009, 'valid', 1, '09:17:19', '2021-09-30'),
(3665, 2009, 'valid', 1, '09:17:21', '2021-09-30'),
(3666, 2009, 'valid', 1, '09:17:22', '2021-09-30'),
(3667, 2003, 'valid', 1, '09:22:38', '2021-09-30'),
(3668, 2003, 'valid', 1, '09:22:39', '2021-09-30'),
(3669, 2001, 'valid', 1, '09:24:32', '2021-09-30'),
(3670, 2001, 'valid', 1, '09:24:33', '2021-09-30'),
(3671, 2008, 'valid', 1, '09:35:12', '2021-09-30'),
(3672, 2012, 'valid', 1, '09:35:18', '2021-09-30'),
(3673, 2012, 'valid', 1, '09:35:19', '2021-09-30'),
(3674, 2010, 'valid', 1, '09:50:43', '2021-09-30'),
(3675, 200, 'valid', 1, '09:53:06', '2021-09-30'),
(3676, 500, 'valid', 1, '09:55:13', '2021-09-30'),
(3677, 2004, 'valid', 1, '09:59:56', '2021-09-30'),
(3678, 2004, 'valid', 1, '09:59:58', '2021-09-30'),
(3679, 2000, 'valid', 1, '10:02:31', '2021-09-30'),
(3680, 503, 'valid', 1, '10:03:55', '2021-09-30'),
(3681, 502, 'valid', 1, '10:10:06', '2021-09-30'),
(3682, 2007, 'valid', 1, '10:35:59', '2021-09-30'),
(3683, 1010, 'valid', 1, '11:00:41', '2021-09-30'),
(3684, 1010, 'valid', 1, '11:00:42', '2021-09-30'),
(3685, 2013, 'valid', 1, '11:07:15', '2021-09-30'),
(3686, 2013, 'valid', 1, '11:07:16', '2021-09-30'),
(3687, 1001, 'valid', 1, '13:01:39', '2021-09-30'),
(3688, 1001, 'valid', 1, '13:01:40', '2021-09-30'),
(3689, 1003, 'valid', 1, '13:02:23', '2021-09-30'),
(3690, 1003, 'valid', 1, '13:02:24', '2021-09-30'),
(3691, 2003, 'valid', 1, '13:04:11', '2021-09-30'),
(3692, 2000, 'valid', 1, '13:04:15', '2021-09-30'),
(3693, 2000, 'valid', 1, '13:04:16', '2021-09-30'),
(3694, 2000, 'valid', 1, '13:04:48', '2021-09-30'),
(3695, 2000, 'valid', 1, '13:04:50', '2021-09-30'),
(3696, 504, 'valid', 1, '13:07:31', '2021-09-30'),
(3697, 504, 'valid', 1, '13:07:33', '2021-09-30'),
(3698, 503, 'valid', 1, '13:07:54', '2021-09-30'),
(3699, 2012, 'valid', 1, '13:08:06', '2021-09-30'),
(3700, 2012, 'valid', 1, '13:08:07', '2021-09-30'),
(3701, 2010, 'valid', 1, '13:08:15', '2021-09-30'),
(3702, 2010, 'valid', 1, '13:08:16', '2021-09-30'),
(3703, 200, 'valid', 1, '13:12:07', '2021-09-30'),
(3704, 502, 'valid', 1, '13:12:10', '2021-09-30'),
(3705, 502, 'valid', 1, '13:12:30', '2021-09-30'),
(3706, 502, 'valid', 1, '13:12:31', '2021-09-30'),
(3707, 500, 'valid', 1, '13:21:03', '2021-09-30'),
(3708, 2004, 'valid', 1, '13:24:11', '2021-09-30'),
(3709, 2004, 'valid', 1, '13:24:12', '2021-09-30'),
(3710, 2012, 'valid', 1, '13:24:25', '2021-09-30'),
(3711, 2012, 'valid', 1, '13:24:26', '2021-09-30'),
(3712, 1003, 'valid', 1, '13:24:50', '2021-09-30'),
(3713, 2003, 'valid', 1, '13:25:47', '2021-09-30'),
(3714, 102, 'valid', 1, '13:26:04', '2021-09-30'),
(3715, 102, 'valid', 1, '13:26:05', '2021-09-30'),
(3716, 2003, 'valid', 1, '13:26:34', '2021-09-30'),
(3717, 504, 'valid', 1, '13:26:51', '2021-09-30'),
(3718, 2010, 'valid', 1, '13:26:56', '2021-09-30'),
(3719, 2010, 'valid', 1, '13:27:12', '2021-09-30'),
(3720, 2010, 'valid', 1, '13:27:13', '2021-09-30'),
(3721, 1001, 'valid', 1, '13:27:41', '2021-09-30'),
(3722, 1008, 'valid', 1, '13:33:02', '2021-09-30'),
(3723, 1008, 'valid', 1, '13:33:05', '2021-09-30'),
(3724, 2006, 'valid', 1, '13:34:12', '2021-09-30'),
(3725, 2006, 'valid', 1, '13:34:13', '2021-09-30'),
(3726, 2006, 'valid', 1, '13:34:14', '2021-09-30'),
(3727, 1008, 'valid', 1, '13:34:42', '2021-09-30'),
(3728, 1008, 'valid', 1, '13:34:43', '2021-09-30'),
(3729, 1008, 'valid', 1, '13:34:45', '2021-09-30'),
(3730, 502, 'valid', 1, '13:35:13', '2021-09-30'),
(3731, 502, 'valid', 1, '13:35:14', '2021-09-30'),
(3732, 502, 'valid', 1, '13:35:16', '2021-09-30'),
(3733, 502, 'valid', 1, '13:35:33', '2021-09-30'),
(3734, 502, 'valid', 1, '13:35:34', '2021-09-30'),
(3735, 101, 'valid', 1, '13:36:12', '2021-09-30'),
(3736, 101, 'valid', 1, '13:36:14', '2021-09-30'),
(3737, 502, 'valid', 1, '13:36:45', '2021-09-30'),
(3738, 502, 'valid', 1, '13:36:46', '2021-09-30'),
(3739, 502, 'valid', 1, '13:36:47', '2021-09-30'),
(3740, 200, 'valid', 1, '13:37:44', '2021-09-30'),
(3741, 101, 'valid', 1, '13:38:14', '2021-09-30'),
(3742, 101, 'valid', 1, '13:38:15', '2021-09-30'),
(3743, 101, 'valid', 1, '13:38:16', '2021-09-30'),
(3744, 1002, 'valid', 1, '13:38:24', '2021-09-30'),
(3745, 1002, 'valid', 1, '13:38:25', '2021-09-30'),
(3746, 1002, 'valid', 1, '13:39:06', '2021-09-30'),
(3747, 502, 'valid', 1, '13:39:20', '2021-09-30'),
(3748, 502, 'valid', 1, '13:39:21', '2021-09-30'),
(3749, 503, 'valid', 1, '13:39:59', '2021-09-30'),
(3750, 500, 'valid', 1, '13:43:50', '2021-09-30'),
(3751, 500, 'valid', 1, '13:44:17', '2021-09-30'),
(3752, 500, 'valid', 1, '13:44:35', '2021-09-30'),
(3753, 2000, 'valid', 1, '13:44:56', '2021-09-30'),
(3754, 2000, 'valid', 1, '13:44:57', '2021-09-30'),
(3755, 2004, 'valid', 1, '13:50:54', '2021-09-30'),
(3756, 2004, 'valid', 1, '13:50:55', '2021-09-30'),
(3757, 2006, 'valid', 1, '13:53:46', '2021-09-30'),
(3758, 2006, 'valid', 1, '13:53:48', '2021-09-30'),
(3759, 101, 'valid', 1, '13:54:05', '2021-09-30'),
(3760, 101, 'valid', 1, '13:54:06', '2021-09-30'),
(3761, 101, 'valid', 1, '13:54:07', '2021-09-30'),
(3762, 2001, 'valid', 1, '13:54:23', '2021-09-30'),
(3763, 2001, 'valid', 1, '13:54:24', '2021-09-30'),
(3764, 2001, 'valid', 1, '13:54:31', '2021-09-30'),
(3765, 2001, 'valid', 1, '13:54:34', '2021-09-30'),
(3766, 2001, 'valid', 1, '13:54:49', '2021-09-30'),
(3767, 2001, 'valid', 1, '13:54:50', '2021-09-30'),
(3768, 1002, 'valid', 1, '13:58:20', '2021-09-30'),
(3769, 1002, 'valid', 1, '13:58:21', '2021-09-30'),
(3770, 500, 'valid', 1, '15:57:59', '2021-09-30'),
(3771, 500, 'valid', 1, '16:10:27', '2021-09-30'),
(3772, 1001, 'valid', 1, '16:29:53', '2021-09-30'),
(3773, 1001, 'valid', 1, '16:29:54', '2021-09-30'),
(3774, 1009, 'valid', 1, '16:32:06', '2021-09-30'),
(3775, 1009, 'valid', 1, '16:32:07', '2021-09-30'),
(3776, 2008, 'valid', 1, '17:01:23', '2021-09-30'),
(3777, 100, 'valid', 1, '17:01:46', '2021-09-30'),
(3778, 100, 'valid', 1, '17:01:47', '2021-09-30'),
(3779, 504, 'valid', 1, '17:01:57', '2021-09-30'),
(3780, 504, 'valid', 1, '17:01:58', '2021-09-30'),
(3781, 2004, 'valid', 1, '17:02:35', '2021-09-30'),
(3782, 2004, 'valid', 1, '17:02:36', '2021-09-30'),
(3783, 2003, 'valid', 1, '17:02:48', '2021-09-30'),
(3784, 2012, 'valid', 1, '17:03:28', '2021-09-30'),
(3785, 2007, 'valid', 1, '17:03:48', '2021-09-30'),
(3786, 2007, 'valid', 1, '17:03:49', '2021-09-30'),
(3787, 1006, 'valid', 1, '17:03:54', '2021-09-30'),
(3788, 1006, 'valid', 1, '17:03:55', '2021-09-30'),
(3789, 1006, 'valid', 1, '17:04:10', '2021-09-30'),
(3790, 1006, 'valid', 1, '17:04:11', '2021-09-30'),
(3791, 1006, 'valid', 1, '17:04:12', '2021-09-30'),
(3792, 1001, 'valid', 1, '17:04:18', '2021-09-30'),
(3793, 1001, 'valid', 1, '17:04:19', '2021-09-30'),
(3794, 1001, 'valid', 1, '17:04:25', '2021-09-30'),
(3795, 1001, 'valid', 1, '17:04:26', '2021-09-30'),
(3796, 1007, 'valid', 1, '17:05:21', '2021-09-30'),
(3797, 1007, 'valid', 1, '17:05:22', '2021-09-30'),
(3798, 1003, 'valid', 1, '17:05:34', '2021-09-30'),
(3799, 1003, 'valid', 1, '17:05:35', '2021-09-30'),
(3800, 2001, 'valid', 1, '17:07:31', '2021-09-30'),
(3801, 2006, 'valid', 1, '17:07:40', '2021-09-30'),
(3802, 2006, 'valid', 1, '17:07:41', '2021-09-30'),
(3803, 2002, 'valid', 1, '17:07:55', '2021-09-30'),
(3804, 2002, 'valid', 1, '17:07:56', '2021-09-30'),
(3805, 1000, 'valid', 1, '17:09:36', '2021-09-30'),
(3806, 1000, 'valid', 1, '17:09:38', '2021-09-30'),
(3807, 102, 'valid', 1, '17:23:32', '2021-09-30'),
(3808, 102, 'valid', 1, '17:23:33', '2021-09-30'),
(3809, 102, 'valid', 1, '17:23:35', '2021-09-30'),
(3810, 102, 'valid', 1, '17:23:36', '2021-09-30'),
(3811, 102, 'valid', 1, '17:24:07', '2021-09-30'),
(3812, 102, 'valid', 1, '17:24:08', '2021-09-30'),
(3813, 102, 'valid', 1, '17:24:09', '2021-09-30'),
(3814, 102, 'valid', 1, '17:25:09', '2021-09-30'),
(3815, 102, 'valid', 1, '17:25:11', '2021-09-30'),
(3816, 102, 'valid', 1, '17:25:12', '2021-09-30'),
(3817, 102, 'valid', 1, '17:25:42', '2021-09-30'),
(3818, 102, 'valid', 1, '17:25:45', '2021-09-30'),
(3819, 102, 'valid', 1, '17:25:46', '2021-09-30'),
(3820, 500, 'valid', 1, '17:28:07', '2021-09-30'),
(3821, 101, 'valid', 1, '17:32:35', '2021-09-30'),
(3822, 101, 'valid', 1, '17:32:36', '2021-09-30'),
(3823, 1008, 'valid', 1, '17:45:46', '2021-09-30'),
(3824, 1008, 'valid', 1, '17:46:10', '2021-09-30'),
(3825, 1008, 'valid', 1, '17:46:12', '2021-09-30'),
(3826, 1008, 'valid', 1, '17:46:59', '2021-09-30'),
(3827, 1008, 'valid', 1, '17:47:01', '2021-09-30'),
(3828, 1002, 'valid', 1, '17:47:31', '2021-09-30'),
(3829, 1002, 'valid', 1, '17:47:32', '2021-09-30'),
(3830, 200, 'valid', 1, '17:49:17', '2021-09-30'),
(3831, 1008, 'valid', 1, '17:49:22', '2021-09-30'),
(3832, 1008, 'valid', 1, '17:49:24', '2021-09-30'),
(3833, 500, 'valid', 1, '18:03:35', '2021-09-30'),
(3834, 503, 'valid', 1, '18:05:00', '2021-09-30'),
(3835, 502, 'valid', 1, '18:06:54', '2021-09-30'),
(3836, 502, 'valid', 1, '18:06:55', '2021-09-30'),
(3837, 502, 'valid', 1, '18:06:56', '2021-09-30'),
(3838, 2013, 'valid', 1, '21:07:26', '2021-09-30'),
(3839, 2013, 'valid', 1, '21:07:28', '2021-09-30'),
(3840, 2013, 'valid', 1, '21:07:43', '2021-09-30'),
(3841, 1009, 'valid', 1, '21:43:18', '2021-09-30'),
(3842, 1009, 'valid', 1, '21:43:19', '2021-09-30'),
(3843, 1010, 'valid', 1, '22:07:57', '2021-09-30'),
(3844, 1010, 'valid', 1, '22:07:58', '2021-09-30'),
(3845, 1000, 'valid', 1, '08:54:55', '2021-10-01'),
(3846, 1000, 'valid', 1, '08:54:56', '2021-10-01'),
(3847, 504, 'valid', 1, '08:55:08', '2021-10-01'),
(3848, 504, 'valid', 1, '08:55:09', '2021-10-01'),
(3849, 2002, 'valid', 1, '08:55:33', '2021-10-01'),
(3850, 1007, 'valid', 1, '08:55:42', '2021-10-01'),
(3851, 1007, 'valid', 1, '08:55:43', '2021-10-01'),
(3852, 100, 'valid', 1, '08:55:49', '2021-10-01'),
(3853, 100, 'valid', 1, '08:55:51', '2021-10-01'),
(3854, 100, 'valid', 1, '08:55:52', '2021-10-01'),
(3855, 100, 'valid', 1, '08:55:53', '2021-10-01'),
(3856, 100, 'valid', 1, '08:56:19', '2021-10-01'),
(3857, 100, 'valid', 1, '08:56:20', '2021-10-01'),
(3858, 100, 'valid', 1, '08:56:39', '2021-10-01'),
(3859, 100, 'valid', 1, '08:56:40', '2021-10-01'),
(3860, 1003, 'valid', 1, '08:58:15', '2021-10-01'),
(3861, 1003, 'valid', 1, '08:58:16', '2021-10-01'),
(3862, 1008, 'valid', 1, '09:05:28', '2021-10-01'),
(3863, 1008, 'valid', 1, '09:05:29', '2021-10-01'),
(3864, 2012, 'valid', 1, '09:06:15', '2021-10-01'),
(3865, 2012, 'valid', 1, '09:06:16', '2021-10-01'),
(3866, 1001, 'valid', 1, '09:12:04', '2021-10-01'),
(3867, 1001, 'valid', 1, '09:12:05', '2021-10-01'),
(3868, 1006, 'valid', 1, '09:12:13', '2021-10-01'),
(3869, 1006, 'valid', 1, '09:12:15', '2021-10-01'),
(3870, 1006, 'valid', 1, '09:12:16', '2021-10-01'),
(3871, 1006, 'valid', 1, '09:12:17', '2021-10-01'),
(3872, 1006, 'valid', 1, '09:12:18', '2021-10-01'),
(3873, 1006, 'valid', 1, '09:12:19', '2021-10-01'),
(3874, 2006, 'valid', 1, '09:12:58', '2021-10-01'),
(3875, 2006, 'valid', 1, '09:12:59', '2021-10-01'),
(3876, 102, 'valid', 1, '09:14:03', '2021-10-01'),
(3877, 102, 'valid', 1, '09:14:08', '2021-10-01'),
(3878, 102, 'valid', 1, '09:14:25', '2021-10-01'),
(3879, 102, 'valid', 1, '09:14:29', '2021-10-01'),
(3880, 101, 'valid', 1, '09:32:24', '2021-10-01'),
(3881, 101, 'valid', 1, '09:32:25', '2021-10-01'),
(3882, 1002, 'valid', 1, '09:35:38', '2021-10-01'),
(3883, 1002, 'valid', 1, '09:35:39', '2021-10-01'),
(3884, 2001, 'valid', 1, '09:39:41', '2021-10-01'),
(3885, 2001, 'valid', 1, '09:39:42', '2021-10-01'),
(3886, 2003, 'valid', 1, '09:43:26', '2021-10-01'),
(3887, 2003, 'valid', 1, '09:43:27', '2021-10-01'),
(3888, 200, 'valid', 1, '10:12:48', '2021-10-01'),
(3889, 502, 'valid', 1, '10:12:53', '2021-10-01'),
(3890, 502, 'valid', 1, '10:13:11', '2021-10-01'),
(3891, 502, 'valid', 1, '10:13:12', '2021-10-01'),
(3892, 2004, 'valid', 1, '10:31:27', '2021-10-01'),
(3893, 2004, 'valid', 1, '10:31:28', '2021-10-01'),
(3894, 2010, 'valid', 1, '10:32:32', '2021-10-01'),
(3895, 1010, 'valid', 1, '11:13:12', '2021-10-01'),
(3896, 1010, 'valid', 1, '11:13:13', '2021-10-01'),
(3897, 2013, 'valid', 1, '11:30:56', '2021-10-01'),
(3898, 2013, 'valid', 1, '11:30:57', '2021-10-01'),
(3899, 1000, 'valid', 1, '12:56:31', '2021-10-01'),
(3900, 2006, 'valid', 1, '12:59:23', '2021-10-01'),
(3901, 2006, 'valid', 1, '12:59:24', '2021-10-01'),
(3902, 2006, 'valid', 1, '12:59:25', '2021-10-01'),
(3903, 2004, 'valid', 1, '12:59:38', '2021-10-01'),
(3904, 2004, 'valid', 1, '12:59:40', '2021-10-01'),
(3905, 100, 'valid', 1, '12:59:46', '2021-10-01'),
(3906, 100, 'valid', 1, '12:59:47', '2021-10-01'),
(3907, 200, 'valid', 1, '12:59:50', '2021-10-01'),
(3908, 200, 'valid', 1, '13:00:08', '2021-10-01'),
(3909, 2002, 'valid', 1, '13:00:30', '2021-10-01'),
(3910, 2002, 'valid', 1, '13:00:31', '2021-10-01'),
(3911, 102, 'valid', 1, '13:00:36', '2021-10-01'),
(3912, 102, 'valid', 1, '13:00:38', '2021-10-01'),
(3913, 102, 'valid', 1, '13:00:40', '2021-10-01'),
(3914, 1001, 'valid', 1, '13:01:07', '2021-10-01'),
(3915, 2010, 'valid', 1, '13:01:15', '2021-10-01'),
(3916, 2010, 'valid', 1, '13:01:39', '2021-10-01'),
(3917, 2010, 'valid', 1, '13:01:40', '2021-10-01'),
(3918, 2010, 'valid', 1, '13:01:45', '2021-10-01'),
(3919, 2010, 'valid', 1, '13:01:46', '2021-10-01'),
(3920, 2010, 'valid', 1, '13:01:47', '2021-10-01'),
(3921, 2010, 'valid', 1, '13:02:21', '2021-10-01'),
(3922, 2010, 'valid', 1, '13:02:23', '2021-10-01'),
(3923, 2010, 'valid', 1, '13:02:24', '2021-10-01'),
(3924, 504, 'valid', 1, '13:02:54', '2021-10-01'),
(3925, 504, 'valid', 1, '13:03:19', '2021-10-01'),
(3926, 504, 'valid', 1, '13:03:20', '2021-10-01'),
(3927, 2003, 'valid', 1, '13:04:01', '2021-10-01'),
(3928, 2003, 'valid', 1, '13:04:02', '2021-10-01'),
(3929, 1003, 'valid', 1, '13:04:54', '2021-10-01'),
(3930, 1003, 'valid', 1, '13:05:24', '2021-10-01'),
(3931, 1003, 'valid', 1, '13:05:25', '2021-10-01'),
(3932, 1000, 'valid', 1, '13:29:29', '2021-10-01'),
(3933, 100, 'valid', 1, '13:31:41', '2021-10-01'),
(3934, 100, 'valid', 1, '13:31:42', '2021-10-01'),
(3935, 100, 'valid', 1, '13:33:21', '2021-10-01'),
(3936, 100, 'valid', 1, '13:33:26', '2021-10-01'),
(3937, 100, 'valid', 1, '13:33:54', '2021-10-01'),
(3938, 100, 'valid', 1, '13:33:56', '2021-10-01'),
(3939, 502, 'valid', 1, '13:36:40', '2021-10-01'),
(3940, 502, 'valid', 1, '13:36:41', '2021-10-01'),
(3941, 2002, 'valid', 1, '13:48:59', '2021-10-01'),
(3942, 2002, 'valid', 1, '13:49:20', '2021-10-01'),
(3943, 2002, 'valid', 1, '13:49:21', '2021-10-01'),
(3944, 1000, 'valid', 1, '13:49:31', '2021-10-01'),
(3945, 1000, 'valid', 1, '13:49:33', '2021-10-01'),
(3946, 102, 'valid', 1, '13:55:16', '2021-10-01'),
(3947, 102, 'valid', 1, '13:55:17', '2021-10-01'),
(3948, 102, 'valid', 1, '13:55:19', '2021-10-01'),
(3949, 200, 'valid', 1, '13:55:33', '2021-10-01'),
(3950, 200, 'valid', 1, '13:55:34', '2021-10-01'),
(3951, 200, 'valid', 1, '13:55:43', '2021-10-01'),
(3952, 200, 'valid', 1, '13:55:45', '2021-10-01'),
(3953, 101, 'valid', 1, '14:05:41', '2021-10-01'),
(3954, 101, 'valid', 1, '14:05:42', '2021-10-01'),
(3955, 101, 'valid', 1, '14:06:06', '2021-10-01'),
(3956, 101, 'valid', 1, '14:06:07', '2021-10-01'),
(3957, 2001, 'valid', 1, '14:06:21', '2021-10-01'),
(3958, 2001, 'valid', 1, '14:06:22', '2021-10-01'),
(3959, 1002, 'valid', 1, '14:06:28', '2021-10-01'),
(3960, 1002, 'valid', 1, '14:06:29', '2021-10-01'),
(3961, 1002, 'valid', 1, '14:06:38', '2021-10-01'),
(3962, 1002, 'valid', 1, '14:06:39', '2021-10-01'),
(3963, 1002, 'valid', 1, '14:06:51', '2021-10-01'),
(3964, 1003, 'valid', 1, '14:23:32', '2021-10-01'),
(3965, 1003, 'valid', 1, '14:23:44', '2021-10-01'),
(3966, 1001, 'valid', 1, '14:32:06', '2021-10-01'),
(3967, 2001, 'valid', 1, '14:32:55', '2021-10-01'),
(3968, 2001, 'valid', 1, '14:32:56', '2021-10-01'),
(3969, 502, 'valid', 1, '14:33:48', '2021-10-01'),
(3970, 1002, 'valid', 1, '14:33:54', '2021-10-01'),
(3971, 1002, 'valid', 1, '14:33:55', '2021-10-01'),
(3972, 1002, 'valid', 1, '14:34:10', '2021-10-01'),
(3973, 1002, 'valid', 1, '14:34:11', '2021-10-01'),
(3974, 502, 'valid', 1, '14:34:21', '2021-10-01'),
(3975, 502, 'valid', 1, '14:34:22', '2021-10-01'),
(3976, 502, 'valid', 1, '14:34:23', '2021-10-01'),
(3977, 1009, 'valid', 1, '14:38:05', '2021-10-01'),
(3978, 2004, 'valid', 1, '14:39:51', '2021-10-01'),
(3979, 2004, 'valid', 1, '14:39:52', '2021-10-01'),
(3980, 2006, 'valid', 1, '14:41:28', '2021-10-01'),
(3981, 2012, 'valid', 1, '16:06:58', '2021-10-01'),
(3982, 2012, 'valid', 1, '16:06:59', '2021-10-01'),
(3983, 2012, 'valid', 1, '16:07:30', '2021-10-01'),
(3984, 2012, 'valid', 1, '16:07:31', '2021-10-01'),
(3985, 2010, 'valid', 1, '16:58:30', '2021-10-01'),
(3986, 2010, 'valid', 1, '16:58:31', '2021-10-01'),
(3987, 2010, 'valid', 1, '16:59:11', '2021-10-01'),
(3988, 1007, 'valid', 1, '16:59:22', '2021-10-01'),
(3989, 1007, 'valid', 1, '16:59:23', '2021-10-01'),
(3990, 2004, 'valid', 1, '16:59:38', '2021-10-01'),
(3991, 2004, 'valid', 1, '16:59:39', '2021-10-01'),
(3992, 2004, 'valid', 1, '16:59:51', '2021-10-01'),
(3993, 2004, 'valid', 1, '16:59:52', '2021-10-01'),
(3994, 1008, 'valid', 1, '17:00:38', '2021-10-01'),
(3995, 1008, 'valid', 1, '17:00:40', '2021-10-01'),
(3996, 1008, 'valid', 1, '17:01:08', '2021-10-01'),
(3997, 1008, 'valid', 1, '17:01:09', '2021-10-01'),
(3998, 100, 'valid', 1, '17:01:42', '2021-10-01'),
(3999, 1003, 'valid', 1, '17:02:10', '2021-10-01'),
(4000, 1003, 'valid', 1, '17:02:11', '2021-10-01'),
(4001, 2003, 'valid', 1, '17:02:35', '2021-10-01'),
(4002, 2003, 'valid', 1, '17:02:36', '2021-10-01'),
(4003, 504, 'valid', 1, '17:02:46', '2021-10-01'),
(4004, 2010, 'valid', 1, '17:03:26', '2021-10-01'),
(4005, 2002, 'valid', 1, '17:03:57', '2021-10-01'),
(4006, 2002, 'valid', 1, '17:03:58', '2021-10-01'),
(4007, 101, 'valid', 1, '17:05:19', '2021-10-01'),
(4008, 101, 'valid', 1, '17:05:21', '2021-10-01'),
(4009, 101, 'valid', 1, '17:05:22', '2021-10-01'),
(4010, 1001, 'valid', 1, '17:08:34', '2021-10-01'),
(4011, 102, 'valid', 1, '17:24:17', '2021-10-01'),
(4012, 102, 'valid', 1, '17:24:18', '2021-10-01'),
(4013, 102, 'valid', 1, '17:24:20', '2021-10-01'),
(4014, 2006, 'valid', 1, '17:30:55', '2021-10-01'),
(4015, 2006, 'valid', 1, '17:30:56', '2021-10-01'),
(4016, 2006, 'valid', 1, '17:30:57', '2021-10-01'),
(4017, 1002, 'valid', 1, '17:35:52', '2021-10-01'),
(4018, 1002, 'valid', 1, '17:35:53', '2021-10-01'),
(4019, 1006, 'valid', 1, '17:37:22', '2021-10-01'),
(4020, 1006, 'valid', 1, '17:37:23', '2021-10-01'),
(4021, 1006, 'valid', 1, '17:37:24', '2021-10-01'),
(4022, 2001, 'valid', 1, '17:40:08', '2021-10-01'),
(4023, 1010, 'valid', 1, '18:31:32', '2021-10-01'),
(4024, 1010, 'valid', 1, '18:31:33', '2021-10-01'),
(4025, 200, 'valid', 1, '18:32:26', '2021-10-01'),
(4026, 502, 'valid', 1, '18:32:41', '2021-10-01'),
(4027, 502, 'valid', 1, '18:32:42', '2021-10-01'),
(4028, 1000, 'valid', 1, '18:48:09', '2021-10-01'),
(4029, 1000, 'valid', 1, '18:48:10', '2021-10-01'),
(4030, 2013, 'valid', 1, '20:08:20', '2021-10-01'),
(4031, 2013, 'valid', 1, '20:08:22', '2021-10-01'),
(4032, 1009, 'valid', 1, '20:09:15', '2021-10-01'),
(4033, 100, 'valid', 1, '08:45:26', '2021-10-02'),
(4034, 100, 'valid', 1, '08:45:27', '2021-10-02'),
(4035, 504, 'valid', 1, '08:45:44', '2021-10-02'),
(4036, 504, 'valid', 1, '08:45:45', '2021-10-02'),
(4037, 2009, 'valid', 1, '08:47:23', '2021-10-02'),
(4038, 2009, 'valid', 1, '08:47:24', '2021-10-02'),
(4039, 2009, 'valid', 1, '08:47:25', '2021-10-02'),
(4040, 102, 'valid', 1, '08:56:39', '2021-10-02'),
(4041, 102, 'valid', 1, '08:56:40', '2021-10-02'),
(4042, 102, 'valid', 1, '08:56:41', '2021-10-02'),
(4043, 102, 'valid', 1, '08:56:42', '2021-10-02'),
(4044, 1000, 'valid', 1, '08:57:11', '2021-10-02'),
(4045, 102, 'valid', 1, '08:57:20', '2021-10-02'),
(4046, 102, 'valid', 1, '08:57:22', '2021-10-02'),
(4047, 1008, 'valid', 1, '08:57:34', '2021-10-02'),
(4048, 1008, 'valid', 1, '08:57:35', '2021-10-02');
INSERT INTO `emp_machine_thumbs` (`id`, `emp_id`, `status`, `location`, `time`, `date`) VALUES
(4049, 102, 'valid', 1, '08:57:51', '2021-10-02'),
(4050, 102, 'valid', 1, '08:57:55', '2021-10-02'),
(4051, 2002, 'valid', 1, '08:58:47', '2021-10-02'),
(4052, 2002, 'valid', 1, '08:58:48', '2021-10-02'),
(4053, 1006, 'valid', 1, '08:58:58', '2021-10-02'),
(4054, 1006, 'valid', 1, '08:58:59', '2021-10-02'),
(4055, 1006, 'valid', 1, '08:59:00', '2021-10-02'),
(4056, 101, 'valid', 1, '09:05:08', '2021-10-02'),
(4057, 101, 'valid', 1, '09:05:09', '2021-10-02'),
(4058, 2006, 'valid', 1, '09:10:16', '2021-10-02'),
(4059, 2008, 'valid', 1, '09:10:52', '2021-10-02'),
(4060, 2012, 'valid', 1, '09:10:58', '2021-10-02'),
(4061, 1002, 'valid', 1, '09:12:14', '2021-10-02'),
(4062, 2003, 'valid', 1, '09:14:03', '2021-10-02'),
(4063, 2003, 'valid', 1, '09:14:04', '2021-10-02'),
(4064, 2007, 'valid', 1, '09:14:16', '2021-10-02'),
(4065, 2007, 'valid', 1, '09:14:17', '2021-10-02'),
(4066, 2001, 'valid', 1, '09:19:39', '2021-10-02'),
(4067, 1001, 'valid', 1, '09:19:51', '2021-10-02'),
(4068, 1003, 'valid', 1, '09:21:32', '2021-10-02'),
(4069, 1003, 'valid', 1, '09:21:33', '2021-10-02'),
(4070, 2010, 'valid', 1, '09:50:58', '2021-10-02'),
(4071, 2010, 'valid', 1, '09:50:59', '2021-10-02'),
(4072, 2010, 'valid', 1, '09:51:00', '2021-10-02'),
(4073, 200, 'valid', 1, '10:09:49', '2021-10-02'),
(4074, 2000, 'valid', 1, '10:15:02', '2021-10-02'),
(4075, 2000, 'valid', 1, '10:15:11', '2021-10-02'),
(4076, 2004, 'valid', 1, '10:15:46', '2021-10-02'),
(4077, 2004, 'valid', 1, '10:15:48', '2021-10-02'),
(4078, 2008, 'valid', 1, '10:16:02', '2021-10-02'),
(4079, 2008, 'valid', 1, '10:16:03', '2021-10-02'),
(4080, 502, 'valid', 1, '10:20:27', '2021-10-02'),
(4081, 502, 'valid', 1, '10:20:29', '2021-10-02'),
(4082, 1010, 'valid', 1, '11:01:02', '2021-10-02'),
(4083, 2013, 'valid', 1, '11:25:05', '2021-10-02'),
(4084, 2013, 'valid', 1, '11:25:06', '2021-10-02'),
(4085, 1004, 'valid', 1, '12:40:12', '2021-10-02'),
(4086, 1004, 'valid', 1, '12:40:13', '2021-10-02'),
(4087, 100, 'valid', 1, '13:02:59', '2021-10-02'),
(4088, 102, 'valid', 1, '13:03:45', '2021-10-02'),
(4089, 102, 'valid', 1, '13:03:46', '2021-10-02'),
(4090, 102, 'valid', 1, '13:03:48', '2021-10-02'),
(4091, 102, 'valid', 1, '13:04:13', '2021-10-02'),
(4092, 102, 'valid', 1, '13:04:15', '2021-10-02'),
(4093, 102, 'valid', 1, '13:04:16', '2021-10-02'),
(4094, 1001, 'valid', 1, '13:04:37', '2021-10-02'),
(4095, 1001, 'valid', 1, '13:04:38', '2021-10-02'),
(4096, 504, 'valid', 1, '13:05:46', '2021-10-02'),
(4097, 2002, 'valid', 1, '13:06:16', '2021-10-02'),
(4098, 1003, 'valid', 1, '13:06:39', '2021-10-02'),
(4099, 2003, 'valid', 1, '13:07:16', '2021-10-02'),
(4100, 2003, 'valid', 1, '13:07:17', '2021-10-02'),
(4101, 1000, 'valid', 1, '13:07:39', '2021-10-02'),
(4102, 1000, 'valid', 1, '13:07:40', '2021-10-02'),
(4103, 2009, 'valid', 1, '13:20:58', '2021-10-02'),
(4104, 2009, 'valid', 1, '13:21:05', '2021-10-02'),
(4105, 2009, 'valid', 1, '13:21:06', '2021-10-02'),
(4106, 2009, 'valid', 1, '13:21:07', '2021-10-02'),
(4107, 2008, 'valid', 1, '13:24:39', '2021-10-02'),
(4108, 2008, 'valid', 1, '13:24:40', '2021-10-02'),
(4109, 1008, 'valid', 1, '13:32:27', '2021-10-02'),
(4110, 1008, 'valid', 1, '13:32:28', '2021-10-02'),
(4111, 2007, 'valid', 1, '13:38:58', '2021-10-02'),
(4112, 2007, 'valid', 1, '13:38:59', '2021-10-02'),
(4113, 2004, 'valid', 1, '13:39:23', '2021-10-02'),
(4114, 2004, 'valid', 1, '13:39:24', '2021-10-02'),
(4115, 1006, 'valid', 1, '13:47:27', '2021-10-02'),
(4116, 1006, 'valid', 1, '13:47:28', '2021-10-02'),
(4117, 1006, 'valid', 1, '13:47:29', '2021-10-02'),
(4118, 2006, 'valid', 1, '13:53:53', '2021-10-02'),
(4119, 2006, 'valid', 1, '13:54:10', '2021-10-02'),
(4120, 101, 'valid', 1, '14:05:40', '2021-10-02'),
(4121, 101, 'valid', 1, '14:05:41', '2021-10-02'),
(4122, 101, 'valid', 1, '14:05:42', '2021-10-02'),
(4123, 2001, 'valid', 1, '14:10:16', '2021-10-02'),
(4124, 2001, 'valid', 1, '14:10:17', '2021-10-02'),
(4125, 1002, 'valid', 1, '14:13:02', '2021-10-02'),
(4126, 200, 'valid', 1, '14:14:29', '2021-10-02'),
(4127, 502, 'valid', 1, '14:17:45', '2021-10-02'),
(4128, 502, 'valid', 1, '14:17:47', '2021-10-02'),
(4129, 1010, 'valid', 1, '14:46:59', '2021-10-02'),
(4130, 1008, 'valid', 1, '15:17:15', '2021-10-02'),
(4131, 1008, 'valid', 1, '15:17:43', '2021-10-02'),
(4132, 2013, 'valid', 1, '15:22:57', '2021-10-02'),
(4133, 2013, 'valid', 1, '15:22:58', '2021-10-02'),
(4134, 1009, 'valid', 1, '16:12:16', '2021-10-02'),
(4135, 1009, 'valid', 1, '16:12:17', '2021-10-02'),
(4136, 1008, 'valid', 1, '19:25:55', '2021-10-02'),
(4137, 1008, 'valid', 1, '19:25:56', '2021-10-02'),
(4138, 2000, 'valid', 1, '20:13:53', '2021-10-02'),
(4139, 2000, 'valid', 1, '20:13:54', '2021-10-02'),
(4140, 1009, 'valid', 1, '20:43:41', '2021-10-02'),
(4141, 1009, 'valid', 1, '20:43:42', '2021-10-02'),
(4142, 2002, 'valid', 1, '09:52:22', '2021-10-04'),
(4143, 1001, 'valid', 1, '09:52:23', '2021-10-04'),
(4144, 504, 'valid', 1, '09:53:00', '2021-10-04'),
(4145, 504, 'valid', 1, '09:53:18', '2021-10-04'),
(4146, 504, 'valid', 1, '09:53:19', '2021-10-04'),
(4147, 500, 'valid', 1, '09:54:09', '2021-10-04'),
(4148, 500, 'valid', 1, '09:54:19', '2021-10-04'),
(4149, 2010, 'valid', 1, '10:00:55', '2021-10-04'),
(4150, 2010, 'valid', 1, '10:00:56', '2021-10-04'),
(4151, 502, 'valid', 1, '10:10:57', '2021-10-04'),
(4152, 503, 'valid', 1, '10:11:23', '2021-10-04'),
(4153, 503, 'valid', 1, '10:11:24', '2021-10-04'),
(4154, 2000, 'valid', 1, '10:13:40', '2021-10-04'),
(4155, 2000, 'valid', 1, '10:13:41', '2021-10-04'),
(4156, 200, 'valid', 1, '10:39:01', '2021-10-04'),
(4157, 200, 'valid', 1, '10:39:02', '2021-10-04'),
(4158, 200, 'valid', 1, '10:39:03', '2021-10-04'),
(4159, 200, 'valid', 1, '10:39:05', '2021-10-04'),
(4160, 2013, 'valid', 1, '10:56:02', '2021-10-04'),
(4161, 1010, 'valid', 1, '10:56:15', '2021-10-04'),
(4162, 1010, 'valid', 1, '10:56:16', '2021-10-04'),
(4163, 500, 'valid', 1, '11:26:49', '2021-10-04'),
(4164, 1011, 'valid', 1, '11:27:31', '2021-10-04'),
(4165, 1011, 'valid', 1, '11:27:32', '2021-10-04'),
(4166, 1011, 'valid', 1, '11:27:33', '2021-10-04'),
(4167, 2009, 'valid', 1, '13:01:25', '2021-10-04'),
(4168, 2009, 'valid', 1, '13:01:27', '2021-10-04'),
(4169, 2009, 'valid', 1, '13:01:28', '2021-10-04'),
(4170, 2009, 'valid', 1, '13:01:29', '2021-10-04'),
(4171, 2009, 'valid', 1, '13:01:45', '2021-10-04'),
(4172, 2009, 'valid', 1, '13:01:46', '2021-10-04'),
(4173, 2009, 'valid', 1, '13:02:24', '2021-10-04'),
(4174, 2009, 'valid', 1, '13:02:25', '2021-10-04'),
(4175, 2009, 'valid', 1, '13:02:26', '2021-10-04'),
(4176, 2009, 'valid', 1, '13:02:27', '2021-10-04'),
(4177, 2009, 'valid', 1, '13:02:40', '2021-10-04'),
(4178, 2009, 'valid', 1, '13:02:41', '2021-10-04'),
(4179, 2009, 'valid', 1, '13:02:44', '2021-10-04'),
(4180, 1001, 'valid', 1, '13:03:12', '2021-10-04'),
(4181, 1001, 'valid', 1, '13:03:25', '2021-10-04'),
(4182, 504, 'valid', 1, '13:05:13', '2021-10-04'),
(4183, 504, 'valid', 1, '13:05:14', '2021-10-04'),
(4184, 1003, 'valid', 1, '13:05:43', '2021-10-04'),
(4185, 1003, 'valid', 1, '13:05:44', '2021-10-04'),
(4186, 2010, 'valid', 1, '13:07:53', '2021-10-04'),
(4187, 2010, 'valid', 1, '13:07:54', '2021-10-04'),
(4188, 2010, 'valid', 1, '13:07:55', '2021-10-04'),
(4189, 2003, 'valid', 1, '13:14:18', '2021-10-04'),
(4190, 2003, 'valid', 1, '13:14:34', '2021-10-04'),
(4191, 503, 'valid', 1, '13:14:54', '2021-10-04'),
(4192, 500, 'valid', 1, '13:18:09', '2021-10-04'),
(4193, 1000, 'valid', 1, '13:19:14', '2021-10-04'),
(4194, 502, 'valid', 1, '13:20:34', '2021-10-04'),
(4195, 502, 'valid', 1, '13:20:35', '2021-10-04'),
(4196, 100, 'valid', 1, '13:22:08', '2021-10-04'),
(4197, 200, 'valid', 1, '13:23:09', '2021-10-04'),
(4198, 504, 'valid', 1, '13:25:13', '2021-10-04'),
(4199, 504, 'valid', 1, '13:25:14', '2021-10-04'),
(4200, 102, 'valid', 1, '13:25:42', '2021-10-04'),
(4201, 102, 'valid', 1, '13:25:44', '2021-10-04'),
(4202, 2010, 'valid', 1, '13:26:00', '2021-10-04'),
(4203, 2010, 'valid', 1, '13:26:02', '2021-10-04'),
(4204, 2003, 'valid', 1, '13:27:53', '2021-10-04'),
(4205, 1001, 'valid', 1, '13:30:33', '2021-10-04'),
(4206, 2006, 'valid', 1, '13:30:46', '2021-10-04'),
(4207, 2004, 'valid', 1, '13:31:29', '2021-10-04'),
(4208, 2004, 'valid', 1, '13:31:55', '2021-10-04'),
(4209, 2004, 'valid', 1, '13:31:56', '2021-10-04'),
(4210, 1003, 'valid', 1, '13:32:09', '2021-10-04'),
(4211, 1003, 'valid', 1, '13:32:19', '2021-10-04'),
(4212, 1003, 'valid', 1, '13:32:20', '2021-10-04'),
(4213, 1003, 'valid', 1, '13:32:31', '2021-10-04'),
(4214, 1003, 'valid', 1, '13:32:32', '2021-10-04'),
(4215, 101, 'valid', 1, '13:33:47', '2021-10-04'),
(4216, 101, 'valid', 1, '13:33:48', '2021-10-04'),
(4217, 101, 'valid', 1, '13:33:57', '2021-10-04'),
(4218, 101, 'valid', 1, '13:33:58', '2021-10-04'),
(4219, 2009, 'valid', 1, '13:35:06', '2021-10-04'),
(4220, 500, 'valid', 1, '13:35:22', '2021-10-04'),
(4221, 502, 'valid', 1, '13:37:00', '2021-10-04'),
(4222, 502, 'valid', 1, '13:37:02', '2021-10-04'),
(4223, 502, 'valid', 1, '13:37:04', '2021-10-04'),
(4224, 502, 'valid', 1, '13:37:05', '2021-10-04'),
(4225, 200, 'valid', 1, '13:37:13', '2021-10-04'),
(4226, 200, 'valid', 1, '13:37:29', '2021-10-04'),
(4227, 1002, 'valid', 1, '13:39:44', '2021-10-04'),
(4228, 1002, 'valid', 1, '13:39:45', '2021-10-04'),
(4229, 1002, 'valid', 1, '13:39:46', '2021-10-04'),
(4230, 1002, 'valid', 1, '13:40:04', '2021-10-04'),
(4231, 1002, 'valid', 1, '13:40:05', '2021-10-04'),
(4232, 2001, 'valid', 1, '13:44:06', '2021-10-04'),
(4233, 2001, 'valid', 1, '13:44:09', '2021-10-04'),
(4234, 2001, 'valid', 1, '13:44:26', '2021-10-04'),
(4235, 2001, 'valid', 1, '13:44:27', '2021-10-04'),
(4236, 2013, 'valid', 1, '13:45:40', '2021-10-04'),
(4237, 2013, 'valid', 1, '13:45:41', '2021-10-04'),
(4238, 102, 'valid', 1, '13:49:23', '2021-10-04'),
(4239, 102, 'valid', 1, '13:49:27', '2021-10-04'),
(4240, 102, 'valid', 1, '13:49:31', '2021-10-04'),
(4241, 102, 'valid', 1, '13:49:32', '2021-10-04'),
(4242, 102, 'valid', 1, '13:49:50', '2021-10-04'),
(4243, 102, 'valid', 1, '13:49:52', '2021-10-04'),
(4244, 102, 'valid', 1, '13:49:53', '2021-10-04'),
(4245, 102, 'valid', 1, '13:49:54', '2021-10-04'),
(4246, 102, 'valid', 1, '13:50:18', '2021-10-04'),
(4247, 102, 'valid', 1, '13:50:29', '2021-10-04'),
(4248, 1000, 'valid', 1, '13:50:30', '2021-10-04'),
(4249, 1000, 'valid', 1, '13:50:33', '2021-10-04'),
(4250, 1000, 'valid', 1, '13:50:45', '2021-10-04'),
(4251, 1000, 'valid', 1, '13:50:47', '2021-10-04'),
(4252, 100, 'valid', 1, '13:50:52', '2021-10-04'),
(4253, 1000, 'valid', 1, '13:51:10', '2021-10-04'),
(4254, 1000, 'valid', 1, '13:51:11', '2021-10-04'),
(4255, 1000, 'valid', 1, '13:51:12', '2021-10-04'),
(4256, 1000, 'valid', 1, '13:51:13', '2021-10-04'),
(4257, 1000, 'valid', 1, '13:51:14', '2021-10-04'),
(4258, 101, 'valid', 1, '13:51:32', '2021-10-04'),
(4259, 101, 'valid', 1, '13:51:33', '2021-10-04'),
(4260, 1000, 'valid', 1, '13:51:57', '2021-10-04'),
(4261, 1000, 'valid', 1, '13:51:58', '2021-10-04'),
(4262, 100, 'valid', 1, '13:52:28', '2021-10-04'),
(4263, 100, 'valid', 1, '13:53:00', '2021-10-04'),
(4264, 100, 'valid', 1, '13:53:01', '2021-10-04'),
(4265, 100, 'valid', 1, '13:53:30', '2021-10-04'),
(4266, 100, 'valid', 1, '13:53:31', '2021-10-04'),
(4267, 2013, 'valid', 1, '14:01:12', '2021-10-04'),
(4268, 2013, 'valid', 1, '14:01:13', '2021-10-04'),
(4269, 2013, 'valid', 1, '14:01:41', '2021-10-04'),
(4270, 2013, 'valid', 1, '14:01:43', '2021-10-04'),
(4271, 2013, 'valid', 1, '14:02:30', '2021-10-04'),
(4272, 2001, 'valid', 1, '14:03:22', '2021-10-04'),
(4273, 2001, 'valid', 1, '14:03:24', '2021-10-04'),
(4274, 2013, 'valid', 1, '14:04:27', '2021-10-04'),
(4275, 2001, 'valid', 1, '14:04:58', '2021-10-04'),
(4276, 2001, 'valid', 1, '14:04:59', '2021-10-04'),
(4277, 1002, 'valid', 1, '14:05:10', '2021-10-04'),
(4278, 1002, 'valid', 1, '14:05:11', '2021-10-04'),
(4279, 503, 'valid', 1, '14:05:24', '2021-10-04'),
(4280, 1008, 'valid', 1, '14:10:58', '2021-10-04'),
(4281, 1008, 'valid', 1, '14:11:29', '2021-10-04'),
(4282, 1008, 'valid', 1, '14:11:30', '2021-10-04'),
(4283, 1008, 'valid', 1, '14:11:31', '2021-10-04'),
(4284, 1004, 'valid', 1, '15:08:21', '2021-10-04'),
(4285, 1004, 'valid', 1, '15:08:22', '2021-10-04'),
(4286, 1004, 'valid', 1, '15:08:47', '2021-10-04'),
(4287, 1008, 'valid', 1, '15:11:55', '2021-10-04'),
(4288, 1008, 'valid', 1, '15:11:56', '2021-10-04'),
(4289, 1008, 'valid', 1, '15:11:57', '2021-10-04'),
(4290, 1008, 'valid', 1, '15:11:58', '2021-10-04'),
(4291, 1009, 'valid', 1, '15:55:04', '2021-10-04'),
(4292, 1009, 'valid', 1, '15:55:05', '2021-10-04'),
(4293, 2009, 'valid', 1, '16:55:32', '2021-10-04'),
(4294, 2010, 'valid', 1, '17:03:44', '2021-10-04'),
(4295, 2010, 'valid', 1, '17:03:45', '2021-10-04'),
(4296, 504, 'valid', 1, '17:05:39', '2021-10-04'),
(4297, 504, 'valid', 1, '17:05:41', '2021-10-04'),
(4298, 1007, 'valid', 1, '17:07:26', '2021-10-04'),
(4299, 1007, 'valid', 1, '17:07:27', '2021-10-04'),
(4300, 1007, 'valid', 1, '17:07:42', '2021-10-04'),
(4301, 1007, 'valid', 1, '17:07:43', '2021-10-04'),
(4302, 2003, 'valid', 1, '17:07:52', '2021-10-04'),
(4303, 2003, 'valid', 1, '17:07:53', '2021-10-04'),
(4304, 102, 'valid', 1, '17:12:35', '2021-10-04'),
(4305, 102, 'valid', 1, '17:12:38', '2021-10-04'),
(4306, 102, 'valid', 1, '17:12:39', '2021-10-04'),
(4307, 1001, 'valid', 1, '17:13:23', '2021-10-04'),
(4308, 2004, 'valid', 1, '17:15:24', '2021-10-04'),
(4309, 2004, 'valid', 1, '17:15:25', '2021-10-04'),
(4310, 2002, 'valid', 1, '17:16:22', '2021-10-04'),
(4311, 2002, 'valid', 1, '17:16:23', '2021-10-04'),
(4312, 2008, 'valid', 1, '17:16:42', '2021-10-04'),
(4313, 2008, 'valid', 1, '17:16:43', '2021-10-04'),
(4314, 1003, 'valid', 1, '17:20:25', '2021-10-04'),
(4315, 1006, 'valid', 1, '17:21:35', '2021-10-04'),
(4316, 1006, 'valid', 1, '17:21:39', '2021-10-04'),
(4317, 1006, 'valid', 1, '17:21:40', '2021-10-04'),
(4318, 1006, 'valid', 1, '17:21:42', '2021-10-04'),
(4319, 100, 'valid', 1, '17:42:36', '2021-10-04'),
(4320, 100, 'valid', 1, '17:42:40', '2021-10-04'),
(4321, 503, 'valid', 1, '18:03:24', '2021-10-04'),
(4322, 101, 'valid', 1, '18:05:36', '2021-10-04'),
(4323, 101, 'valid', 1, '18:05:37', '2021-10-04'),
(4324, 101, 'valid', 1, '18:05:38', '2021-10-04'),
(4325, 500, 'valid', 1, '18:07:18', '2021-10-04'),
(4326, 500, 'valid', 1, '18:07:19', '2021-10-04'),
(4327, 2001, 'valid', 1, '18:12:01', '2021-10-04'),
(4328, 2001, 'valid', 1, '18:12:02', '2021-10-04'),
(4329, 1002, 'valid', 1, '18:16:03', '2021-10-04'),
(4330, 1002, 'valid', 1, '18:16:04', '2021-10-04'),
(4331, 1000, 'valid', 1, '18:26:15', '2021-10-04'),
(4332, 1000, 'valid', 1, '18:26:16', '2021-10-04'),
(4333, 502, 'valid', 1, '18:37:41', '2021-10-04'),
(4334, 502, 'valid', 1, '18:37:42', '2021-10-04'),
(4335, 200, 'valid', 1, '18:55:32', '2021-10-04'),
(4336, 1004, 'valid', 1, '19:07:25', '2021-10-04'),
(4337, 1004, 'valid', 1, '19:07:26', '2021-10-04'),
(4338, 2013, 'valid', 1, '19:20:39', '2021-10-04'),
(4339, 1008, 'valid', 1, '19:29:43', '2021-10-04'),
(4340, 1008, 'valid', 1, '19:29:45', '2021-10-04'),
(4341, 1010, 'valid', 1, '19:54:25', '2021-10-04'),
(4342, 1010, 'valid', 1, '19:54:48', '2021-10-04'),
(4343, 2000, 'valid', 1, '20:29:46', '2021-10-04'),
(4344, 2000, 'valid', 1, '20:29:48', '2021-10-04'),
(4345, 1009, 'valid', 1, '20:40:10', '2021-10-04'),
(4346, 1009, 'valid', 1, '20:40:36', '2021-10-04'),
(4347, 1009, 'valid', 1, '20:40:37', '2021-10-04'),
(4348, 1009, 'valid', 1, '20:41:01', '2021-10-04'),
(4349, 1009, 'valid', 1, '20:41:02', '2021-10-04'),
(4350, 1011, 'valid', 1, '20:41:46', '2021-10-04'),
(4351, 1011, 'valid', 1, '20:41:48', '2021-10-04'),
(4352, 1011, 'valid', 1, '20:42:34', '2021-10-04'),
(4353, 1011, 'valid', 1, '20:42:35', '2021-10-04'),
(4354, 100, 'valid', 1, '08:44:08', '2021-10-05'),
(4355, 100, 'valid', 1, '08:44:09', '2021-10-05'),
(4356, 504, 'valid', 1, '08:44:35', '2021-10-05'),
(4357, 504, 'valid', 1, '08:44:36', '2021-10-05'),
(4358, 1008, 'valid', 1, '08:52:22', '2021-10-05'),
(4359, 1008, 'valid', 1, '08:52:23', '2021-10-05'),
(4360, 1008, 'valid', 1, '08:52:24', '2021-10-05'),
(4361, 1008, 'valid', 1, '08:53:55', '2021-10-05'),
(4362, 1008, 'valid', 1, '08:53:56', '2021-10-05'),
(4363, 101, 'valid', 1, '08:55:40', '2021-10-05'),
(4364, 101, 'valid', 1, '08:55:41', '2021-10-05'),
(4365, 1007, 'valid', 1, '08:56:09', '2021-10-05'),
(4366, 1007, 'valid', 1, '08:56:10', '2021-10-05'),
(4367, 101, 'valid', 1, '08:58:47', '2021-10-05'),
(4368, 101, 'valid', 1, '08:58:48', '2021-10-05'),
(4369, 1007, 'valid', 1, '08:58:53', '2021-10-05'),
(4370, 1007, 'valid', 1, '08:58:54', '2021-10-05'),
(4371, 1008, 'valid', 1, '08:59:09', '2021-10-05'),
(4372, 1008, 'valid', 1, '08:59:38', '2021-10-05'),
(4373, 1008, 'valid', 1, '08:59:38', '2021-10-05'),
(4374, 1008, 'valid', 1, '08:59:40', '2021-10-05'),
(4375, 1001, 'valid', 1, '09:01:04', '2021-10-05'),
(4376, 1001, 'valid', 1, '09:02:04', '2021-10-05'),
(4377, 1000, 'valid', 1, '09:02:17', '2021-10-05'),
(4378, 1000, 'valid', 1, '09:02:18', '2021-10-05'),
(4379, 2009, 'valid', 1, '09:02:23', '2021-10-05'),
(4380, 2009, 'valid', 1, '09:02:25', '2021-10-05'),
(4381, 2009, 'valid', 1, '09:02:44', '2021-10-05'),
(4382, 1008, 'valid', 1, '09:02:53', '2021-10-05'),
(4383, 1008, 'valid', 1, '09:02:54', '2021-10-05'),
(4384, 2004, 'valid', 1, '09:03:05', '2021-10-05'),
(4385, 1006, 'valid', 1, '09:06:40', '2021-10-05'),
(4386, 1006, 'valid', 1, '09:06:41', '2021-10-05'),
(4387, 1006, 'valid', 1, '09:07:03', '2021-10-05'),
(4388, 1006, 'valid', 1, '09:07:04', '2021-10-05'),
(4389, 1006, 'valid', 1, '09:07:05', '2021-10-05'),
(4390, 2006, 'valid', 1, '09:08:41', '2021-10-05'),
(4391, 2006, 'valid', 1, '09:08:45', '2021-10-05'),
(4392, 1002, 'valid', 1, '09:09:38', '2021-10-05'),
(4393, 2008, 'valid', 1, '09:15:18', '2021-10-05'),
(4394, 2008, 'valid', 1, '09:15:19', '2021-10-05'),
(4395, 2012, 'valid', 1, '09:15:30', '2021-10-05'),
(4396, 2012, 'valid', 1, '09:15:31', '2021-10-05'),
(4397, 2003, 'valid', 1, '09:16:41', '2021-10-05'),
(4398, 2003, 'valid', 1, '09:16:42', '2021-10-05'),
(4399, 1003, 'valid', 1, '09:17:47', '2021-10-05'),
(4400, 2001, 'valid', 1, '09:24:54', '2021-10-05'),
(4401, 2001, 'valid', 1, '09:24:55', '2021-10-05'),
(4402, 102, 'valid', 1, '09:28:48', '2021-10-05'),
(4403, 102, 'valid', 1, '09:29:10', '2021-10-05'),
(4404, 2002, 'valid', 1, '09:29:55', '2021-10-05'),
(4405, 2002, 'valid', 1, '09:29:56', '2021-10-05'),
(4406, 2010, 'valid', 1, '09:48:58', '2021-10-05'),
(4407, 2010, 'valid', 1, '09:48:59', '2021-10-05'),
(4408, 2010, 'valid', 1, '09:49:01', '2021-10-05'),
(4409, 500, 'valid', 1, '09:59:02', '2021-10-05'),
(4410, 200, 'valid', 1, '10:00:09', '2021-10-05'),
(4411, 503, 'valid', 1, '10:05:39', '2021-10-05'),
(4412, 2007, 'valid', 1, '10:13:44', '2021-10-05'),
(4413, 502, 'valid', 1, '10:16:58', '2021-10-05'),
(4414, 502, 'valid', 1, '10:16:59', '2021-10-05'),
(4415, 502, 'valid', 1, '10:17:00', '2021-10-05'),
(4416, 502, 'valid', 1, '10:17:15', '2021-10-05'),
(4417, 502, 'valid', 1, '10:17:16', '2021-10-05'),
(4418, 502, 'valid', 1, '10:17:17', '2021-10-05'),
(4419, 2007, 'valid', 1, '10:17:35', '2021-10-05'),
(4420, 2007, 'valid', 1, '10:17:36', '2021-10-05'),
(4421, 500, 'valid', 1, '10:52:44', '2021-10-05'),
(4422, 2000, 'valid', 1, '10:53:21', '2021-10-05'),
(4423, 2000, 'valid', 1, '10:53:22', '2021-10-05'),
(4424, 1010, 'valid', 1, '10:54:55', '2021-10-05'),
(4425, 1010, 'valid', 1, '10:54:56', '2021-10-05'),
(4426, 2013, 'valid', 1, '11:05:47', '2021-10-05'),
(4427, 2013, 'valid', 1, '11:05:48', '2021-10-05'),
(4428, 2013, 'valid', 1, '11:05:59', '2021-10-05'),
(4429, 2013, 'valid', 1, '11:06:00', '2021-10-05'),
(4430, 2013, 'valid', 1, '11:07:02', '2021-10-05'),
(4431, 1004, 'valid', 1, '11:26:09', '2021-10-05'),
(4432, 1004, 'valid', 1, '11:26:10', '2021-10-05'),
(4433, 2004, 'valid', 1, '13:00:46', '2021-10-05'),
(4434, 2004, 'valid', 1, '13:00:47', '2021-10-05'),
(4435, 504, 'valid', 1, '13:01:34', '2021-10-05'),
(4436, 504, 'valid', 1, '13:01:35', '2021-10-05'),
(4437, 2009, 'valid', 1, '13:01:45', '2021-10-05'),
(4438, 2009, 'valid', 1, '13:01:46', '2021-10-05'),
(4439, 2009, 'valid', 1, '13:01:47', '2021-10-05'),
(4440, 504, 'valid', 1, '13:02:05', '2021-10-05'),
(4441, 2002, 'valid', 1, '13:02:18', '2021-10-05'),
(4442, 1001, 'valid', 1, '13:02:29', '2021-10-05'),
(4443, 1001, 'valid', 1, '13:02:30', '2021-10-05'),
(4444, 1003, 'valid', 1, '13:03:28', '2021-10-05'),
(4445, 2010, 'valid', 1, '13:06:41', '2021-10-05'),
(4446, 2010, 'valid', 1, '13:06:42', '2021-10-05'),
(4447, 2003, 'valid', 1, '13:08:22', '2021-10-05'),
(4448, 2003, 'valid', 1, '13:08:24', '2021-10-05'),
(4449, 503, 'valid', 1, '13:09:52', '2021-10-05'),
(4450, 502, 'valid', 1, '13:13:04', '2021-10-05'),
(4451, 502, 'valid', 1, '13:13:05', '2021-10-05'),
(4452, 1000, 'valid', 1, '13:18:36', '2021-10-05'),
(4453, 500, 'valid', 1, '13:18:50', '2021-10-05'),
(4454, 504, 'valid', 1, '13:22:07', '2021-10-05'),
(4455, 2012, 'valid', 1, '13:23:22', '2021-10-05'),
(4456, 1001, 'valid', 1, '13:25:01', '2021-10-05'),
(4457, 200, 'valid', 1, '13:26:49', '2021-10-05'),
(4458, 102, 'valid', 1, '13:27:00', '2021-10-05'),
(4459, 102, 'valid', 1, '13:27:01', '2021-10-05'),
(4460, 2009, 'valid', 1, '13:28:22', '2021-10-05'),
(4461, 2009, 'valid', 1, '13:28:23', '2021-10-05'),
(4462, 101, 'valid', 1, '13:30:55', '2021-10-05'),
(4463, 101, 'valid', 1, '13:30:56', '2021-10-05'),
(4464, 1008, 'valid', 1, '13:31:02', '2021-10-05'),
(4465, 1008, 'valid', 1, '13:31:03', '2021-10-05'),
(4466, 2010, 'valid', 1, '13:31:08', '2021-10-05'),
(4467, 2010, 'valid', 1, '13:31:09', '2021-10-05'),
(4468, 2010, 'valid', 1, '13:31:20', '2021-10-05'),
(4469, 2010, 'valid', 1, '13:31:21', '2021-10-05'),
(4470, 2010, 'valid', 1, '13:31:35', '2021-10-05'),
(4471, 2010, 'valid', 1, '13:31:36', '2021-10-05'),
(4472, 2001, 'valid', 1, '13:32:04', '2021-10-05'),
(4473, 2003, 'valid', 1, '13:32:16', '2021-10-05'),
(4474, 2003, 'valid', 1, '13:32:17', '2021-10-05'),
(4475, 1002, 'valid', 1, '13:32:38', '2021-10-05'),
(4476, 2013, 'valid', 1, '13:33:08', '2021-10-05'),
(4477, 2013, 'valid', 1, '13:33:10', '2021-10-05'),
(4478, 503, 'valid', 1, '13:33:57', '2021-10-05'),
(4479, 2006, 'valid', 1, '13:34:16', '2021-10-05'),
(4480, 2006, 'valid', 1, '13:34:18', '2021-10-05'),
(4481, 1000, 'valid', 1, '13:35:10', '2021-10-05'),
(4482, 1000, 'valid', 1, '13:35:11', '2021-10-05'),
(4483, 500, 'valid', 1, '13:36:52', '2021-10-05'),
(4484, 500, 'valid', 1, '13:36:53', '2021-10-05'),
(4485, 502, 'valid', 1, '13:38:41', '2021-10-05'),
(4486, 502, 'valid', 1, '13:38:42', '2021-10-05'),
(4487, 2012, 'valid', 1, '13:40:08', '2021-10-05'),
(4488, 2012, 'valid', 1, '13:40:09', '2021-10-05'),
(4489, 100, 'valid', 1, '13:46:09', '2021-10-05'),
(4490, 100, 'valid', 1, '13:46:10', '2021-10-05'),
(4491, 200, 'valid', 1, '13:46:28', '2021-10-05'),
(4492, 102, 'valid', 1, '13:47:55', '2021-10-05'),
(4493, 102, 'valid', 1, '13:47:56', '2021-10-05'),
(4494, 102, 'valid', 1, '13:48:20', '2021-10-05'),
(4495, 102, 'valid', 1, '13:48:22', '2021-10-05'),
(4496, 101, 'valid', 1, '13:49:02', '2021-10-05'),
(4497, 101, 'valid', 1, '13:49:03', '2021-10-05'),
(4498, 2004, 'valid', 1, '13:49:28', '2021-10-05'),
(4499, 2004, 'valid', 1, '13:49:29', '2021-10-05'),
(4500, 2013, 'valid', 1, '13:58:07', '2021-10-05'),
(4501, 2006, 'valid', 1, '13:58:32', '2021-10-05'),
(4502, 1002, 'valid', 1, '13:59:35', '2021-10-05'),
(4503, 1002, 'valid', 1, '13:59:36', '2021-10-05'),
(4504, 2001, 'valid', 1, '13:59:40', '2021-10-05'),
(4505, 2001, 'valid', 1, '13:59:41', '2021-10-05'),
(4506, 1008, 'valid', 1, '14:03:20', '2021-10-05'),
(4507, 1008, 'valid', 1, '14:03:23', '2021-10-05'),
(4508, 100, 'valid', 1, '14:05:22', '2021-10-05'),
(4509, 100, 'valid', 1, '14:05:23', '2021-10-05'),
(4510, 2002, 'valid', 1, '14:05:57', '2021-10-05'),
(4511, 1011, 'valid', 1, '15:09:05', '2021-10-05'),
(4512, 1011, 'valid', 1, '15:09:39', '2021-10-05'),
(4513, 1011, 'valid', 1, '15:09:40', '2021-10-05'),
(4514, 1011, 'valid', 1, '15:10:12', '2021-10-05'),
(4515, 1011, 'valid', 1, '15:10:13', '2021-10-05'),
(4516, 1009, 'valid', 1, '15:48:58', '2021-10-05'),
(4517, 1009, 'valid', 1, '15:49:00', '2021-10-05'),
(4518, 2008, 'valid', 1, '17:01:02', '2021-10-05'),
(4519, 2008, 'valid', 1, '17:01:03', '2021-10-05'),
(4520, 2007, 'valid', 1, '17:01:26', '2021-10-05'),
(4521, 2007, 'valid', 1, '17:01:27', '2021-10-05'),
(4522, 1007, 'valid', 1, '17:05:19', '2021-10-05'),
(4523, 1007, 'valid', 1, '17:05:20', '2021-10-05'),
(4524, 1001, 'valid', 1, '17:09:51', '2021-10-05'),
(4525, 1001, 'valid', 1, '17:09:52', '2021-10-05'),
(4526, 2009, 'valid', 1, '17:10:03', '2021-10-05'),
(4527, 2009, 'valid', 1, '17:10:06', '2021-10-05'),
(4528, 2009, 'valid', 1, '17:10:07', '2021-10-05'),
(4529, 102, 'valid', 1, '17:10:17', '2021-10-05'),
(4530, 102, 'valid', 1, '17:10:19', '2021-10-05'),
(4531, 102, 'valid', 1, '17:10:20', '2021-10-05'),
(4532, 102, 'valid', 1, '17:10:43', '2021-10-05'),
(4533, 102, 'valid', 1, '17:11:08', '2021-10-05'),
(4534, 102, 'valid', 1, '17:11:39', '2021-10-05'),
(4535, 102, 'valid', 1, '17:11:56', '2021-10-05'),
(4536, 1003, 'valid', 1, '17:12:23', '2021-10-05'),
(4537, 1003, 'valid', 1, '17:12:24', '2021-10-05'),
(4538, 2002, 'valid', 1, '17:12:33', '2021-10-05'),
(4539, 2003, 'valid', 1, '17:12:47', '2021-10-05'),
(4540, 101, 'valid', 1, '17:15:01', '2021-10-05'),
(4541, 101, 'valid', 1, '17:15:02', '2021-10-05'),
(4542, 1000, 'valid', 1, '17:15:17', '2021-10-05'),
(4543, 1000, 'valid', 1, '17:15:18', '2021-10-05'),
(4544, 1002, 'valid', 1, '17:23:44', '2021-10-05'),
(4545, 1002, 'valid', 1, '17:23:45', '2021-10-05'),
(4546, 504, 'valid', 1, '17:24:16', '2021-10-05'),
(4547, 504, 'valid', 1, '17:24:17', '2021-10-05'),
(4548, 100, 'valid', 1, '17:39:51', '2021-10-05'),
(4549, 100, 'valid', 1, '17:39:52', '2021-10-05'),
(4550, 1006, 'valid', 1, '17:40:57', '2021-10-05'),
(4551, 1006, 'valid', 1, '17:40:58', '2021-10-05'),
(4552, 1006, 'valid', 1, '17:40:59', '2021-10-05'),
(4553, 2010, 'valid', 1, '17:49:29', '2021-10-05'),
(4554, 2010, 'valid', 1, '17:49:30', '2021-10-05'),
(4555, 2004, 'valid', 1, '17:52:23', '2021-10-05'),
(4556, 2004, 'valid', 1, '17:52:24', '2021-10-05'),
(4557, 2006, 'valid', 1, '17:52:34', '2021-10-05'),
(4558, 503, 'valid', 1, '18:05:28', '2021-10-05'),
(4559, 2001, 'valid', 1, '18:08:04', '2021-10-05'),
(4560, 2001, 'valid', 1, '18:08:05', '2021-10-05'),
(4561, 500, 'valid', 1, '18:11:42', '2021-10-05'),
(4562, 502, 'valid', 1, '18:29:37', '2021-10-05'),
(4563, 502, 'valid', 1, '18:29:38', '2021-10-05'),
(4564, 200, 'valid', 1, '18:29:47', '2021-10-05'),
(4565, 1010, 'valid', 1, '20:29:39', '2021-10-05'),
(4566, 1010, 'valid', 1, '20:29:40', '2021-10-05'),
(4567, 1010, 'valid', 1, '20:29:52', '2021-10-05'),
(4568, 1010, 'valid', 1, '20:29:53', '2021-10-05'),
(4569, 1010, 'valid', 1, '20:30:05', '2021-10-05'),
(4570, 1010, 'valid', 1, '20:30:06', '2021-10-05'),
(4571, 1010, 'valid', 1, '20:30:17', '2021-10-05'),
(4572, 1010, 'valid', 1, '20:30:18', '2021-10-05'),
(4573, 1010, 'valid', 1, '20:30:19', '2021-10-05'),
(4574, 1010, 'valid', 1, '20:30:30', '2021-10-05'),
(4575, 1010, 'valid', 1, '20:30:31', '2021-10-05'),
(4576, 1010, 'valid', 1, '20:30:42', '2021-10-05'),
(4577, 1010, 'valid', 1, '20:30:43', '2021-10-05'),
(4578, 1010, 'valid', 1, '20:30:51', '2021-10-05'),
(4579, 1010, 'valid', 1, '20:30:52', '2021-10-05'),
(4580, 1010, 'valid', 1, '20:30:58', '2021-10-05'),
(4581, 1010, 'valid', 1, '20:30:59', '2021-10-05'),
(4582, 1010, 'valid', 1, '20:31:45', '2021-10-05'),
(4583, 1010, 'valid', 1, '20:31:53', '2021-10-05'),
(4584, 1010, 'valid', 1, '20:31:54', '2021-10-05'),
(4585, 2013, 'valid', 1, '20:37:37', '2021-10-05'),
(4586, 2013, 'valid', 1, '20:37:39', '2021-10-05'),
(4587, 1008, 'valid', 1, '20:43:51', '2021-10-05'),
(4588, 1008, 'valid', 1, '20:43:53', '2021-10-05'),
(4589, 1011, 'valid', 1, '21:03:43', '2021-10-05'),
(4590, 1011, 'valid', 1, '21:03:44', '2021-10-05'),
(4591, 1004, 'valid', 1, '21:52:27', '2021-10-05'),
(4592, 1004, 'valid', 1, '21:53:04', '2021-10-05'),
(4593, 2000, 'valid', 1, '21:53:25', '2021-10-05'),
(4594, 2000, 'valid', 1, '21:53:26', '2021-10-05'),
(4595, 1009, 'valid', 1, '21:58:44', '2021-10-05'),
(4596, 1009, 'valid', 1, '21:58:45', '2021-10-05'),
(4597, 100, 'valid', 1, '08:46:00', '2021-10-06'),
(4598, 100, 'valid', 1, '08:46:03', '2021-10-06'),
(4599, 100, 'valid', 1, '08:46:04', '2021-10-06'),
(4600, 100, 'valid', 1, '08:46:05', '2021-10-06'),
(4601, 504, 'valid', 1, '08:46:20', '2021-10-06'),
(4602, 504, 'valid', 1, '08:46:21', '2021-10-06'),
(4603, 101, 'valid', 1, '08:51:37', '2021-10-06'),
(4604, 101, 'valid', 1, '08:51:38', '2021-10-06'),
(4605, 101, 'valid', 1, '08:51:39', '2021-10-06'),
(4606, 2009, 'valid', 1, '08:55:47', '2021-10-06'),
(4607, 2009, 'valid', 1, '08:55:52', '2021-10-06'),
(4608, 2009, 'valid', 1, '08:56:04', '2021-10-06'),
(4609, 2009, 'valid', 1, '08:56:07', '2021-10-06'),
(4610, 1006, 'valid', 1, '08:59:44', '2021-10-06'),
(4611, 1006, 'valid', 1, '08:59:45', '2021-10-06'),
(4612, 1006, 'valid', 1, '08:59:46', '2021-10-06'),
(4613, 1007, 'valid', 1, '09:00:35', '2021-10-06'),
(4614, 1007, 'valid', 1, '09:00:36', '2021-10-06'),
(4615, 1003, 'valid', 1, '09:01:30', '2021-10-06'),
(4616, 2004, 'valid', 1, '09:03:15', '2021-10-06'),
(4617, 2004, 'valid', 1, '09:03:16', '2021-10-06'),
(4618, 1001, 'valid', 1, '09:04:59', '2021-10-06'),
(4619, 1001, 'valid', 1, '09:05:19', '2021-10-06'),
(4620, 1001, 'valid', 1, '09:05:20', '2021-10-06'),
(4621, 102, 'valid', 1, '09:07:12', '2021-10-06'),
(4622, 102, 'valid', 1, '09:07:15', '2021-10-06'),
(4623, 102, 'valid', 1, '09:07:17', '2021-10-06'),
(4624, 1000, 'valid', 1, '09:07:52', '2021-10-06'),
(4625, 2006, 'valid', 1, '09:08:38', '2021-10-06'),
(4626, 2006, 'valid', 1, '09:08:39', '2021-10-06'),
(4627, 1000, 'valid', 1, '09:08:50', '2021-10-06'),
(4628, 1000, 'valid', 1, '09:08:51', '2021-10-06'),
(4629, 2002, 'valid', 1, '09:09:00', '2021-10-06'),
(4630, 2002, 'valid', 1, '09:09:01', '2021-10-06'),
(4631, 2003, 'valid', 1, '09:10:49', '2021-10-06'),
(4632, 2003, 'valid', 1, '09:10:50', '2021-10-06'),
(4633, 1002, 'valid', 1, '09:16:01', '2021-10-06'),
(4634, 1002, 'valid', 1, '09:16:02', '2021-10-06'),
(4635, 2008, 'valid', 1, '09:17:50', '2021-10-06'),
(4636, 2008, 'valid', 1, '09:17:52', '2021-10-06'),
(4637, 2012, 'valid', 1, '09:17:58', '2021-10-06'),
(4638, 2012, 'valid', 1, '09:17:59', '2021-10-06'),
(4639, 1012, 'valid', 1, '09:23:18', '2021-10-06'),
(4640, 1012, 'valid', 1, '09:23:19', '2021-10-06'),
(4641, 1012, 'valid', 1, '09:23:20', '2021-10-06'),
(4642, 1012, 'valid', 1, '09:23:21', '2021-10-06'),
(4643, 1012, 'valid', 1, '09:23:22', '2021-10-06'),
(4644, 1012, 'valid', 1, '09:23:43', '2021-10-06'),
(4645, 1012, 'valid', 1, '09:23:44', '2021-10-06'),
(4646, 1008, 'valid', 1, '09:24:17', '2021-10-06'),
(4647, 1008, 'valid', 1, '09:24:18', '2021-10-06'),
(4648, 1008, 'valid', 1, '09:24:19', '2021-10-06'),
(4649, 1008, 'valid', 1, '09:24:50', '2021-10-06'),
(4650, 1008, 'valid', 1, '09:24:52', '2021-10-06'),
(4651, 500, 'valid', 1, '09:50:17', '2021-10-06'),
(4652, 2010, 'valid', 1, '09:57:06', '2021-10-06'),
(4653, 2010, 'valid', 1, '09:57:07', '2021-10-06'),
(4654, 502, 'valid', 1, '10:05:38', '2021-10-06'),
(4655, 502, 'valid', 1, '10:05:39', '2021-10-06'),
(4656, 502, 'valid', 1, '10:05:40', '2021-10-06'),
(4657, 503, 'valid', 1, '10:11:28', '2021-10-06'),
(4658, 503, 'valid', 1, '10:11:29', '2021-10-06'),
(4659, 200, 'valid', 1, '10:12:30', '2021-10-06'),
(4660, 2000, 'valid', 1, '10:18:09', '2021-10-06'),
(4661, 2000, 'valid', 1, '10:18:10', '2021-10-06'),
(4662, 1010, 'valid', 1, '10:45:53', '2021-10-06'),
(4663, 1010, 'valid', 1, '10:45:54', '2021-10-06'),
(4664, 1010, 'valid', 1, '10:45:55', '2021-10-06'),
(4665, 1010, 'valid', 1, '10:45:56', '2021-10-06'),
(4666, 2013, 'valid', 1, '11:02:33', '2021-10-06'),
(4667, 2013, 'valid', 1, '11:02:34', '2021-10-06'),
(4668, 1004, 'valid', 1, '11:37:41', '2021-10-06'),
(4669, 1004, 'valid', 1, '11:37:43', '2021-10-06'),
(4670, 1011, 'valid', 1, '12:14:20', '2021-10-06'),
(4671, 1011, 'valid', 1, '12:15:08', '2021-10-06'),
(4672, 1011, 'valid', 1, '12:15:09', '2021-10-06'),
(4673, 1011, 'valid', 1, '12:15:10', '2021-10-06'),
(4674, 1009, 'valid', 1, '12:32:32', '2021-10-06'),
(4675, 1009, 'valid', 1, '12:32:33', '2021-10-06'),
(4676, 2010, 'valid', 1, '13:01:28', '2021-10-06'),
(4677, 2010, 'valid', 1, '13:01:29', '2021-10-06'),
(4678, 1003, 'valid', 1, '13:01:39', '2021-10-06'),
(4679, 2012, 'valid', 1, '13:01:50', '2021-10-06'),
(4680, 2012, 'valid', 1, '13:01:51', '2021-10-06'),
(4681, 1001, 'valid', 1, '13:03:29', '2021-10-06'),
(4682, 1001, 'valid', 1, '13:03:30', '2021-10-06'),
(4683, 2003, 'valid', 1, '13:07:52', '2021-10-06'),
(4684, 2003, 'valid', 1, '13:07:53', '2021-10-06'),
(4685, 504, 'valid', 1, '13:19:46', '2021-10-06'),
(4686, 504, 'valid', 1, '13:19:47', '2021-10-06'),
(4687, 1000, 'valid', 1, '13:21:49', '2021-10-06'),
(4688, 1000, 'valid', 1, '13:21:50', '2021-10-06'),
(4689, 502, 'valid', 1, '13:22:53', '2021-10-06'),
(4690, 502, 'valid', 1, '13:22:54', '2021-10-06'),
(4691, 200, 'valid', 1, '13:24:33', '2021-10-06'),
(4692, 2004, 'valid', 1, '13:25:07', '2021-10-06'),
(4693, 100, 'valid', 1, '13:25:25', '2021-10-06'),
(4694, 100, 'valid', 1, '13:25:26', '2021-10-06'),
(4695, 2009, 'valid', 1, '13:26:38', '2021-10-06'),
(4696, 2009, 'valid', 1, '13:26:39', '2021-10-06'),
(4697, 2009, 'valid', 1, '13:26:40', '2021-10-06'),
(4698, 2009, 'valid', 1, '13:26:42', '2021-10-06'),
(4699, 102, 'valid', 1, '13:27:27', '2021-10-06'),
(4700, 102, 'valid', 1, '13:27:28', '2021-10-06'),
(4701, 102, 'valid', 1, '13:27:29', '2021-10-06'),
(4702, 102, 'valid', 1, '13:27:45', '2021-10-06'),
(4703, 102, 'valid', 1, '13:27:46', '2021-10-06'),
(4704, 102, 'valid', 1, '13:28:07', '2021-10-06'),
(4705, 102, 'valid', 1, '13:28:08', '2021-10-06'),
(4706, 102, 'valid', 1, '13:28:38', '2021-10-06'),
(4707, 102, 'valid', 1, '13:29:07', '2021-10-06'),
(4708, 102, 'valid', 1, '13:29:50', '2021-10-06'),
(4709, 102, 'valid', 1, '13:29:51', '2021-10-06'),
(4710, 102, 'valid', 1, '13:29:52', '2021-10-06'),
(4711, 2002, 'valid', 1, '13:29:58', '2021-10-06'),
(4712, 2002, 'valid', 1, '13:29:59', '2021-10-06'),
(4713, 2012, 'valid', 1, '13:31:06', '2021-10-06'),
(4714, 2012, 'valid', 1, '13:31:07', '2021-10-06'),
(4715, 102, 'valid', 1, '13:32:34', '2021-10-06'),
(4716, 102, 'valid', 1, '13:32:35', '2021-10-06'),
(4717, 102, 'valid', 1, '13:32:36', '2021-10-06'),
(4718, 1001, 'valid', 1, '13:33:19', '2021-10-06'),
(4719, 2012, 'valid', 1, '13:33:25', '2021-10-06'),
(4720, 2012, 'valid', 1, '13:33:26', '2021-10-06'),
(4721, 2012, 'valid', 1, '13:33:35', '2021-10-06'),
(4722, 2012, 'valid', 1, '13:33:36', '2021-10-06'),
(4723, 2010, 'valid', 1, '13:34:14', '2021-10-06'),
(4724, 2010, 'valid', 1, '13:34:15', '2021-10-06'),
(4725, 2010, 'valid', 1, '13:34:16', '2021-10-06'),
(4726, 2003, 'valid', 1, '13:35:13', '2021-10-06'),
(4727, 2006, 'valid', 1, '13:35:41', '2021-10-06'),
(4728, 2006, 'valid', 1, '13:35:42', '2021-10-06'),
(4729, 101, 'valid', 1, '13:35:58', '2021-10-06'),
(4730, 101, 'valid', 1, '13:35:59', '2021-10-06'),
(4731, 1002, 'valid', 1, '13:36:34', '2021-10-06'),
(4732, 1002, 'valid', 1, '13:36:36', '2021-10-06'),
(4733, 2013, 'valid', 1, '13:40:40', '2021-10-06'),
(4734, 502, 'valid', 1, '13:40:51', '2021-10-06'),
(4735, 502, 'valid', 1, '13:40:52', '2021-10-06'),
(4736, 1008, 'valid', 1, '13:42:35', '2021-10-06'),
(4737, 1008, 'valid', 1, '13:42:37', '2021-10-06'),
(4738, 504, 'valid', 1, '13:45:30', '2021-10-06'),
(4739, 503, 'valid', 1, '13:47:30', '2021-10-06'),
(4740, 503, 'valid', 1, '13:47:31', '2021-10-06'),
(4741, 1000, 'valid', 1, '13:49:34', '2021-10-06'),
(4742, 1000, 'valid', 1, '13:49:35', '2021-10-06'),
(4743, 500, 'valid', 1, '13:49:48', '2021-10-06'),
(4744, 2009, 'valid', 1, '13:50:24', '2021-10-06'),
(4745, 2004, 'valid', 1, '13:50:51', '2021-10-06'),
(4746, 2004, 'valid', 1, '13:50:52', '2021-10-06'),
(4747, 200, 'valid', 1, '13:52:13', '2021-10-06'),
(4748, 102, 'valid', 1, '13:52:18', '2021-10-06'),
(4749, 102, 'valid', 1, '13:52:19', '2021-10-06'),
(4750, 102, 'valid', 1, '13:52:21', '2021-10-06'),
(4751, 102, 'valid', 1, '13:52:22', '2021-10-06'),
(4752, 100, 'valid', 1, '13:53:17', '2021-10-06'),
(4753, 2006, 'valid', 1, '13:57:27', '2021-10-06'),
(4754, 2006, 'valid', 1, '13:57:28', '2021-10-06'),
(4755, 101, 'valid', 1, '13:59:49', '2021-10-06'),
(4756, 101, 'valid', 1, '13:59:50', '2021-10-06'),
(4757, 500, 'valid', 1, '14:00:33', '2021-10-06'),
(4758, 500, 'valid', 1, '14:00:34', '2021-10-06'),
(4759, 2013, 'valid', 1, '14:00:44', '2021-10-06'),
(4760, 2013, 'valid', 1, '14:00:45', '2021-10-06'),
(4761, 503, 'valid', 1, '14:00:55', '2021-10-06'),
(4762, 1002, 'valid', 1, '14:01:19', '2021-10-06'),
(4763, 1002, 'valid', 1, '14:01:20', '2021-10-06'),
(4764, 500, 'valid', 1, '14:12:19', '2021-10-06'),
(4765, 500, 'valid', 1, '14:12:20', '2021-10-06'),
(4766, 1008, 'valid', 1, '14:18:05', '2021-10-06'),
(4767, 1008, 'valid', 1, '14:18:07', '2021-10-06'),
(4768, 500, 'valid', 1, '15:16:37', '2021-10-06'),
(4769, 500, 'valid', 1, '15:16:38', '2021-10-06'),
(4770, 500, 'valid', 1, '15:16:45', '2021-10-06'),
(4771, 500, 'valid', 1, '15:16:46', '2021-10-06'),
(4772, 500, 'valid', 1, '15:16:59', '2021-10-06'),
(4773, 500, 'valid', 1, '15:17:05', '2021-10-06'),
(4774, 504, 'valid', 1, '17:01:59', '2021-10-06'),
(4775, 504, 'valid', 1, '17:02:00', '2021-10-06'),
(4776, 2010, 'valid', 1, '17:06:32', '2021-10-06'),
(4777, 2010, 'valid', 1, '17:06:33', '2021-10-06'),
(4778, 1007, 'valid', 1, '17:06:57', '2021-10-06'),
(4779, 1007, 'valid', 1, '17:06:58', '2021-10-06'),
(4780, 2003, 'valid', 1, '17:08:43', '2021-10-06'),
(4781, 2003, 'valid', 1, '17:08:44', '2021-10-06'),
(4782, 2009, 'valid', 1, '17:10:29', '2021-10-06'),
(4783, 2009, 'valid', 1, '17:10:31', '2021-10-06'),
(4784, 2002, 'valid', 1, '17:11:26', '2021-10-06'),
(4785, 1001, 'valid', 1, '17:11:59', '2021-10-06'),
(4786, 1001, 'valid', 1, '17:12:01', '2021-10-06'),
(4787, 1006, 'valid', 1, '17:12:41', '2021-10-06'),
(4788, 102, 'valid', 1, '17:13:59', '2021-10-06'),
(4789, 102, 'valid', 1, '17:14:00', '2021-10-06'),
(4790, 102, 'valid', 1, '17:14:01', '2021-10-06'),
(4791, 2008, 'valid', 1, '17:14:05', '2021-10-06'),
(4792, 2008, 'valid', 1, '17:14:06', '2021-10-06'),
(4793, 102, 'valid', 1, '17:14:28', '2021-10-06'),
(4794, 2004, 'valid', 1, '17:14:41', '2021-10-06'),
(4795, 2004, 'valid', 1, '17:14:42', '2021-10-06'),
(4796, 101, 'valid', 1, '17:14:49', '2021-10-06'),
(4797, 101, 'valid', 1, '17:14:51', '2021-10-06'),
(4798, 1003, 'valid', 1, '17:16:31', '2021-10-06'),
(4799, 1003, 'valid', 1, '17:16:32', '2021-10-06'),
(4800, 2006, 'valid', 1, '17:27:38', '2021-10-06'),
(4801, 2006, 'valid', 1, '17:27:39', '2021-10-06'),
(4802, 1000, 'valid', 1, '17:30:56', '2021-10-06'),
(4803, 1000, 'valid', 1, '17:30:57', '2021-10-06'),
(4804, 1008, 'valid', 1, '17:32:06', '2021-10-06'),
(4805, 1008, 'valid', 1, '17:32:07', '2021-10-06'),
(4806, 1002, 'valid', 1, '17:36:17', '2021-10-06'),
(4807, 1002, 'valid', 1, '17:36:18', '2021-10-06'),
(4808, 100, 'valid', 1, '17:51:03', '2021-10-06'),
(4809, 100, 'valid', 1, '17:51:04', '2021-10-06'),
(4810, 100, 'valid', 1, '17:51:19', '2021-10-06'),
(4811, 100, 'valid', 1, '17:51:21', '2021-10-06'),
(4812, 500, 'valid', 1, '17:52:44', '2021-10-06'),
(4813, 500, 'valid', 1, '17:53:15', '2021-10-06'),
(4814, 500, 'valid', 1, '17:53:41', '2021-10-06'),
(4815, 500, 'valid', 1, '17:54:10', '2021-10-06'),
(4816, 503, 'valid', 1, '18:08:15', '2021-10-06'),
(4817, 500, 'valid', 1, '18:16:34', '2021-10-06'),
(4818, 200, 'valid', 1, '18:30:27', '2021-10-06'),
(4819, 200, 'valid', 1, '18:30:28', '2021-10-06'),
(4820, 502, 'valid', 1, '18:35:21', '2021-10-06'),
(4821, 502, 'valid', 1, '18:35:22', '2021-10-06'),
(4822, 2013, 'valid', 1, '18:54:04', '2021-10-06'),
(4823, 2013, 'valid', 1, '18:54:05', '2021-10-06'),
(4824, 1011, 'valid', 1, '21:05:14', '2021-10-06'),
(4825, 1011, 'valid', 1, '21:05:15', '2021-10-06'),
(4826, 1011, 'valid', 1, '21:05:50', '2021-10-06'),
(4827, 1011, 'valid', 1, '21:05:51', '2021-10-06'),
(4828, 2000, 'valid', 1, '21:24:36', '2021-10-06'),
(4829, 2000, 'valid', 1, '21:24:37', '2021-10-06'),
(4830, 1010, 'valid', 1, '21:24:48', '2021-10-06'),
(4831, 1010, 'valid', 1, '21:24:50', '2021-10-06'),
(4832, 1009, 'valid', 1, '21:43:39', '2021-10-06'),
(4833, 1009, 'valid', 1, '21:43:40', '2021-10-06'),
(4834, 100, 'valid', 1, '08:41:04', '2021-10-07'),
(4835, 100, 'valid', 1, '08:41:08', '2021-10-07'),
(4836, 100, 'valid', 1, '08:41:11', '2021-10-07'),
(4837, 504, 'valid', 1, '08:41:25', '2021-10-07'),
(4838, 101, 'valid', 1, '08:50:49', '2021-10-07'),
(4839, 101, 'valid', 1, '08:50:50', '2021-10-07'),
(4840, 101, 'valid', 1, '08:50:52', '2021-10-07'),
(4841, 1003, 'valid', 1, '08:51:41', '2021-10-07'),
(4842, 1012, 'valid', 1, '08:56:20', '2021-10-07'),
(4843, 1012, 'valid', 1, '08:56:21', '2021-10-07'),
(4844, 2009, 'valid', 1, '08:58:35', '2021-10-07'),
(4845, 2009, 'valid', 1, '08:58:37', '2021-10-07'),
(4846, 2009, 'valid', 1, '08:58:38', '2021-10-07'),
(4847, 1000, 'valid', 1, '09:02:30', '2021-10-07'),
(4848, 1000, 'valid', 1, '09:02:32', '2021-10-07'),
(4849, 2002, 'valid', 1, '09:03:04', '2021-10-07'),
(4850, 2002, 'valid', 1, '09:03:05', '2021-10-07'),
(4851, 1006, 'valid', 1, '09:07:11', '2021-10-07'),
(4852, 1006, 'valid', 1, '09:07:12', '2021-10-07'),
(4853, 1008, 'valid', 1, '09:07:19', '2021-10-07'),
(4854, 1008, 'valid', 1, '09:07:20', '2021-10-07'),
(4855, 1008, 'valid', 1, '09:07:22', '2021-10-07'),
(4856, 102, 'valid', 1, '09:07:41', '2021-10-07'),
(4857, 102, 'valid', 1, '09:07:44', '2021-10-07'),
(4858, 102, 'valid', 1, '09:08:10', '2021-10-07'),
(4859, 102, 'valid', 1, '09:08:35', '2021-10-07'),
(4860, 102, 'valid', 1, '09:09:20', '2021-10-07'),
(4861, 102, 'valid', 1, '09:09:21', '2021-10-07'),
(4862, 1001, 'valid', 1, '09:09:42', '2021-10-07'),
(4863, 1001, 'valid', 1, '09:09:44', '2021-10-07'),
(4864, 102, 'valid', 1, '09:10:05', '2021-10-07'),
(4865, 102, 'valid', 1, '09:10:06', '2021-10-07'),
(4866, 102, 'valid', 1, '09:10:07', '2021-10-07'),
(4867, 2003, 'valid', 1, '09:11:04', '2021-10-07'),
(4868, 2003, 'valid', 1, '09:11:05', '2021-10-07'),
(4869, 1002, 'valid', 1, '09:12:03', '2021-10-07'),
(4870, 1002, 'valid', 1, '09:12:04', '2021-10-07'),
(4871, 1012, 'valid', 1, '09:12:12', '2021-10-07'),
(4872, 1012, 'valid', 1, '09:12:13', '2021-10-07'),
(4873, 1012, 'valid', 1, '09:12:19', '2021-10-07'),
(4874, 1012, 'valid', 1, '09:12:33', '2021-10-07'),
(4875, 1012, 'valid', 1, '09:12:34', '2021-10-07'),
(4876, 2006, 'valid', 1, '09:12:42', '2021-10-07'),
(4877, 2006, 'valid', 1, '09:12:43', '2021-10-07'),
(4878, 2008, 'valid', 1, '09:14:09', '2021-10-07'),
(4879, 2008, 'valid', 1, '09:14:11', '2021-10-07'),
(4880, 2012, 'valid', 1, '09:14:17', '2021-10-07'),
(4881, 2012, 'valid', 1, '09:14:29', '2021-10-07'),
(4882, 2001, 'valid', 1, '09:20:08', '2021-10-07'),
(4883, 2007, 'valid', 1, '09:36:44', '2021-10-07'),
(4884, 2007, 'valid', 1, '09:36:45', '2021-10-07'),
(4885, 2004, 'valid', 1, '09:38:03', '2021-10-07'),
(4886, 2004, 'valid', 1, '09:38:04', '2021-10-07'),
(4887, 2000, 'valid', 1, '09:48:52', '2021-10-07'),
(4888, 2000, 'valid', 1, '09:48:53', '2021-10-07'),
(4889, 500, 'valid', 1, '09:59:19', '2021-10-07'),
(4890, 503, 'valid', 1, '10:04:48', '2021-10-07'),
(4891, 2010, 'valid', 1, '10:05:24', '2021-10-07'),
(4892, 2010, 'valid', 1, '10:05:25', '2021-10-07'),
(4893, 502, 'valid', 1, '10:14:37', '2021-10-07'),
(4894, 502, 'valid', 1, '10:14:38', '2021-10-07'),
(4895, 200, 'valid', 1, '10:18:34', '2021-10-07'),
(4896, 506, 'valid', 1, '10:35:24', '2021-10-07'),
(4897, 506, 'valid', 1, '10:35:25', '2021-10-07'),
(4898, 1010, 'valid', 1, '10:54:33', '2021-10-07'),
(4899, 1010, 'valid', 1, '10:54:34', '2021-10-07'),
(4900, 2013, 'valid', 1, '10:59:11', '2021-10-07'),
(4901, 1011, 'valid', 1, '11:09:11', '2021-10-07'),
(4902, 1004, 'valid', 1, '11:11:43', '2021-10-07'),
(4903, 1004, 'valid', 1, '11:11:44', '2021-10-07'),
(4904, 1004, 'valid', 1, '11:12:13', '2021-10-07'),
(4905, 1004, 'valid', 1, '11:12:14', '2021-10-07'),
(4906, 1001, 'valid', 1, '13:01:35', '2021-10-07'),
(4907, 506, 'valid', 1, '13:02:37', '2021-10-07'),
(4908, 506, 'valid', 1, '13:02:38', '2021-10-07'),
(4909, 2010, 'valid', 1, '13:03:20', '2021-10-07'),
(4910, 1003, 'valid', 1, '13:04:42', '2021-10-07'),
(4911, 2003, 'valid', 1, '13:05:12', '2021-10-07'),
(4912, 2003, 'valid', 1, '13:05:13', '2021-10-07'),
(4913, 2012, 'valid', 1, '13:05:23', '2021-10-07'),
(4914, 2012, 'valid', 1, '13:05:24', '2021-10-07'),
(4915, 200, 'valid', 1, '13:15:13', '2021-10-07'),
(4916, 2008, 'valid', 1, '13:18:20', '2021-10-07'),
(4917, 2008, 'valid', 1, '13:18:21', '2021-10-07'),
(4918, 504, 'valid', 1, '13:19:23', '2021-10-07'),
(4919, 504, 'valid', 1, '13:19:24', '2021-10-07'),
(4920, 503, 'valid', 1, '13:19:32', '2021-10-07'),
(4921, 1000, 'valid', 1, '13:19:42', '2021-10-07'),
(4922, 1000, 'valid', 1, '13:19:43', '2021-10-07'),
(4923, 1000, 'valid', 1, '13:19:57', '2021-10-07'),
(4924, 1000, 'valid', 1, '13:20:21', '2021-10-07'),
(4925, 1000, 'valid', 1, '13:20:22', '2021-10-07'),
(4926, 2012, 'valid', 1, '13:21:10', '2021-10-07'),
(4927, 2004, 'valid', 1, '13:21:30', '2021-10-07'),
(4928, 2004, 'valid', 1, '13:21:31', '2021-10-07'),
(4929, 2004, 'valid', 1, '13:22:08', '2021-10-07'),
(4930, 2004, 'valid', 1, '13:22:10', '2021-10-07'),
(4931, 2012, 'valid', 1, '13:22:26', '2021-10-07'),
(4932, 2012, 'valid', 1, '13:22:27', '2021-10-07'),
(4933, 2012, 'valid', 1, '13:23:13', '2021-10-07'),
(4934, 2012, 'valid', 1, '13:23:14', '2021-10-07'),
(4935, 2009, 'valid', 1, '13:23:27', '2021-10-07'),
(4936, 2009, 'valid', 1, '13:23:28', '2021-10-07'),
(4937, 2009, 'valid', 1, '13:23:29', '2021-10-07'),
(4938, 2009, 'valid', 1, '13:23:30', '2021-10-07'),
(4939, 1003, 'valid', 1, '13:23:58', '2021-10-07'),
(4940, 1003, 'valid', 1, '13:23:59', '2021-10-07'),
(4941, 1003, 'valid', 1, '13:24:12', '2021-10-07'),
(4942, 1003, 'valid', 1, '13:24:13', '2021-10-07'),
(4943, 502, 'valid', 1, '13:24:18', '2021-10-07'),
(4944, 502, 'valid', 1, '13:24:19', '2021-10-07'),
(4945, 502, 'valid', 1, '13:24:20', '2021-10-07'),
(4946, 500, 'valid', 1, '13:24:27', '2021-10-07'),
(4947, 500, 'valid', 1, '13:24:36', '2021-10-07'),
(4948, 500, 'valid', 1, '13:24:54', '2021-10-07'),
(4949, 500, 'valid', 1, '13:24:55', '2021-10-07'),
(4950, 2012, 'valid', 1, '13:25:11', '2021-10-07'),
(4951, 2012, 'valid', 1, '13:25:12', '2021-10-07'),
(4952, 1001, 'valid', 1, '13:25:23', '2021-10-07'),
(4953, 1001, 'valid', 1, '13:25:24', '2021-10-07'),
(4954, 102, 'valid', 1, '13:25:35', '2021-10-07'),
(4955, 102, 'valid', 1, '13:25:36', '2021-10-07'),
(4956, 2003, 'valid', 1, '13:26:02', '2021-10-07'),
(4957, 2003, 'valid', 1, '13:26:03', '2021-10-07'),
(4958, 2010, 'valid', 1, '13:26:09', '2021-10-07'),
(4959, 2010, 'valid', 1, '13:26:10', '2021-10-07'),
(4960, 200, 'valid', 1, '13:30:03', '2021-10-07'),
(4961, 2008, 'valid', 1, '13:33:40', '2021-10-07'),
(4962, 504, 'valid', 1, '13:33:49', '2021-10-07'),
(4963, 504, 'valid', 1, '13:33:50', '2021-10-07'),
(4964, 2006, 'valid', 1, '13:35:14', '2021-10-07'),
(4965, 101, 'valid', 1, '13:35:21', '2021-10-07'),
(4966, 101, 'valid', 1, '13:35:23', '2021-10-07'),
(4967, 101, 'valid', 1, '13:35:33', '2021-10-07'),
(4968, 101, 'valid', 1, '13:35:34', '2021-10-07'),
(4969, 503, 'valid', 1, '13:36:24', '2021-10-07'),
(4970, 1002, 'valid', 1, '13:38:10', '2021-10-07'),
(4971, 1002, 'valid', 1, '13:38:12', '2021-10-07'),
(4972, 2001, 'valid', 1, '13:38:51', '2021-10-07'),
(4973, 2001, 'valid', 1, '13:38:52', '2021-10-07'),
(4974, 2013, 'valid', 1, '13:41:40', '2021-10-07'),
(4975, 2013, 'valid', 1, '13:41:41', '2021-10-07'),
(4976, 502, 'valid', 1, '13:43:06', '2021-10-07'),
(4977, 502, 'valid', 1, '13:43:07', '2021-10-07'),
(4978, 500, 'valid', 1, '13:43:22', '2021-10-07'),
(4979, 500, 'valid', 1, '13:43:23', '2021-10-07'),
(4980, 2009, 'valid', 1, '13:46:02', '2021-10-07'),
(4981, 2009, 'valid', 1, '13:46:03', '2021-10-07'),
(4982, 2009, 'valid', 1, '13:46:04', '2021-10-07'),
(4983, 2009, 'valid', 1, '13:46:05', '2021-10-07'),
(4984, 2009, 'valid', 1, '13:46:54', '2021-10-07'),
(4985, 2009, 'valid', 1, '13:46:55', '2021-10-07'),
(4986, 101, 'valid', 1, '13:50:09', '2021-10-07'),
(4987, 101, 'valid', 1, '13:50:10', '2021-10-07'),
(4988, 1000, 'valid', 1, '13:50:23', '2021-10-07'),
(4989, 1000, 'valid', 1, '13:50:24', '2021-10-07'),
(4990, 1000, 'valid', 1, '13:50:37', '2021-10-07'),
(4991, 1000, 'valid', 1, '13:50:38', '2021-10-07'),
(4992, 1000, 'valid', 1, '13:50:39', '2021-10-07'),
(4993, 102, 'valid', 1, '13:54:12', '2021-10-07'),
(4994, 102, 'valid', 1, '13:54:24', '2021-10-07'),
(4995, 102, 'valid', 1, '13:54:25', '2021-10-07'),
(4996, 1008, 'valid', 1, '13:56:43', '2021-10-07'),
(4997, 1008, 'valid', 1, '13:56:44', '2021-10-07'),
(4998, 1008, 'valid', 1, '13:56:45', '2021-10-07'),
(4999, 2013, 'valid', 1, '13:58:11', '2021-10-07'),
(5000, 2013, 'valid', 1, '13:58:12', '2021-10-07'),
(5001, 2006, 'valid', 1, '13:58:22', '2021-10-07'),
(5002, 2006, 'valid', 1, '13:58:23', '2021-10-07'),
(5003, 2006, 'valid', 1, '13:58:37', '2021-10-07'),
(5004, 506, 'valid', 1, '13:58:48', '2021-10-07'),
(5005, 506, 'valid', 1, '13:58:49', '2021-10-07'),
(5006, 1002, 'valid', 1, '14:00:00', '2021-10-07'),
(5007, 2001, 'valid', 1, '14:00:08', '2021-10-07'),
(5008, 2001, 'valid', 1, '14:00:09', '2021-10-07'),
(5009, 1008, 'valid', 1, '14:21:19', '2021-10-07'),
(5010, 1008, 'valid', 1, '14:21:20', '2021-10-07'),
(5011, 1008, 'valid', 1, '14:21:21', '2021-10-07'),
(5012, 1008, 'valid', 1, '14:21:22', '2021-10-07'),
(5013, 1009, 'valid', 1, '14:23:05', '2021-10-07'),
(5014, 1009, 'valid', 1, '14:23:07', '2021-10-07'),
(5015, 500, 'valid', 1, '15:43:10', '2021-10-07'),
(5016, 500, 'valid', 1, '15:43:17', '2021-10-07'),
(5017, 500, 'valid', 1, '15:43:26', '2021-10-07'),
(5018, 500, 'valid', 1, '11:42:02', '2021-10-08'),
(5019, 500, 'valid', 1, '11:42:50', '2021-10-08'),
(5020, 500, 'valid', 1, '11:42:53', '2021-10-08'),
(5021, 500, 'valid', 1, '11:43:00', '2021-10-08'),
(5022, 500, 'valid', 1, '11:46:06', '2021-10-08'),
(5023, 500, 'valid', 1, '11:46:10', '2021-10-08'),
(5024, 500, 'valid', 1, '11:50:23', '2021-10-08'),
(5025, 500, 'valid', 1, '11:50:36', '2021-10-08'),
(5026, 500, 'valid', 1, '12:41:44', '2021-10-08'),
(5027, 500, 'valid', 1, '12:42:06', '2021-10-08'),
(5028, 500, 'valid', 1, '12:43:35', '2021-10-08'),
(5029, 500, 'valid', 1, '12:43:35', '2021-10-08'),
(5030, 500, 'valid', 1, '12:43:39', '2021-10-08'),
(5031, 500, 'valid', 1, '12:43:39', '2021-10-08'),
(5032, 500, 'valid', 1, '12:47:25', '2021-10-08'),
(5033, 500, 'valid', 1, '12:47:31', '2021-10-08'),
(5034, 500, 'valid', 1, '12:51:37', '2021-10-08'),
(5035, 500, 'valid', 1, '12:51:42', '2021-10-08'),
(5036, 500, 'valid', 1, '12:52:16', '2021-10-08'),
(5037, 500, 'valid', 1, '12:52:20', '2021-10-08'),
(5038, 500, 'valid', 1, '14:25:23', '2021-10-08'),
(5039, 500, 'valid', 1, '14:25:30', '2021-10-08'),
(5040, 500, 'valid', 1, '14:25:53', '2021-10-08'),
(5041, 500, 'valid', 1, '14:26:03', '2021-10-08'),
(5042, 500, 'valid', 1, '14:26:16', '2021-10-08'),
(5043, 500, 'valid', 1, '14:26:24', '2021-10-08'),
(5044, 500, 'valid', 1, '14:27:17', '2021-10-08'),
(5045, 500, 'valid', 1, '14:27:21', '2021-10-08'),
(5046, 500, 'valid', 1, '14:27:40', '2021-10-08'),
(5047, 500, 'valid', 1, '14:27:40', '2021-10-08'),
(5048, 500, 'valid', 1, '14:28:12', '2021-10-08'),
(5049, 500, 'valid', 1, '14:28:24', '2021-10-08'),
(5050, 500, 'valid', 1, '14:28:28', '2021-10-08'),
(5051, 500, 'valid', 1, '14:28:50', '2021-10-08'),
(5052, 500, 'valid', 1, '14:36:59', '2021-10-08'),
(5053, 500, 'valid', 1, '14:39:03', '2021-10-08');
INSERT INTO `emp_machine_thumbs` (`id`, `emp_id`, `status`, `location`, `time`, `date`) VALUES
(5054, 500, 'valid', 1, '14:40:40', '2021-10-08'),
(5055, 500, 'valid', 1, '14:43:51', '2021-10-08'),
(5056, 500, 'valid', 1, '14:44:52', '2021-10-08'),
(5057, 500, 'valid', 1, '14:45:16', '2021-10-08'),
(5058, 500, 'valid', 1, '14:45:28', '2021-10-08'),
(5059, 500, 'valid', 1, '14:46:04', '2021-10-08'),
(5060, 500, 'valid', 1, '14:46:29', '2021-10-08'),
(5061, 500, 'valid', 1, '14:46:48', '2021-10-08'),
(5062, 500, 'valid', 1, '14:47:17', '2021-10-08'),
(5063, 500, 'valid', 1, '14:47:55', '2021-10-08'),
(5064, 500, 'valid', 1, '14:48:18', '2021-10-08'),
(5065, 500, 'valid', 1, '14:48:42', '2021-10-08'),
(5066, 502, 'valid', 1, '14:49:01', '2021-10-08'),
(5067, 500, 'valid', 1, '14:49:42', '2021-10-08'),
(5068, 500, 'valid', 1, '14:51:04', '2021-10-08'),
(5069, 500, 'valid', 1, '14:51:20', '2021-10-08'),
(5070, 502, 'valid', 1, '14:51:40', '2021-10-08'),
(5071, 500, 'valid', 1, '14:52:29', '2021-10-08'),
(5072, 500, 'valid', 1, '14:52:41', '2021-10-08'),
(5073, 500, 'valid', 1, '14:53:27', '2021-10-08'),
(5074, 500, 'valid', 1, '14:54:34', '2021-10-08'),
(5075, 500, 'valid', 1, '14:54:34', '2021-10-08'),
(5076, 500, 'valid', 1, '14:55:14', '2021-10-08'),
(5077, 500, 'valid', 1, '14:55:24', '2021-10-08'),
(5078, 500, 'valid', 1, '14:55:28', '2021-10-08'),
(5079, 503, 'valid', 1, '15:06:25', '2021-10-08'),
(5080, 503, 'valid', 1, '15:08:12', '2021-10-08'),
(5081, 503, 'valid', 1, '15:08:54', '2021-10-08'),
(5082, 503, 'valid', 1, '15:09:19', '2021-10-08'),
(5083, 503, 'valid', 1, '15:09:52', '2021-10-08'),
(5084, 503, 'valid', 1, '15:10:21', '2021-10-08'),
(5085, 503, 'valid', 1, '15:11:02', '2021-10-08'),
(5086, 503, 'valid', 1, '15:12:01', '2021-10-08'),
(5087, 503, 'valid', 1, '15:12:19', '2021-10-08'),
(5088, 503, 'valid', 1, '15:16:31', '2021-10-08'),
(5089, 503, 'valid', 1, '15:17:31', '2021-10-08'),
(5090, 503, 'valid', 1, '15:18:45', '2021-10-08'),
(5091, 503, 'valid', 1, '15:19:05', '2021-10-08'),
(5092, 503, 'valid', 1, '15:19:05', '2021-10-08'),
(5093, 503, 'valid', 1, '15:21:40', '2021-10-08'),
(5094, 503, 'valid', 1, '15:21:40', '2021-10-08'),
(5095, 503, 'valid', 1, '15:35:11', '2021-10-08'),
(5096, 503, 'valid', 1, '15:35:21', '2021-10-08'),
(5097, 503, 'valid', 1, '15:36:24', '2021-10-08'),
(5098, 500, 'valid', 1, '15:36:37', '2021-10-08'),
(5099, 500, 'valid', 1, '15:36:43', '2021-10-08'),
(5100, 500, 'valid', 1, '15:04:27', '2021-11-04'),
(5101, 500, 'valid', 1, '15:04:39', '2021-11-04'),
(5102, 500, 'valid', 1, '15:05:04', '2021-11-04'),
(5103, 500, 'valid', 1, '15:06:03', '2021-11-04'),
(5104, 500, 'valid', 1, '15:06:12', '2021-11-04'),
(5105, 500, 'valid', 1, '15:08:11', '2021-11-04'),
(5106, 500, 'valid', 1, '15:14:56', '2021-11-04'),
(5107, 500, 'valid', 1, '14:46:27', '2021-11-10'),
(5108, 500, 'valid', 1, '14:48:10', '2021-11-10'),
(5109, 500, 'valid', 1, '14:48:57', '2021-11-10'),
(5110, 500, 'valid', 1, '14:56:40', '2021-11-10'),
(5111, 500, 'valid', 1, '14:57:15', '2021-11-10'),
(5112, 500, 'valid', 1, '14:57:54', '2021-11-10'),
(5113, 500, 'valid', 1, '15:00:18', '2021-11-10'),
(5114, 502, 'valid', 1, '15:00:44', '2021-11-10'),
(5115, 503, 'valid', 1, '15:01:04', '2021-11-10'),
(5116, 503, 'valid', 1, '15:01:40', '2021-11-10'),
(5117, 503, 'valid', 1, '15:03:22', '2021-11-10'),
(5118, 502, 'valid', 1, '15:03:53', '2021-11-10'),
(5119, 502, 'valid', 1, '15:04:34', '2021-11-10'),
(5120, 502, 'valid', 1, '15:05:33', '2021-11-10'),
(5121, 502, 'valid', 1, '15:06:38', '2021-11-10'),
(5122, 500, 'valid', 1, '15:06:55', '2021-11-10'),
(5123, 1000, 'valid', 1, '15:07:04', '2021-11-10'),
(5124, 1000, 'valid', 1, '15:07:32', '2021-11-10'),
(5125, 1000, 'valid', 1, '15:09:04', '2021-11-10');

-- --------------------------------------------------------

--
-- Table structure for table `emp_news_papers`
--

CREATE TABLE `emp_news_papers` (
  `id` int(11) NOT NULL,
  `news_papers_name` varchar(255) NOT NULL,
  `news_papers_title_image` varchar(255) NOT NULL,
  `news_paper_link` varchar(255) NOT NULL
) ENGINE=InnoDB DEFAULT CHARSET=utf8mb4;

--
-- Dumping data for table `emp_news_papers`
--

INSERT INTO `emp_news_papers` (`id`, `news_papers_name`, `news_papers_title_image`, `news_paper_link`) VALUES
(1, 'Ummat', 'Ummat.jpg', 'https://ummat.net/'),
(2, 'Jang', 'jang.jpg', 'https://e.jang.com.pk'),
(3, 'Daily Pakistan', 'dailypakistan.jpg', 'https://dailypakistan.com.pk/E-Paper/karachi/'),
(4, 'Down', 'dawn.jpg', 'https://www.dawn.com/latest-news'),
(5, 'Daily Islam', 'daily-islam (1).jpg', 'http://www.dailyislam.pk/epaper/daily/'),
(6, 'Pakistan Today', 'download.jfif', 'https://www.pakistantoday.com.pk/'),
(7, 'nawaiwaqt', 'download (1).jfif', 'https://www.nawaiwaqt.com.pk/E-Paper/karachi'),
(8, 'Jinnah', 'download (2).jfif', 'https://www.dailyjinnah.com/epaper/'),
(9, 'TradeWinds', 'tradewinds.png', 'https://www.tradewindsnews.com/'),
(10, 'Lloyds', 'loyds.PNG', 'https://lloydslist.maritimeintelligence.informa.com/');

-- --------------------------------------------------------

--
-- Table structure for table `emp_notifications`
--

CREATE TABLE `emp_notifications` (
  `notification_id` int(11) NOT NULL,
  `event_id` int(11) NOT NULL,
  `notify_to` int(11) NOT NULL,
  `notify_from` int(11) NOT NULL,
  `read_status` int(11) DEFAULT NULL,
  `notification_date` date NOT NULL,
  `notification_time` time NOT NULL,
  `notification_title` varchar(255) DEFAULT NULL,
  `notification_body` mediumtext DEFAULT NULL,
  `notified` int(11) DEFAULT NULL
) ENGINE=InnoDB DEFAULT CHARSET=utf8mb4;

--
-- Dumping data for table `emp_notifications`
--

INSERT INTO `emp_notifications` (`notification_id`, `event_id`, `notify_to`, `notify_from`, `read_status`, `notification_date`, `notification_time`, `notification_title`, `notification_body`, `notified`) VALUES
(1, 1, 2006, 500, NULL, '2021-10-22', '15:01:51', 'Muhammad Usman', 'usman', NULL),
(2, 1, 502, 500, 1, '2021-10-22', '15:02:12', 'Muhammad Usman', 'yes', 1),
(3, 1, 502, 500, 1, '2021-10-22', '15:02:16', 'Muhammad Usman', 'bolona', 1),
(4, 1, 500, 503, 0, '2021-10-22', '15:44:35', 'Muhammad Malahim', 'Yes', 1),
(5, 1, 500, 503, 0, '2021-10-25', '12:55:40', 'Muhammad Malahim', 'Yes', 1),
(6, 1, 502, 500, 0, '2021-10-25', '17:18:47', 'Muhammad Usman', 'usman', 1),
(7, 1, 500, 503, 0, '2021-10-27', '14:48:24', 'Muhammad Malahim', 'no please', 1),
(8, 1, 500, 503, 0, '2021-10-27', '15:14:03', 'Muhammad Malahim', 'Yes', 1),
(9, 1, 503, 500, 1, '2021-10-28', '15:39:25', 'Muhammad Usman', 'Hi', 1),
(10, 1, 500, 503, 0, '2021-10-28', '17:11:38', 'Muhammad Malahim', 'Hi there', 1),
(11, 1, 500, 502, 0, '2021-11-02', '09:59:53', 'Ishtiaq Ahmed', 'Hi', 1),
(12, 2, 1011, 500, 0, '2021-11-02', '11:25:49', 'Muhammad Usman', 'has sent you the Leave Application', 1),
(13, 2, 1011, 502, 0, '2021-11-02', '11:30:38', 'Ishtiaq Ahmed', 'has sent you the Leave Application', 1),
(14, 2, 1011, 503, 0, '2021-11-02', '11:31:53', 'Muhammad Malahim', 'has sent you the Leave Application', 1),
(15, 2, 500, 1011, 0, '2021-11-02', '16:24:51', 'Muhammad Usman', 'Your Application is viewed', 1),
(16, 2, 1011, 503, 0, '2021-11-02', '16:50:48', 'Muhammad Malahim', 'has sent you the Short Leave Application', 1),
(17, 2, 503, 1011, 1, '2021-11-02', '16:51:06', 'Muhammad Usman', 'Your Application is viewed', 1),
(18, 2, 2004, 503, 1, '2021-11-03', '10:06:15', 'Muhammad Malahim', 'has sent you the Leave Application', 1),
(19, 2, 503, 2004, 1, '2021-11-03', '10:06:28', 'Muhammad Usman', 'Your Application is viewed', 1),
(20, 2, 503, 2004, 1, '2021-11-03', '10:06:28', 'Muhammad Usman', 'Your Application is viewed', 1),
(21, 2, 503, 2004, 1, '2021-11-03', '10:06:43', 'Muhammad Usman', 'Your Application is Accepted', 1),
(22, 2, 2004, 503, 1, '2021-11-03', '10:09:16', 'Muhammad Malahim', 'has sent you the Leave Application', 1),
(23, 2, 503, 2004, 1, '2021-11-03', '10:09:23', 'Muhammad Usman', 'Your Application is viewed', 1),
(24, 2, 503, 2004, 1, '2021-11-03', '10:09:36', 'Muhammad Usman', 'Your Application is Accepted', 1),
(25, 2, 2004, 502, 1, '2021-11-03', '10:12:42', 'Ishtiaq Ahmed', 'has sent you the Leave Application', 1),
(26, 2, 502, 2004, 1, '2021-11-03', '10:13:05', 'Muhammad Usman', 'Your Application is viewed', 1),
(27, 2, 502, 2004, 1, '2021-11-03', '10:13:14', 'Muhammad Usman', 'Your Application is Accepted', 1),
(28, 2, 2004, 502, 1, '2021-11-03', '10:57:58', 'Ishtiaq Ahmed', 'has sent you the Short Leave Application', 1),
(29, 2, 502, 2004, 1, '2021-11-03', '11:04:11', 'Muhammad Usman', 'Your Application is viewed', 1),
(30, 2, 2004, 503, 1, '2021-11-03', '12:13:28', 'Muhammad Malahim', 'has sent you the Short Leave Application', 1),
(31, 2, 503, 2004, 1, '2021-11-03', '12:13:41', 'Muhammad Usman', 'Your Application is viewed', 1),
(32, 2, 2004, 200, 1, '2021-11-03', '12:20:15', 'Antash Javaid', 'has sent you the Short Leave Application', 1),
(33, 2, 200, 2004, 0, '2021-11-03', '12:20:18', 'Muhammad Usman', 'Your Application is viewed', 1),
(34, 2, 2004, 200, 1, '2021-11-03', '12:36:34', 'Antash Javaid', 'has sent you the Short Leave Application', 1),
(35, 2, 200, 2004, 0, '2021-11-03', '12:36:38', 'Muhammad Usman', 'Your Application is viewed', 1),
(36, 2, 2004, 1001, 1, '2021-11-03', '12:40:00', 'Muhammad Iqbal', 'has sent you the Short Leave Application', 1),
(37, 2, 1001, 2004, 1, '2021-11-03', '12:40:05', 'Muhammad Usman', 'Your Application is viewed', 1),
(38, 2, 2004, 1001, 1, '2021-11-03', '12:41:32', 'Muhammad Iqbal', 'has sent you the Short Leave Application', 1),
(39, 2, 1001, 2004, 1, '2021-11-03', '12:41:35', 'Muhammad Usman', 'Your Application is viewed', 1),
(40, 2, 1001, 2004, 1, '2021-11-03', '12:42:56', 'Muhammad Usman', 'Your Application is viewed', 1),
(41, 2, 1001, 2004, 1, '2021-11-03', '12:43:56', 'Muhammad Usman', 'Your Application is viewed', 1),
(42, 2, 200, 2004, 0, '2021-11-03', '12:44:53', 'Muhammad Usman', 'Your Application is viewed', 1),
(43, 2, 200, 2004, 0, '2021-11-03', '12:45:48', 'Muhammad Usman', 'Your Application is viewed', 1),
(44, 2, 503, 2004, 1, '2021-11-03', '12:46:35', 'Muhammad Usman', 'Your Application is viewed', 1),
(45, 2, 2004, 2000, 1, '2021-11-03', '12:47:37', 'Samiullah Farooq', 'has sent you the Short Leave Application', 1),
(46, 2, 2000, 2004, NULL, '2021-11-03', '12:47:42', 'Muhammad Usman', 'Your Application is viewed', 1),
(47, 2, 503, 2004, 1, '2021-11-03', '12:53:25', 'Muhammad Usman', 'Your Application is viewed', 1),
(48, 2, 2004, 1004, 1, '2021-11-03', '12:54:17', 'Fahad', 'has sent you the Short Leave Application', 1),
(49, 2, 1004, 2004, NULL, '2021-11-03', '12:54:21', 'Muhammad Usman', 'Your Application is viewed', 1),
(50, 1, 502, 500, 1, '2021-11-03', '14:12:21', 'Muhammad Usman', 'Hi there I\'m Usman', 1),
(51, 1, 500, 502, 0, '2021-11-03', '14:13:09', 'Ishtiaq Ahmed', 'What are you doing?', 1),
(52, 1, 502, 500, 0, '2021-11-03', '14:13:14', 'Muhammad Usman', 'Nothing', 1),
(53, 1, 500, 502, 0, '2021-11-03', '14:13:21', 'Ishtiaq Ahmed', 'So what?', 1),
(54, 2, 2004, 1004, 1, '2021-11-03', '14:50:41', 'Fahad', 'has sent you the Leave Application', 1),
(55, 2, 1004, 2004, NULL, '2021-11-03', '14:51:00', 'Muhammad Usman', 'Your Application is viewed', 1),
(56, 2, 2004, 502, 1, '2021-11-03', '14:57:34', 'Ishtiaq Ahmed', 'has sent you the Short Leave Application', 1),
(57, 2, 1004, 2004, NULL, '2021-11-03', '17:36:16', 'Muhammad Usman', 'Your Application is Accepted', 1),
(58, 2, 2004, 503, 1, '2021-11-03', '17:37:34', 'Muhammad Malahim', 'has sent you the Leave Application', 1),
(59, 2, 503, 2004, 1, '2021-11-03', '17:37:38', 'Muhammad Usman', 'Your Application is viewed', 1),
(60, 2, 503, 2004, 1, '2021-11-03', '17:37:56', 'Muhammad Usman', 'Your Application is Accepted', 1),
(61, 2, 2004, 503, 1, '2021-11-03', '17:39:27', 'Muhammad Malahim', 'has sent you the Short Leave Application', 1),
(62, 2, 2004, 503, 1, '2021-11-03', '17:40:00', 'Muhammad Malahim', 'has sent you the Leave Application', 1),
(63, 2, 503, 2004, 1, '2021-11-03', '17:40:18', 'Muhammad Usman', 'Your Application is viewed', 1),
(64, 2, 503, 2004, 1, '2021-11-03', '17:40:33', 'Muhammad Usman', 'Your Application is Rejected', 1),
(65, 1, 200, 503, 0, '2021-11-03', '17:53:40', 'Muhammad Malahim', 'Hi', 1),
(66, 1, 502, 500, 1, '2021-11-05', '11:43:03', 'Muhammad Usman', 'I want to be a good muslim', 1),
(67, 1, 504, 500, NULL, '2021-11-05', '12:22:41', 'Muhammad Usman', 'Hello there', NULL),
(68, 2, 502, 2004, 1, '2021-11-05', '12:39:14', 'Muhammad Usman', 'Your Application is viewed', 1),
(69, 1, 502, 500, 1, '2021-11-08', '11:24:28', 'Muhammad Usman', 'Hi there ', 1),
(70, 1, 502, 500, 1, '2021-11-09', '11:54:38', 'Muhammad Usman', 'https://192.168.100.16:3000/#/download_drive/500_1636440874675', 1),
(71, 1, 504, 500, NULL, '2021-11-09', '12:06:08', 'Muhammad Usman', 'https://192.168.100.16:3000/#/download_drive/500_1636441565349===', NULL),
(72, 1, 200, 500, 0, '2021-11-09', '12:10:38', 'Muhammad Usman', 'https://192.168.100.16:3000/#/download_drive/500_1636441833972===', 1),
(73, 1, 502, 500, 1, '2021-11-09', '12:12:36', 'Muhammad Usman', 'https://192.168.100.16:3000/#/download_drive/500_1636441955293===', 1),
(74, 1, 506, 500, NULL, '2021-11-09', '12:23:17', 'Muhammad Usman', 'https://192.168.100.16:3000/#/download_drive/500_1636442595341===', NULL),
(75, 1, 1000, 500, NULL, '2021-11-09', '12:24:25', 'Muhammad Usman', 'https://192.168.100.16:3000/#/download_drive/500_1636442660126===', NULL),
(76, 1, 1000, 500, NULL, '2021-11-09', '12:25:18', 'Muhammad Usman', 'https://192.168.100.16:3000/#/download_drive/500_1636442716533===', NULL),
(77, 1, 1000, 500, NULL, '2021-11-09', '12:25:51', 'Muhammad Usman', 'https://192.168.100.16:3000/#/download_drive/500_1636442749540===', NULL),
(78, 1, 502, 500, 1, '2021-11-09', '12:27:04', 'Muhammad Usman', 'https://192.168.100.16:3000/#/download_drive/500_1636442822917===', 1),
(79, 1, 1006, 500, NULL, '2021-11-09', '12:30:54', 'Muhammad Usman', 'https://192.168.100.16:3000/#/download_drive/500_1636443052918===', NULL),
(80, 1, 2000, 500, NULL, '2021-11-09', '12:32:30', 'Muhammad Usman', 'https://192.168.100.16:3000/#/download_drive/500_1636443148517===', NULL),
(81, 1, 2000, 500, NULL, '2021-11-09', '12:35:12', 'Muhammad Usman', 'https://192.168.100.16:3000/#/download_drive/500_1636443311285===', NULL),
(82, 1, 2000, 500, NULL, '2021-11-09', '12:36:35', 'Muhammad Usman', 'https://192.168.100.16:3000/#/download_drive/500_1636443394054===', NULL),
(83, 1, 1011, 500, 0, '2021-11-09', '12:41:15', 'Muhammad Usman', 'https://192.168.100.16:3000/#/download_drive/500_1636443673935===', 1),
(84, 1, 2001, 500, NULL, '2021-11-09', '12:42:45', 'Muhammad Usman', 'https://192.168.100.16:3000/#/download_drive/500_1636443763374===', NULL),
(85, 1, 1010, 500, NULL, '2021-11-09', '12:58:13', 'Muhammad Usman', 'https://192.168.100.16:3000/#/download_drive/500_1636444692087===', NULL),
(86, 1, 1010, 500, NULL, '2021-11-09', '13:03:15', 'Muhammad Usman', 'https://192.168.100.16:3000/#/download_drive/500_1636444994678===', NULL),
(87, 1, 102, 500, NULL, '2021-11-09', '13:11:38', 'Muhammad Usman', 'https://192.168.100.16:3000/#/download_drive/500_1636445496174===', NULL),
(88, 1, 1007, 500, NULL, '2021-11-09', '13:20:53', 'Muhammad Usman', 'https://192.168.100.16:3000/#/download_drive/500_1636446052244===', NULL),
(89, 1, 1007, 500, NULL, '2021-11-09', '14:04:49', 'Muhammad Usman', 'https://192.168.100.16:3000/#/download_drive/500_1636448687272===', NULL),
(90, 1, 1012, 500, NULL, '2021-11-09', '14:10:48', 'Muhammad Usman', 'https://192.168.100.16:3000/#/download_drive/500_1636449014256===', NULL),
(91, 1, 2007, 500, NULL, '2021-11-09', '14:11:56', 'Muhammad Usman', 'https://192.168.100.16:3000/#/download_drive/500_1636449105179===', NULL),
(92, 1, 2004, 500, 1, '2021-11-09', '14:29:35', 'Muhammad Usman', 'https://192.168.100.16:3000/#/download_drive/500_1636450170052===', 1),
(93, 1, 2004, 500, 1, '2021-11-09', '14:31:39', 'Muhammad Usman', 'https://192.168.100.16:3000/#/download_drive/500_1636450288748===', 1),
(94, 1, 2004, 500, 1, '2021-11-09', '14:38:15', 'Muhammad Usman', 'https://192.168.100.16:3000/#/download_drive/500_1636450690883===', 1),
(95, 1, 2012, 500, NULL, '2021-11-09', '14:39:17', 'Muhammad Usman', 'https://192.168.100.16:3000/#/download_drive/500_1636450752995===', NULL),
(96, 1, 2012, 500, NULL, '2021-11-09', '14:40:57', 'Muhammad Usman', 'https://192.168.100.16:3000/#/download_drive/500_1636450852580===', NULL),
(97, 1, 2011, 500, NULL, '2021-11-09', '14:43:51', 'Muhammad Usman', 'https://192.168.100.16:3000/#/download_drive/500_1636451023435===', NULL),
(98, 1, 2004, 500, 1, '2021-11-09', '14:46:04', 'Muhammad Usman', 'https://192.168.100.16:3000/#/download_drive/500_1636451158904===', 1),
(99, 1, 1000, 500, NULL, '2021-11-09', '14:48:42', 'Muhammad Usman', 'https://192.168.100.16:3000/#/download_drive/500_1636451318288===', NULL),
(100, 1, 502, 500, 1, '2021-11-09', '14:49:22', 'Muhammad Usman', 'https://192.168.100.16:3000/#/download_drive/500_1636451354935===', 1),
(101, 1, 200, 500, 0, '2021-11-09', '14:49:58', 'Muhammad Usman', 'https://192.168.100.16:3000/#/download_drive/500_1636451391435===', 1),
(102, 1, 200, 500, 0, '2021-11-09', '14:54:28', 'Muhammad Usman', 'https://192.168.100.16:3000/#/download_drive/500_1636451663637===', 1),
(103, 1, 200, 500, 0, '2021-11-09', '14:54:57', 'Muhammad Usman', 'https://192.168.100.16:3000/#/download_drive/500_1636451693789===', 1),
(104, 1, 200, 500, 0, '2021-11-09', '14:55:36', 'Muhammad Usman', 'https://192.168.100.16:3000/#/download_drive/500_1636451734828===', 1),
(105, 1, 200, 500, 0, '2021-11-09', '14:58:36', 'Muhammad Usman', 'https://192.168.100.16:3000/#/download_drive/500_1636451914508===', 1),
(106, 1, 200, 500, 0, '2021-11-09', '14:59:03', 'Muhammad Usman', 'https://192.168.100.16:3000/#/download_drive/500_1636451938876===', 1),
(107, 1, 1012, 500, NULL, '2021-11-09', '15:00:56', 'Muhammad Usman', 'https://192.168.100.16:3000/#/download_drive/500_1636452054430===', NULL),
(108, 1, 2007, 500, NULL, '2021-11-09', '15:01:46', 'Muhammad Usman', 'https://192.168.100.16:3000/#/download_drive/500_1636452101069===', NULL),
(109, 1, 2007, 500, NULL, '2021-11-09', '15:03:55', 'Muhammad Usman', 'https://192.168.100.16:3000/#/download_drive/500_1636452216111===', NULL),
(110, 1, 2007, 500, NULL, '2021-11-09', '15:04:27', 'Muhammad Usman', 'https://192.168.100.16:3000/#/download_drive/500_1636452260048===', NULL),
(111, 1, 2007, 500, NULL, '2021-11-09', '15:07:40', 'Muhammad Usman', 'https://192.168.100.16:3000/#/download_drive/500_1636452451950===', NULL),
(112, 1, 504, 500, NULL, '2021-11-09', '15:08:41', 'Muhammad Usman', 'https://192.168.100.16:3000/#/download_drive/500_1636452517093===', NULL),
(113, 1, 505, 500, NULL, '2021-11-09', '15:10:04', 'Muhammad Usman', 'https://192.168.100.16:3000/#/download_drive/500_1636452602587===', NULL),
(114, 1, 504, 500, NULL, '2021-11-09', '15:12:29', 'Muhammad Usman', 'https://192.168.100.16:3000/#/download_drive/500_1636452745670===', NULL),
(115, 1, 2007, 500, NULL, '2021-11-09', '15:13:27', 'Muhammad Usman', 'https://192.168.100.16:3000/#/download_drive/500_1636452806756===', NULL),
(116, 1, 1000, 500, NULL, '2021-11-09', '15:14:47', 'Muhammad Usman', 'https://192.168.100.16:3000/#/download_drive/500_1636452886285===', NULL),
(117, 1, 2004, 500, 1, '2021-11-09', '15:15:45', 'Muhammad Usman', 'https://192.168.100.16:3000/#/download_drive/500_1636452944611===', 1),
(118, 1, 1000, 500, NULL, '2021-11-09', '15:17:59', 'Muhammad Usman', 'https://192.168.100.16:3000/#/download_drive/500_1636453078755===', NULL),
(119, 1, 505, 500, NULL, '2021-11-09', '15:20:18', 'Muhammad Usman', 'https://192.168.100.16:3000/#/download_drive/500_1636453218059===', NULL),
(120, 1, 504, 500, NULL, '2021-11-09', '15:23:38', 'Muhammad Usman', 'https://192.168.100.16:3000/#/download_drive/500_1636453417436===', NULL),
(121, 1, 2011, 500, NULL, '2021-11-09', '15:24:01', 'Muhammad Usman', 'https://192.168.100.16:3000/#/download_drive/500_1636453440331===', NULL),
(122, 1, 200, 500, 0, '2021-11-09', '15:26:05', 'Muhammad Usman', 'https://192.168.100.16:3000/#/download_drive/500_1636453560978===', 1),
(123, 2, 2004, 503, 1, '2021-11-09', '15:33:10', 'Muhammad Malahim', 'has sent you the Leave Application', 1),
(124, 2, 503, 2004, 1, '2021-11-09', '15:33:26', 'Muhammad Usman', 'Your Application is viewed', 1),
(125, 1, 503, 502, 1, '2021-11-09', '15:36:03', 'Ishtiaq Ahmed', 'https://192.168.100.16:3000/#/download_drive/502_1636454159315===', 1),
(126, 1, 502, 503, 1, '2021-11-09', '15:40:54', 'Muhammad Malahim', 'https://192.168.100.16:3000/#/download_drive/503_1636454447631===', 1),
(127, 1, 503, 502, 1, '2021-11-09', '15:45:36', 'Ishtiaq Ahmed', 'https://192.168.100.16:3000/#/download_drive/502_1636454733868===', 1),
(128, 1, 503, 502, 1, '2021-11-09', '15:47:33', 'Ishtiaq Ahmed', 'https://192.168.100.16:3000/#/download_drive/502_1636454851965===', 1),
(129, 1, 503, 502, 1, '2021-11-09', '15:50:03', 'Ishtiaq Ahmed', 'https://192.168.100.16:3000/#/download_drive/502_1636455001772===', 1),
(130, 1, 503, 502, 1, '2021-11-09', '15:51:48', 'Ishtiaq Ahmed', 'https://192.168.100.16:3000/#/download_drive/502_1636455106693===', 1),
(131, 1, 503, 502, 1, '2021-11-09', '15:54:23', 'Ishtiaq Ahmed', 'https://192.168.100.16:3000/#/download_drive/502_1636455261700===', 1),
(132, 1, 503, 502, 1, '2021-11-09', '15:54:45', 'Ishtiaq Ahmed', 'https://192.168.100.16:3000/#/download_drive/502_1636455284237===', 1),
(133, 1, 500, 503, 0, '2021-11-10', '14:48:04', 'Muhammad Malahim', 'Hi mister', 1),
(134, 1, 500, 503, 0, '2021-11-10', '14:48:41', 'Muhammad Malahim', 'I\'m in Pakistan ', 1),
(135, 1, 502, 503, 1, '2021-11-10', '15:04:28', 'Muhammad Malahim', 'https://192.168.100.16:3000/#/download_drive/503_1636538662676===', 1),
(136, 1, 500, 503, 0, '2021-11-10', '15:06:49', 'Muhammad Malahim', 'Hi', 1),
(137, 1, 1000, 503, NULL, '2021-11-10', '15:07:26', 'Muhammad Malahim', 'https://192.168.100.16:3000/#/download_drive/503_1636538842308===', NULL),
(138, 1, 503, 500, 1, '2021-11-10', '15:34:39', 'Muhammad Usman', 'https://192.168.100.16:3000/#/download_drive/500_1636540476574===', 1),
(139, 1, 200, 503, 0, '2021-11-10', '15:36:17', 'Muhammad Malahim', 'https://192.168.100.16:3000/#/download_drive/503_1636540571655===', 1),
(140, 1, 503, 500, 1, '2021-11-11', '09:57:35', 'Muhammad Usman', 'hi', 1),
(141, 1, 503, 500, 1, '2021-11-11', '12:09:49', 'Muhammad Usman', 'https://192.168.100.16:3000/#/download_drive/500_1636614583932===', 1),
(142, 1, 500, 503, 0, '2021-11-11', '12:15:19', 'Muhammad Malahim', 'https://192.168.100.16:3000/#/download_drive/503_1636614913698===', 1),
(143, 1, 500, 503, 0, '2021-11-11', '12:18:29', 'Muhammad Malahim', 'https://192.168.100.16:3000/#/download_drive/503_1636615103385===', 1),
(144, 1, 503, 500, 1, '2021-11-11', '12:18:32', 'Muhammad Usman', 'OMG', 1),
(145, 1, 503, 500, 1, '2021-11-17', '14:13:00', 'Muhammad Usman', 'oh my god', 1),
(146, 1, 503, 500, 1, '2021-11-17', '14:18:09', 'Muhammad Usman', 'yes', 1),
(147, 1, 503, 500, 1, '2021-11-17', '14:18:14', 'Muhammad Usman', 'so what', 1),
(148, 1, 101, 500, NULL, '2021-11-17', '14:18:23', 'Muhammad Usman', 'neee kar', NULL),
(149, 2, 2004, 500, 1, '2021-11-17', '14:32:07', 'Muhammad Usman', 'has sent you the Leave Application', 1),
(150, 2, 500, 2004, 0, '2021-11-17', '14:32:13', 'Muhammad Usman', 'Your Application is viewed', 1),
(151, 2, 500, 2004, 0, '2021-11-17', '14:32:22', 'Muhammad Usman', 'Your Application is Accepted', 1),
(152, 2, 2004, 500, 1, '2021-11-17', '14:54:49', 'Muhammad Usman', 'has sent you the Leave Application', 1),
(153, 2, 500, 2004, 0, '2021-11-17', '14:54:53', 'Muhammad Usman', 'Your Application is viewed', 1),
(154, 2, 500, 2004, 0, '2021-11-17', '14:55:02', 'Muhammad Usman', 'Your Application is Accepted', 1),
(155, 2, 2004, 500, 1, '2021-11-17', '15:01:58', 'Muhammad Usman', 'has sent you the Short Leave Application', 1),
(156, 2, 500, 2004, 0, '2021-11-17', '15:02:01', 'Muhammad Usman', 'Your Application is viewed', 1),
(157, 2, 2004, 500, 1, '2021-11-17', '15:03:34', 'Muhammad Usman', 'has sent you the Short Leave Application', 1),
(158, 2, 500, 2004, 0, '2021-11-17', '15:03:36', 'Muhammad Usman', 'Your Application is viewed', 1),
(159, 2, 2004, 502, 1, '2021-11-17', '15:06:45', 'Ishtiaq Ahmed', 'has sent you the Leave Application', 1),
(160, 2, 502, 2004, 1, '2021-11-17', '15:06:48', 'Muhammad Usman', 'Your Application is viewed', 1),
(161, 2, 502, 2004, 1, '2021-11-17', '15:06:59', 'Muhammad Usman', 'Your Application is Accepted', 1),
(162, 2, 2004, 502, 1, '2021-11-17', '15:07:43', 'Ishtiaq Ahmed', 'has sent you the Leave Application', 1),
(163, 2, 502, 2004, 1, '2021-11-17', '15:07:47', 'Muhammad Usman', 'Your Application is viewed', 1),
(164, 2, 502, 2004, 1, '2021-11-17', '15:07:56', 'Muhammad Usman', 'Your Application is Accepted', 1),
(165, 2, 2004, 502, 1, '2021-11-17', '15:14:15', 'Ishtiaq Ahmed', 'has sent you the Leave Application', 1),
(166, 2, 502, 2004, 1, '2021-11-17', '15:14:18', 'Muhammad Usman', 'Your Application is viewed', 1),
(167, 2, 502, 2004, 1, '2021-11-17', '15:14:23', 'Muhammad Usman', 'Your Application is Accepted', 1),
(168, 2, 2004, 502, 1, '2021-11-17', '15:15:11', 'Ishtiaq Ahmed', 'has sent you the Leave Application', 1),
(169, 2, 502, 2004, 1, '2021-11-17', '15:15:13', 'Muhammad Usman', 'Your Application is viewed', 1),
(170, 2, 502, 2004, 1, '2021-11-17', '15:15:17', 'Muhammad Usman', 'Your Application is Accepted', 1),
(171, 2, 2004, 502, 1, '2021-11-17', '15:17:28', 'Ishtiaq Ahmed', 'has sent you the Leave Application', 1),
(172, 2, 502, 2004, 1, '2021-11-17', '15:17:31', 'Muhammad Usman', 'Your Application is viewed', 1),
(173, 2, 502, 2004, 1, '2021-11-17', '15:17:35', 'Muhammad Usman', 'Your Application is Accepted', 1),
(174, 2, 2004, 502, 1, '2021-11-17', '15:19:20', 'Ishtiaq Ahmed', 'has sent you the Leave Application', 1),
(175, 2, 502, 2004, 1, '2021-11-17', '15:19:27', 'Muhammad Usman', 'Your Application is viewed', 1),
(176, 2, 502, 2004, 1, '2021-11-17', '15:19:35', 'Muhammad Usman', 'Your Application is Accepted', 1),
(177, 2, 2004, 503, 1, '2021-11-17', '15:22:36', 'Muhammad Malahim', 'has sent you the Leave Application', 1),
(178, 2, 503, 2004, 1, '2021-11-17', '15:25:02', 'Muhammad Usman', 'Your Application is viewed', 1),
(179, 2, 503, 2004, 1, '2021-11-17', '16:28:48', 'Muhammad Usman', 'Your Application is Accepted', 1),
(180, 1, 503, 500, 1, '2021-11-18', '16:18:31', 'Muhammad Usman', 'hi', 1),
(181, 1, 500, 502, 0, '2021-11-18', '16:19:38', 'Ishtiaq Ahmed', 'Hi', 1),
(182, 1, 500, 502, 0, '2021-11-18', '16:24:13', 'Ishtiaq Ahmed', 'How are you?', 1),
(183, 1, 500, 502, 0, '2021-11-18', '16:24:26', 'Ishtiaq Ahmed', 'What about me?', 1),
(184, 2, 500, 2004, 0, '2021-11-23', '10:03:55', 'Muhammad Usman', 'Your Application is viewed', 1),
(185, 2, 500, 2004, 0, '2021-11-23', '10:04:09', 'Muhammad Usman', 'Your Application is Rejected', 1),
(186, 2, 2004, 502, 1, '2021-11-23', '10:07:05', 'Ishtiaq Ahmed', 'has sent you the Leave Application', 1),
(187, 2, 502, 2004, 1, '2021-11-23', '10:07:12', 'Muhammad Usman', 'Your Application is viewed', 1),
(188, 2, 502, 2004, 1, '2021-11-23', '10:07:46', 'Muhammad Usman', 'Your Application is Accepted', 1),
(189, 2, 2004, 503, 1, '2021-11-23', '10:08:38', 'Muhammad Malahim', 'has sent you the Leave Application', 1),
(190, 2, 503, 2004, 1, '2021-11-23', '10:11:07', 'Muhammad Usman', 'Your Application is viewed', 1),
(191, 2, 503, 2004, 1, '2021-11-23', '10:11:14', 'Muhammad Usman', 'Your Application is Accepted', 1),
(192, 2, 2004, 503, 1, '2021-11-23', '10:12:17', 'Muhammad Malahim', 'has sent you the Short Leave Application', 1),
(193, 2, 503, 2004, 1, '2021-11-23', '10:12:23', 'Muhammad Usman', 'Your Application is viewed', 1),
(194, 2, 2004, 502, 1, '2021-11-23', '10:16:26', 'Ishtiaq Ahmed', 'has sent you the Short Leave Application', 1),
(195, 2, 502, 2004, 1, '2021-11-23', '10:16:28', 'Muhammad Usman', 'Your Application is viewed', 1),
(196, 1, 502, 500, 1, '2021-11-23', '10:17:33', 'Muhammad Usman', 'https://192.168.100.16:3000/#/download_drive/500_1637644651966===', 1),
(197, 1, 502, 500, 1, '2021-11-23', '11:21:58', 'Muhammad Usman', 'https://we.tl/t-kF1T2sZGPJ', 1),
(198, 2, 2004, 200, 1, '2021-11-25', '12:36:26', 'Antash Javaid', 'has sent you the Leave Application', 1),
(199, 2, 200, 2004, 0, '2021-11-25', '12:36:30', 'Muhammad Usman', 'Your Application is viewed', 1),
(200, 2, 200, 2004, 0, '2021-11-25', '12:36:39', 'Muhammad Usman', 'Your Application is Accepted', 1),
(201, 2, 2004, 200, 1, '2021-11-25', '12:37:58', 'Antash Javaid', 'has sent you the Short Leave Application', 1),
(202, 2, 200, 2004, 0, '2021-11-25', '12:38:05', 'Muhammad Usman', 'Your Application is viewed', 1),
(203, 2, 200, 2004, 0, '2021-11-25', '12:38:17', 'Muhammad Usman', 'Your Application is Rejected', 1),
(204, 2, 2004, 200, 1, '2021-11-25', '12:38:34', 'Antash Javaid', 'has sent you the Short Leave Application', 1),
(205, 2, 200, 2004, 0, '2021-11-25', '12:38:36', 'Muhammad Usman', 'Your Application is viewed', 1),
(206, 2, 2004, 200, 1, '2021-11-25', '12:39:47', 'Antash Javaid', 'has sent you the Short Leave Application', 1),
(207, 2, 200, 2004, 0, '2021-11-25', '12:39:49', 'Muhammad Usman', 'Your Application is viewed', 1),
(208, 2, 2004, 200, 1, '2021-11-25', '12:40:20', 'Antash Javaid', 'has sent you the Short Leave Application', 1),
(209, 2, 200, 2004, 0, '2021-11-25', '12:40:23', 'Muhammad Usman', 'Your Application is viewed', 1),
(210, 2, 2004, 200, 1, '2021-11-25', '12:43:30', 'Antash Javaid', 'has sent you the Short Leave Application', 1),
(211, 2, 200, 2004, 0, '2021-11-25', '12:43:57', 'Muhammad Usman', 'Your Application is viewed', 1),
(212, 2, 2004, 200, 1, '2021-11-25', '12:46:37', 'Antash Javaid', 'has sent you the Short Leave Application', 1),
(213, 2, 200, 2004, 0, '2021-11-25', '12:46:42', 'Muhammad Usman', 'Your Application is viewed', 1),
(214, 2, 2004, 200, 1, '2021-11-25', '12:48:26', 'Antash Javaid', 'has sent you the Short Leave Application', 1),
(215, 2, 200, 2004, 0, '2021-11-25', '12:48:32', 'Muhammad Usman', 'Your Application is viewed', 1),
(216, 2, 2004, 200, 1, '2021-11-25', '12:49:55', 'Antash Javaid', 'has sent you the Short Leave Application', 1),
(217, 2, 200, 2004, 0, '2021-11-25', '12:49:57', 'Muhammad Usman', 'Your Application is viewed', 1),
(218, 2, 2004, 502, 1, '2021-11-25', '13:05:43', 'Ishtiaq Ahmed', 'has sent you the Short Leave Application', 1),
(219, 2, 502, 2004, 1, '2021-11-25', '13:05:59', 'Muhammad Usman', 'Your Application is viewed', 1),
(220, 2, 2004, 502, 1, '2021-11-25', '13:07:14', 'Ishtiaq Ahmed', 'has sent you the Short Leave Application', 1),
(221, 2, 502, 2004, 1, '2021-11-25', '13:07:19', 'Muhammad Usman', 'Your Application is viewed', 1),
(222, 2, 2004, 502, 1, '2021-11-25', '13:07:51', 'Ishtiaq Ahmed', 'has sent you the Short Leave Application', 1),
(223, 2, 502, 2004, 1, '2021-11-25', '13:07:55', 'Muhammad Usman', 'Your Application is viewed', 1),
(224, 2, 2004, 502, 1, '2021-11-25', '13:09:17', 'Ishtiaq Ahmed', 'has sent you the Short Leave Application', 1),
(225, 2, 2004, 502, 1, '2021-11-25', '13:10:11', 'Ishtiaq Ahmed', 'has sent you the Short Leave Application', 1),
(226, 2, 502, 2004, 1, '2021-11-25', '13:10:13', 'Muhammad Usman', 'Your Application is viewed', 1),
(227, 2, 2004, 502, 1, '2021-11-25', '13:11:38', 'Ishtiaq Ahmed', 'has sent you the Short Leave Application', 1),
(228, 2, 502, 2004, 1, '2021-11-25', '13:11:41', 'Muhammad Usman', 'Your Application is viewed', 1),
(229, 2, 2004, 503, 1, '2021-11-26', '10:48:48', 'Muhammad Malahim', 'has sent you the Leave Application', 1),
(230, 2, 503, 2004, 1, '2021-11-26', '11:20:14', 'Muhammad Usman', 'Your Application is viewed', 1),
(231, 2, 503, 2004, 1, '2021-11-26', '11:20:18', 'Muhammad Usman', 'Your Application is Rejected', 1),
(232, 2, 2004, 503, 1, '2021-11-26', '11:20:24', 'Muhammad Malahim', 'has sent you the Leave Application', 1),
(233, 2, 503, 2004, 1, '2021-11-26', '11:20:27', 'Muhammad Usman', 'Your Application is viewed', 1),
(234, 2, 503, 2004, 1, '2021-11-26', '11:20:34', 'Muhammad Usman', 'Your Application is Accepted', 1),
(235, 2, 2004, 503, 1, '2021-11-26', '11:25:49', 'Muhammad Malahim', 'has sent you the Leave Application', 1),
(236, 2, 503, 2004, 1, '2021-11-26', '11:25:51', 'Muhammad Usman', 'Your Application is viewed', 1),
(237, 3, 500, 503, 0, '2021-11-29', '15:46:42', 'Muhammad Malahim', 'has post new purchase request on portal', 1),
(238, 3, 503, 500, 1, '2021-11-29', '15:57:39', 'Muhammad Usman', 'is viewing your purchase request', 1),
(239, 3, 503, 500, 1, '2021-11-29', '15:58:00', 'Muhammad Usman', 'Your request has been discard due to the reason its is so ugly', 1),
(240, 3, 503, 500, 1, '2021-11-29', '15:58:21', 'Muhammad Usman', 'is viewing your purchase request', 1),
(241, 3, 1008, 500, NULL, '2021-11-29', '15:59:26', 'Muhammad Usman', 'is viewing your purchase request', NULL),
(242, 3, 1008, 500, NULL, '2021-11-29', '16:00:36', 'Muhammad Usman', 'Your request has been sent for approval', NULL),
(243, 3, 500, 503, 0, '2021-11-29', '16:01:18', 'Muhammad Malahim', 'has post new purchase request on portal', 1),
(244, 3, 503, 500, 1, '2021-11-29', '16:01:40', 'Muhammad Usman', 'is viewing your purchase request', 1),
(245, 3, 503, 500, 1, '2021-11-29', '16:02:03', 'Muhammad Usman', 'Your request has been sent for approval', 1),
(246, 3, 503, 500, 1, '2021-11-29', '16:02:21', 'Muhammad Usman', 'Your request has been approved', 1),
(247, 3, 500, 503, 0, '2021-11-29', '16:06:21', 'Muhammad Malahim', 'He received his item', 1),
(248, 3, 500, 500, 0, '2021-11-30', '09:38:55', 'Muhammad Usman', 'New purchase request on portal', 1),
(249, 3, 500, 200, 0, '2021-11-30', '09:39:01', 'Antash Javaid', 'He is viewing your purchase request', 1),
(250, 3, 500, 200, 0, '2021-11-30', '09:40:41', 'Antash Javaid', 'Your request has been sent for approval', 1),
(251, 3, 500, 2013, 0, '2021-11-30', '09:44:42', 'Salman Punjwani', 'Your request has been approved', 1),
(252, 3, 200, 500, 0, '2021-11-30', '09:46:22', 'Muhammad Usman', 'He received his item', 1),
(253, 3, 500, 1001, 0, '2021-11-30', '09:48:06', 'Muhammad Iqbal', 'New purchase request on portal', 1),
(254, 3, 1001, 2013, NULL, '2021-11-30', '09:48:10', 'Salman Punjwani', 'He is viewing your purchase request', 1),
(255, 3, 502, 200, 1, '2021-11-30', '10:47:13', 'Antash Javaid', 'He is viewing your purchase request', 1),
(256, 3, 502, 200, 1, '2021-11-30', '10:47:35', 'Antash Javaid', 'Your request has been sent for approval', 1),
(257, 3, 502, 2013, 1, '2021-11-30', '10:47:53', 'Salman Punjwani', 'Your request has been approved', 1),
(258, 3, 200, 502, 0, '2021-11-30', '10:48:03', 'Ishtiaq Ahmed', 'He received his item', 1),
(259, 3, 503, 200, 1, '2021-11-30', '10:50:59', 'Antash Javaid', 'He is viewing your purchase request', 1),
(260, 3, 503, 200, 1, '2021-11-30', '10:52:01', 'Antash Javaid', 'Your request has been sent for approval', 1),
(261, 3, 503, 2013, 1, '2021-11-30', '10:53:15', 'Salman Punjwani', 'Your request has been approved', 1),
(262, 3, 200, 503, 0, '2021-11-30', '10:53:46', 'Muhammad Malahim', 'He received his item', 1),
(263, 3, 200, 2013, 0, '2021-11-30', '11:19:46', 'Salman Punjwani', 'New purchase request on portal', 1),
(264, 3, 500, 2013, 0, '2021-11-30', '11:19:46', 'Salman Punjwani', 'New purchase request on portal', 1),
(265, 3, 2013, 2013, 1, '2021-11-30', '11:19:46', 'Salman Punjwani', 'New purchase request on portal', 1),
(266, 3, 2013, 200, 1, '2021-11-30', '11:19:54', 'Antash Javaid', 'He is viewing your purchase request', 1),
(267, 3, 2013, 200, 1, '2021-11-30', '11:59:32', 'Antash Javaid', 'Your request has been sent for approval', 1),
(268, 3, 2013, 2013, 1, '2021-11-30', '11:59:55', 'Salman Punjwani', 'Your request has been approved', 1),
(269, 3, 200, 2013, 0, '2021-11-30', '12:00:20', 'Salman Punjwani', 'He received his item', 1),
(270, 3, 200, 502, 0, '2021-11-30', '12:55:20', 'Ishtiaq Ahmed', 'New purchase request on portal', 1),
(271, 3, 500, 502, 0, '2021-11-30', '12:55:20', 'Ishtiaq Ahmed', 'New purchase request on portal', 1),
(272, 3, 2013, 502, 1, '2021-11-30', '12:55:20', 'Ishtiaq Ahmed', 'New purchase request on portal', 1),
(273, 3, 502, 200, 1, '2021-11-30', '12:55:46', 'Antash Javaid', 'He is viewing your purchase request', 1),
(274, 3, 502, 200, 1, '2021-11-30', '12:56:28', 'Antash Javaid', 'Your request has been sent for approval', 1),
(275, 3, 502, 2013, 1, '2021-11-30', '12:56:51', 'Salman Punjwani', 'Your request has been approved', 1),
(276, 3, 200, 502, 0, '2021-11-30', '12:57:03', 'Ishtiaq Ahmed', 'He received his item', 1),
(277, 3, 200, 500, 0, '2021-11-30', '14:20:46', 'Muhammad Usman', 'New purchase request on portal', 1),
(278, 3, 2013, 500, 1, '2021-11-30', '14:20:46', 'Muhammad Usman', 'New purchase request on portal', 1),
(279, 3, 500, 500, 0, '2021-11-30', '14:20:46', 'Muhammad Usman', 'New purchase request on portal', 1),
(280, 3, 500, 200, 0, '2021-11-30', '14:21:07', 'Antash Javaid', 'He is viewing your purchase request', 1),
(281, 3, 200, 500, 0, '2021-11-30', '14:24:11', 'Muhammad Usman', 'New purchase request on portal', 1),
(282, 3, 500, 500, 0, '2021-11-30', '14:24:11', 'Muhammad Usman', 'New purchase request on portal', 1),
(283, 3, 2013, 500, 1, '2021-11-30', '14:24:11', 'Muhammad Usman', 'New purchase request on portal', 1),
(284, 3, 200, 500, 0, '2021-11-30', '14:24:29', 'Muhammad Usman', 'New purchase request on portal', 1),
(285, 3, 500, 500, 0, '2021-11-30', '14:24:29', 'Muhammad Usman', 'New purchase request on portal', 1),
(286, 3, 2013, 500, 1, '2021-11-30', '14:24:29', 'Muhammad Usman', 'New purchase request on portal', 1),
(287, 3, 200, 500, 0, '2021-11-30', '14:30:09', 'Muhammad Usman', 'New purchase request on portal', 1),
(288, 3, 500, 500, 0, '2021-11-30', '14:30:09', 'Muhammad Usman', 'New purchase request on portal', 1),
(289, 3, 2013, 500, 1, '2021-11-30', '14:30:09', 'Muhammad Usman', 'New purchase request on portal', 1),
(290, 3, 1008, 200, NULL, '2021-11-30', '14:30:27', 'Antash Javaid', 'He is viewing your purchase request', NULL),
(291, 3, 200, 500, 0, '2021-11-30', '14:49:12', 'Muhammad Usman', 'New purchase request on portal', 1),
(292, 3, 500, 500, 0, '2021-11-30', '14:49:12', 'Muhammad Usman', 'New purchase request on portal', 1),
(293, 3, 2013, 500, 1, '2021-11-30', '14:49:12', 'Muhammad Usman', 'New purchase request on portal', 1),
(294, 3, 1008, 200, NULL, '2021-11-30', '14:49:18', 'Antash Javaid', 'He is viewing your purchase request', NULL),
(295, 3, 200, 500, 0, '2021-11-30', '14:49:39', 'Muhammad Usman', 'New purchase request on portal', 1),
(296, 3, 500, 500, 0, '2021-11-30', '14:49:39', 'Muhammad Usman', 'New purchase request on portal', 1),
(297, 3, 2013, 500, 1, '2021-11-30', '14:49:39', 'Muhammad Usman', 'New purchase request on portal', 1),
(298, 3, 101, 200, NULL, '2021-11-30', '14:49:41', 'Antash Javaid', 'He is viewing your purchase request', NULL),
(299, 3, 101, 200, NULL, '2021-11-30', '14:51:41', 'Antash Javaid', 'Your request has been sent for approval', NULL),
(300, 3, 1008, 200, NULL, '2021-11-30', '15:10:44', 'Antash Javaid', 'Your request has been sent for approval', NULL),
(301, 3, 101, 2013, NULL, '2021-11-30', '15:27:19', 'Salman Punjwani', 'Your request has been approved', NULL),
(302, 3, 1008, 2013, NULL, '2021-11-30', '15:28:55', 'Salman Punjwani', 'Your request has been approved', NULL),
(303, 3, 200, 500, 0, '2021-11-30', '15:29:50', 'Muhammad Usman', 'New purchase request on portal', 1),
(304, 3, 500, 500, 0, '2021-11-30', '15:29:50', 'Muhammad Usman', 'New purchase request on portal', 1),
(305, 3, 2013, 500, 1, '2021-11-30', '15:29:50', 'Muhammad Usman', 'New purchase request on portal', 1),
(306, 3, 500, 200, 0, '2021-11-30', '15:30:43', 'Antash Javaid', 'He is viewing your purchase request', 1),
(307, 2, 2004, 200, 1, '2021-11-30', '15:33:33', 'Antash Javaid', 'Antash Javaid apply for a short leave on the portal', 1),
(308, 2, 2004, 200, NULL, '2021-11-30', '15:34:55', 'Antash Javaid', 'Antash Javaid apply for a short leave on the portal', 1),
(309, 2, 2004, 200, NULL, '2021-11-30', '15:36:03', 'Antash Javaid', 'Antash Javaid apply for a short leave on the portal', 1),
(310, 3, 500, 200, 0, '2021-11-30', '16:26:43', 'Antash Javaid', 'Antash Javaid has sent your purchase request with id#3 for approval', 1),
(311, 3, 500, 2013, 0, '2021-11-30', '16:34:51', 'Salman Punjwani', 'Salman Punjwani has approved your purchase request with id#3', 1),
(312, 3, 200, 500, 0, '2021-11-30', '16:37:19', 'Muhammad Usman', 'Muhammad Usman post a new purchase request on the portal', 1),
(313, 3, 500, 500, 0, '2021-11-30', '16:37:19', 'Muhammad Usman', 'Muhammad Usman post a new purchase request on the portal', 1),
(314, 3, 2013, 500, 1, '2021-11-30', '16:37:19', 'Muhammad Usman', 'Muhammad Usman post a new purchase request on the portal', 1),
(315, 3, 500, 200, 0, '2021-11-30', '16:37:32', 'Antash Javaid', 'Antash Javaid has sent your purchase request with id#4 for approval', 1),
(316, 3, 500, 2013, 0, '2021-11-30', '16:37:40', 'Salman Punjwani', 'Salman Punjwani has approved your purchase request with id#4', 1),
(317, 3, 200, 500, 0, '2021-11-30', '16:40:58', 'Muhammad Usman', 'Muhammad Usman post a new purchase request on the portal', 1),
(318, 3, 500, 500, 0, '2021-11-30', '16:40:58', 'Muhammad Usman', 'Muhammad Usman post a new purchase request on the portal', 1),
(319, 3, 2013, 500, 1, '2021-11-30', '16:40:58', 'Muhammad Usman', 'Muhammad Usman post a new purchase request on the portal', 1),
(320, 3, 500, 200, 0, '2021-11-30', '16:42:16', 'Antash Javaid', 'Antash Javaid has sent your purchase request with id#5 for approval', 1),
(321, 3, 200, 500, 1, '2021-11-30', '16:50:11', 'Muhammad Usman', 'Muhammad Usman post a new purchase request on the portal', 1),
(322, 3, 500, 500, 0, '2021-11-30', '16:50:11', 'Muhammad Usman', 'Muhammad Usman post a new purchase request on the portal', 1),
(323, 3, 2013, 500, 1, '2021-11-30', '16:50:11', 'Muhammad Usman', 'Muhammad Usman post a new purchase request on the portal', 1),
(324, 3, 500, 200, 0, '2021-11-30', '16:50:19', 'Antash Javaid', 'Antash Javaid has viewed your purchase request with id#1', 1),
(325, 3, 500, 200, 0, '2021-11-30', '16:50:37', 'Antash Javaid', 'Antash Javaid has sent your purchase request with id#1 for approval', 1),
(326, 3, 200, 500, 1, '2021-11-30', '16:51:39', 'Muhammad Usman', 'Muhammad Usman post a new purchase request on the portal', 1),
(327, 3, 500, 500, 0, '2021-11-30', '16:51:39', 'Muhammad Usman', 'Muhammad Usman post a new purchase request on the portal', 1),
(328, 3, 2013, 500, 1, '2021-11-30', '16:51:39', 'Muhammad Usman', 'Muhammad Usman post a new purchase request on the portal', 1),
(329, 3, 500, 200, 0, '2021-11-30', '16:51:42', 'Antash Javaid', 'Antash Javaid has viewed your purchase request with id#1', 1),
(330, 3, 500, 200, 0, '2021-11-30', '16:51:58', 'Antash Javaid', 'Antash Javaid has sent your purchase request with id#1 for approval', 1),
(331, 3, 200, 500, 1, '2021-11-30', '16:56:45', 'Muhammad Usman', 'Muhammad Usman post a new purchase request on the portal', 1),
(332, 3, 500, 500, 0, '2021-11-30', '16:56:45', 'Muhammad Usman', 'Muhammad Usman post a new purchase request on the portal', 1),
(333, 3, 2013, 500, 1, '2021-11-30', '16:56:45', 'Muhammad Usman', 'Muhammad Usman post a new purchase request on the portal', 1),
(334, 3, 500, 200, 0, '2021-11-30', '16:56:56', 'Antash Javaid', 'Antash Javaid has sent your purchase request with id#2 for approval', 1),
(335, 3, 200, 500, 1, '2021-11-30', '16:58:08', 'Muhammad Usman', 'Muhammad Usman post a new purchase request on the portal', 1),
(336, 3, 500, 500, 0, '2021-11-30', '16:58:08', 'Muhammad Usman', 'Muhammad Usman post a new purchase request on the portal', 1),
(337, 3, 2013, 500, 1, '2021-11-30', '16:58:08', 'Muhammad Usman', 'Muhammad Usman post a new purchase request on the portal', 1),
(338, 3, 500, 200, 0, '2021-11-30', '16:58:17', 'Antash Javaid', 'Antash Javaid has sent your purchase request with id#3 for approval', 1),
(339, 3, 200, 500, 1, '2021-11-30', '17:11:37', 'Muhammad Usman', 'Muhammad Usman post a new purchase request on the portal', 1),
(340, 3, 500, 500, 0, '2021-11-30', '17:11:37', 'Muhammad Usman', 'Muhammad Usman post a new purchase request on the portal', 1),
(341, 3, 2013, 500, 1, '2021-11-30', '17:11:37', 'Muhammad Usman', 'Muhammad Usman post a new purchase request on the portal', 1),
(342, 3, 500, 200, 0, '2021-11-30', '17:11:42', 'Antash Javaid', 'Antash Javaid has viewed your purchase request with id#1', 1),
(343, 3, 500, 200, 0, '2021-11-30', '17:11:43', 'Antash Javaid', 'Antash Javaid has viewed your purchase request with id#1', 1),
(344, 3, 500, 200, 0, '2021-11-30', '17:11:59', 'Antash Javaid', 'Antash Javaid has sent your purchase request with id#1 for approval', 1),
(345, 3, 500, 500, 0, '2021-11-30', '17:12:18', 'Muhammad Usman', 'Muhammad Usman post a new purchase request on the portal', 1),
(346, 3, 200, 500, 1, '2021-11-30', '17:12:18', 'Muhammad Usman', 'Muhammad Usman post a new purchase request on the portal', 1),
(347, 3, 2013, 500, 1, '2021-11-30', '17:12:18', 'Muhammad Usman', 'Muhammad Usman post a new purchase request on the portal', 1),
(348, 3, 500, 200, 0, '2021-11-30', '17:12:23', 'Antash Javaid', 'Antash Javaid has sent your purchase request with id#2 for approval', 1),
(349, 3, 200, 503, 1, '2021-11-30', '17:37:34', 'Muhammad Malahim', 'Muhammad Malahim post a new purchase request on the portal', 1),
(350, 3, 500, 503, 0, '2021-11-30', '17:37:34', 'Muhammad Malahim', 'Muhammad Malahim post a new purchase request on the portal', 1),
(351, 3, 2013, 503, 1, '2021-11-30', '17:37:34', 'Muhammad Malahim', 'Muhammad Malahim post a new purchase request on the portal', 1),
(352, 3, 503, 200, 1, '2021-11-30', '17:41:33', 'Antash Javaid', 'Antash Javaid has viewed your purchase request with id#1', 1),
(353, 3, 503, 200, 1, '2021-11-30', '17:41:48', 'Antash Javaid', 'Antash Javaid has sent your purchase request with id#1 for approval', 1),
(354, 3, 503, 2013, 1, '2021-11-30', '17:42:09', 'Salman Punjwani', 'Salman Punjwani has approved your purchase request with id#1', 1),
(355, 3, 200, 503, 1, '2021-11-30', '17:43:48', 'Muhammad Malahim', 'Muhammad Malahim post a new purchase request on the portal', 1),
(356, 3, 500, 503, 0, '2021-11-30', '17:43:48', 'Muhammad Malahim', 'Muhammad Malahim post a new purchase request on the portal', 1),
(357, 3, 2013, 503, NULL, '2021-11-30', '17:43:48', 'Muhammad Malahim', 'Muhammad Malahim post a new purchase request on the portal', 1),
(358, 3, 503, 200, 1, '2021-11-30', '17:44:16', 'Antash Javaid', 'Antash Javaid has sent your purchase request with id#2 for approval', 1),
(359, 3, 200, 503, 1, '2021-12-01', '10:12:00', 'Muhammad Malahim', 'Muhammad Malahim post a new purchase request on the portal', 1),
(360, 3, 500, 503, 0, '2021-12-01', '10:12:00', 'Muhammad Malahim', 'Muhammad Malahim post a new purchase request on the portal', 1),
(361, 3, 2013, 503, NULL, '2021-12-01', '10:12:00', 'Muhammad Malahim', 'Muhammad Malahim post a new purchase request on the portal', 1),
(362, 3, 503, 200, 1, '2021-12-01', '10:12:38', 'Antash Javaid', 'Antash Javaid has viewed your purchase request with id#1', 1),
(363, 3, 503, 200, 1, '2021-12-01', '10:13:05', 'Antash Javaid', 'Antash Javaid has sent your purchase request with id#1 for approval', 1),
(364, 3, 503, 2013, 1, '2021-12-01', '10:13:47', 'Salman Punjwani', 'Salman Punjwani has approved your purchase request with id#1', 1),
(365, 3, 200, 503, 1, '2021-12-01', '10:14:03', 'Muhammad Malahim', 'Muhammad Malahim has received their items', 1),
(366, 3, 200, 502, 1, '2021-12-01', '10:15:05', 'Ishtiaq Ahmed', 'Ishtiaq Ahmed post a new purchase request on the portal', 1),
(367, 3, 500, 502, 0, '2021-12-01', '10:15:05', 'Ishtiaq Ahmed', 'Ishtiaq Ahmed post a new purchase request on the portal', 1),
(368, 3, 2013, 502, NULL, '2021-12-01', '10:15:05', 'Ishtiaq Ahmed', 'Ishtiaq Ahmed post a new purchase request on the portal', 1),
(369, 3, 502, 200, 1, '2021-12-01', '10:15:25', 'Antash Javaid', 'Antash Javaid has viewed your purchase request with id#2', 1),
(370, 3, 502, 200, 1, '2021-12-01', '10:32:55', 'Antash Javaid', 'Antash Javaid has sent your purchase request with id#2 for approval', 1),
(371, 3, 502, 500, 1, '2021-12-01', '10:39:26', 'Muhammad Usman', 'Muhammad Usman has approved your purchase request with id#2', 1),
(372, 3, 200, 500, 1, '2021-12-01', '11:16:02', 'Muhammad Usman', 'Muhammad Usman post a new purchase request on the portal', 1),
(373, 3, 500, 500, 0, '2021-12-01', '11:16:02', 'Muhammad Usman', 'Muhammad Usman post a new purchase request on the portal', 1),
(374, 3, 2013, 500, NULL, '2021-12-01', '11:16:02', 'Muhammad Usman', 'Muhammad Usman post a new purchase request on the portal', 1),
(375, 3, 500, 200, 0, '2021-12-01', '11:16:12', 'Antash Javaid', 'Antash Javaid has viewed your purchase request with id#1', 1),
(376, 3, 200, 500, 1, '2021-12-01', '11:38:48', 'Muhammad Usman', 'Muhammad Usman post a new purchase request on the portal', 1),
(377, 3, 500, 500, 0, '2021-12-01', '11:38:48', 'Muhammad Usman', 'Muhammad Usman post a new purchase request on the portal', 1),
(378, 3, 2013, 500, NULL, '2021-12-01', '11:38:48', 'Muhammad Usman', 'Muhammad Usman post a new purchase request on the portal', 1),
(379, 3, 200, 500, 1, '2021-12-01', '12:35:44', 'Muhammad Usman', 'Muhammad Usman post a new purchase request on the portal', 1),
(380, 3, 500, 500, 0, '2021-12-01', '12:35:44', 'Muhammad Usman', 'Muhammad Usman post a new purchase request on the portal', 1),
(381, 3, 2013, 500, NULL, '2021-12-01', '12:35:44', 'Muhammad Usman', 'Muhammad Usman post a new purchase request on the portal', 1),
(382, 3, 200, 500, 1, '2021-12-01', '12:40:05', 'Muhammad Usman', 'Muhammad Usman post a new purchase request on the portal', 1),
(383, 3, 500, 500, 0, '2021-12-01', '12:40:05', 'Muhammad Usman', 'Muhammad Usman post a new purchase request on the portal', 1),
(384, 3, 2013, 500, NULL, '2021-12-01', '12:40:05', 'Muhammad Usman', 'Muhammad Usman post a new purchase request on the portal', 1),
(385, 3, 200, 500, 1, '2021-12-01', '13:23:56', 'Muhammad Usman', 'Muhammad Usman post a new purchase request on the portal', 1),
(386, 3, 500, 500, 0, '2021-12-01', '13:23:56', 'Muhammad Usman', 'Muhammad Usman post a new purchase request on the portal', 1),
(387, 3, 2013, 500, NULL, '2021-12-01', '13:23:56', 'Muhammad Usman', 'Muhammad Usman post a new purchase request on the portal', 1),
(388, 3, 200, 500, 1, '2021-12-01', '13:25:31', 'Muhammad Usman', 'Muhammad Usman post a new purchase request on the portal', 1),
(389, 3, 500, 500, 0, '2021-12-01', '13:25:31', 'Muhammad Usman', 'Muhammad Usman post a new purchase request on the portal', 1),
(390, 3, 2013, 500, NULL, '2021-12-01', '13:25:31', 'Muhammad Usman', 'Muhammad Usman post a new purchase request on the portal', 1),
(391, 3, 500, 500, 0, '2021-12-01', '15:13:21', 'Muhammad Usman', 'Muhammad Usman post a new purchase request on the portal', 1),
(392, 3, 200, 500, 1, '2021-12-01', '15:13:21', 'Muhammad Usman', 'Muhammad Usman post a new purchase request on the portal', 1),
(393, 3, 2013, 500, NULL, '2021-12-01', '15:13:21', 'Muhammad Usman', 'Muhammad Usman post a new purchase request on the portal', 1),
(394, 3, 500, 200, 0, '2021-12-01', '15:13:26', 'Antash Javaid', 'Antash Javaid has viewed your purchase request with id#1', 1),
(395, 3, 200, 502, 1, '2021-12-01', '15:14:45', 'Ishtiaq Ahmed', 'Ishtiaq Ahmed post a new purchase request on the portal', 1),
(396, 3, 500, 502, 0, '2021-12-01', '15:14:45', 'Ishtiaq Ahmed', 'Ishtiaq Ahmed post a new purchase request on the portal', 1),
(397, 3, 2013, 502, NULL, '2021-12-01', '15:14:45', 'Ishtiaq Ahmed', 'Ishtiaq Ahmed post a new purchase request on the portal', 1),
(398, 3, 502, 200, 1, '2021-12-01', '15:14:50', 'Antash Javaid', 'Antash Javaid has viewed your purchase request with id#2', 1),
(399, 3, 502, 200, 1, '2021-12-01', '15:14:50', 'Antash Javaid', 'Antash Javaid has viewed your purchase request with id#2', 1),
(400, 3, 502, 200, 1, '2021-12-01', '15:14:50', 'Antash Javaid', 'Antash Javaid has viewed your purchase request with id#2', 1),
(401, 3, 502, 200, 1, '2021-12-01', '15:24:07', 'Antash Javaid', 'Antash Javaid has sent your purchase request with id#2 for approval', 1),
(402, 3, 500, 200, 0, '2021-12-01', '15:39:47', 'Antash Javaid', 'Antash Javaid has sent your purchase request with id#1 for approval', 1),
(403, 3, 500, 2013, 0, '2021-12-01', '16:39:58', 'Salman Punjwani', 'Salman Punjwani has approved your purchase request with id#1', 1),
(404, 3, 200, 502, 1, '2021-12-02', '10:04:28', 'Ishtiaq Ahmed', 'Ishtiaq Ahmed post a new purchase request on the portal', 1),
(405, 3, 500, 502, 0, '2021-12-02', '10:04:28', 'Ishtiaq Ahmed', 'Ishtiaq Ahmed post a new purchase request on the portal', 1),
(406, 3, 2013, 502, NULL, '2021-12-02', '10:04:28', 'Ishtiaq Ahmed', 'Ishtiaq Ahmed post a new purchase request on the portal', 1),
(407, 3, 502, 200, 1, '2021-12-02', '10:04:37', 'Antash Javaid', 'Antash Javaid has viewed your purchase request with id#1', 1),
(408, 3, 502, 200, 1, '2021-12-02', '10:06:08', 'Antash Javaid', 'Antash Javaid has sent your purchase request with id#1 for approval', 1),
(409, 3, 502, 1011, 1, '2021-12-02', '10:08:13', 'Abdul Rashid Kath', 'Abdul Rashid Kath has approved your purchase request with id#1', 1),
(410, 3, 200, 502, 1, '2021-12-02', '10:08:38', 'Ishtiaq Ahmed', 'Ishtiaq Ahmed has received their items', 1),
(411, 3, 200, 502, 1, '2021-12-02', '11:09:36', 'Ishtiaq Ahmed', 'Ishtiaq Ahmed post a new purchase request on the portal', 1),
(412, 3, 500, 502, 0, '2021-12-02', '11:09:36', 'Ishtiaq Ahmed', 'Ishtiaq Ahmed post a new purchase request on the portal', 1),
(413, 3, 200, 502, 1, '2021-12-02', '14:06:19', 'Ishtiaq Ahmed', 'Ishtiaq Ahmed post a new purchase request on the portal', 1),
(414, 3, 500, 502, 0, '2021-12-02', '14:06:19', 'Ishtiaq Ahmed', 'Ishtiaq Ahmed post a new purchase request on the portal', 1),
(415, 3, 502, 200, 1, '2021-12-02', '14:06:22', 'Antash Javaid', 'Antash Javaid has viewed your purchase request with id#1', 1),
(416, 3, 502, 200, 1, '2021-12-02', '14:10:16', 'Antash Javaid', 'Antash Javaid has sent your purchase request with id#1 for approval', 1),
(417, 3, 500, 200, 0, '2021-12-02', '14:10:16', 'Antash Javaid', 'Antash Javaid put forward a purchase request with id#1 for approval', 1),
(418, 3, 2013, 200, NULL, '2021-12-02', '14:10:16', 'Antash Javaid', 'Antash Javaid put forward a purchase request with id#1 for approval', 1),
(419, 3, 200, 500, 1, '2021-12-03', '11:48:52', 'Muhammad Usman', 'Muhammad Usman post a new purchase request on the portal', 1),
(420, 3, 500, 500, 1, '2021-12-03', '11:48:52', 'Muhammad Usman', 'Muhammad Usman post a new purchase request on the portal', 1),
(421, 3, 500, 500, 1, '2021-12-03', '11:48:58', 'Muhammad Usman', 'Muhammad Usman has viewed your purchase request with id#2', 1),
(422, 3, 200, 502, 1, '2021-12-03', '14:57:18', 'Ishtiaq Ahmed', 'Ishtiaq Ahmed post a new purchase request on the portal', 1),
(423, 3, 500, 502, NULL, '2021-12-03', '14:57:18', 'Ishtiaq Ahmed', 'Ishtiaq Ahmed post a new purchase request on the portal', 1),
(424, 3, 502, 500, 1, '2021-12-03', '14:57:41', 'Muhammad Usman', 'Muhammad Usman has sent your purchase request with id#3 for approval', 1),
(425, 3, 500, 500, NULL, '2021-12-03', '14:57:41', 'Muhammad Usman', 'Muhammad Usman put forward a purchase request with id#3 for approval', 1),
(426, 3, 2013, 500, NULL, '2021-12-03', '14:57:41', 'Muhammad Usman', 'Muhammad Usman put forward a purchase request with id#3 for approval', 1),
(427, 3, 200, 502, 1, '2021-12-03', '15:37:12', 'Ishtiaq Ahmed', 'Ishtiaq Ahmed post a new purchase request on the portal', 1),
(428, 3, 500, 502, NULL, '2021-12-03', '15:37:12', 'Ishtiaq Ahmed', 'Ishtiaq Ahmed post a new purchase request on the portal', 1),
(429, 3, 200, 503, 1, '2021-12-03', '15:57:44', 'Muhammad Malahim', 'Muhammad Malahim post a new purchase request on the portal', 1),
(430, 3, 500, 503, NULL, '2021-12-03', '15:57:44', 'Muhammad Malahim', 'Muhammad Malahim post a new purchase request on the portal', 1);
INSERT INTO `emp_notifications` (`notification_id`, `event_id`, `notify_to`, `notify_from`, `read_status`, `notification_date`, `notification_time`, `notification_title`, `notification_body`, `notified`) VALUES
(431, 3, 503, 200, 1, '2021-12-03', '15:57:49', 'Antash Javaid', 'Antash Javaid has viewed your purchase request with id#1', 1),
(432, 3, 200, 502, 1, '2021-12-03', '16:01:38', 'Ishtiaq Ahmed', 'Ishtiaq Ahmed post a new purchase request on the portal', 1),
(433, 3, 500, 502, NULL, '2021-12-03', '16:01:38', 'Ishtiaq Ahmed', 'Ishtiaq Ahmed post a new purchase request on the portal', 1),
(434, 3, 502, 200, 1, '2021-12-03', '16:01:41', 'Antash Javaid', 'Antash Javaid has viewed your purchase request with id#2', 1),
(435, 3, 200, 1001, 1, '2021-12-03', '16:03:53', 'Muhammad Iqbal', 'Muhammad Iqbal post a new purchase request on the portal', 1),
(436, 3, 500, 1001, NULL, '2021-12-03', '16:03:53', 'Muhammad Iqbal', 'Muhammad Iqbal post a new purchase request on the portal', 1),
(437, 3, 1001, 200, NULL, '2021-12-03', '16:03:57', 'Antash Javaid', 'Antash Javaid has viewed your purchase request with id#3', 1),
(438, 3, 200, 1001, 1, '2021-12-03', '16:04:47', 'Muhammad Iqbal', 'Muhammad Iqbal post a new purchase request on the portal', 1),
(439, 3, 500, 1001, NULL, '2021-12-03', '16:04:47', 'Muhammad Iqbal', 'Muhammad Iqbal post a new purchase request on the portal', 1),
(440, 3, 1001, 200, NULL, '2021-12-03', '16:05:00', 'Antash Javaid', 'Antash Javaid has sent your purchase request with id#4 for approval', 1),
(441, 3, 500, 200, NULL, '2021-12-03', '16:05:00', 'Antash Javaid', 'Antash Javaid put forward a purchase request with id#4 for approval', 1),
(442, 3, 2013, 200, NULL, '2021-12-03', '16:05:00', 'Antash Javaid', 'Antash Javaid put forward a purchase request with id#4 for approval', 1),
(443, 3, 200, 502, 1, '2021-12-06', '10:14:27', 'Ishtiaq Ahmed', 'Ishtiaq Ahmed post a new purchase request on the portal', 1),
(444, 3, 500, 502, NULL, '2021-12-06', '10:14:27', 'Ishtiaq Ahmed', 'Ishtiaq Ahmed post a new purchase request on the portal', 1),
(445, 3, 502, 200, 1, '2021-12-06', '10:23:35', 'Antash Javaid', 'Antash Javaid has viewed your purchase request with id#1', 1),
(446, 3, 502, 200, 1, '2021-12-06', '10:25:56', 'Antash Javaid', 'Antash Javaid has sent your purchase request with id#1 for approval', 1),
(447, 3, 500, 200, NULL, '2021-12-06', '10:25:56', 'Antash Javaid', 'Antash Javaid put forward a purchase request with id#1 for approval', 1),
(448, 3, 2013, 200, NULL, '2021-12-06', '10:25:56', 'Antash Javaid', 'Antash Javaid put forward a purchase request with id#1 for approval', 1),
(449, 3, 200, 502, 1, '2021-12-06', '10:37:23', 'Ishtiaq Ahmed', 'Ishtiaq Ahmed post a new purchase request on the portal', 1),
(450, 3, 500, 502, NULL, '2021-12-06', '10:37:23', 'Ishtiaq Ahmed', 'Ishtiaq Ahmed post a new purchase request on the portal', 1),
(451, 3, 502, 200, 1, '2021-12-06', '10:38:08', 'Antash Javaid', 'Antash Javaid has viewed your purchase request with id#1', 1),
(452, 3, 502, 200, 1, '2021-12-06', '10:39:12', 'Antash Javaid', 'Antash Javaid has sent your purchase request with id#1 for approval', 1),
(453, 3, 500, 200, NULL, '2021-12-06', '10:39:12', 'Antash Javaid', 'Antash Javaid put forward a purchase request with id#1 for approval', 1),
(454, 3, 2013, 200, NULL, '2021-12-06', '10:39:12', 'Antash Javaid', 'Antash Javaid put forward a purchase request with id#1 for approval', 1),
(455, 3, 502, 2013, 1, '2021-12-06', '10:40:06', 'Salman Punjwani', 'Salman Punjwani has approved your purchase request with id#1', 1),
(456, 3, 200, 500, 1, '2021-12-06', '10:41:29', 'Muhammad Usman', 'Muhammad Usman post a new purchase request on the portal', 1),
(457, 3, 500, 500, NULL, '2021-12-06', '10:41:29', 'Muhammad Usman', 'Muhammad Usman post a new purchase request on the portal', 1),
(458, 3, 1008, 200, NULL, '2021-12-06', '10:41:40', 'Antash Javaid', 'Antash Javaid has viewed your purchase request with id#2', NULL),
(459, 3, 1008, 200, NULL, '2021-12-06', '10:41:54', 'Antash Javaid', 'Antash Javaid has sent your purchase request with id#2 for approval', NULL),
(460, 3, 500, 200, NULL, '2021-12-06', '10:41:54', 'Antash Javaid', 'Antash Javaid put forward a purchase request with id#2 for approval', 1),
(461, 3, 2013, 200, NULL, '2021-12-06', '10:41:54', 'Antash Javaid', 'Antash Javaid put forward a purchase request with id#2 for approval', 1),
(462, 3, 200, 502, 1, '2021-12-06', '10:44:01', 'Ishtiaq Ahmed', 'Ishtiaq Ahmed has received their items', 1),
(463, 3, 200, 502, 1, '2021-12-06', '11:08:23', 'Ishtiaq Ahmed', 'Ishtiaq Ahmed post a new purchase request on the portal', 1),
(464, 3, 500, 502, NULL, '2021-12-06', '11:08:23', 'Ishtiaq Ahmed', 'Ishtiaq Ahmed post a new purchase request on the portal', 1);

-- --------------------------------------------------------

--
-- Table structure for table `emp_prf_address`
--

CREATE TABLE `emp_prf_address` (
  `id` int(11) NOT NULL,
  `emp_id` int(11) NOT NULL,
  `proof_of_address` varchar(255) DEFAULT NULL,
  `status` varchar(255) DEFAULT NULL
) ENGINE=InnoDB DEFAULT CHARSET=utf8mb4;

--
-- Dumping data for table `emp_prf_address`
--

INSERT INTO `emp_prf_address` (`id`, `emp_id`, `proof_of_address`, `status`) VALUES
(1, 500, 'MuhBad42101617_proof_of_address.png', 'Active'),
(2, 200, 'AntBar31202685_proof_of_address.png', 'Active'),
(3, 502, 'IshMal42301273_proof_of_address.png', 'Active'),
(6, 1000, 'ZeeDaw42101175_proof_of_address.png', 'Active'),
(9, 503, 'MuhMuh42101345_proof_of_address.png', 'Active'),
(10, 1001, 'MuhEss42401155_proof_of_address.png', 'Active'),
(11, 1003, 'SyeSye42101191_proof_of_address.png', 'Active'),
(12, 1002, 'MuhNas42201891_proof_of_address.png', 'Active'),
(13, 2000, 'SamAma38101528_proof_of_address.png', 'Active'),
(14, 2006, 'MuhMuh42401719_proof_of_address.png', 'Active'),
(15, 2005, 'MuhLia42401838_proof_of_address.png', 'Active'),
(16, 2004, 'MahAbd42000042_proof_of_address.png', 'Active'),
(17, 2003, 'MuhMuh42301105_proof_of_address.png', 'Active'),
(18, 2002, 'SyeSye42401192_proof_of_address.png', 'Active'),
(19, 2001, 'ShaTai42301175_proof_of_address.png', 'Active'),
(20, 1004, 'FahIsh42401658_proof_of_address.png', 'Active'),
(21, 102, 'MuhIly42101138_proof_of_address.png', 'Active'),
(22, 1006, 'ManAbd42301093_proof_of_address.png', 'Active'),
(23, 2008, 'MuhMuh42201241_proof_of_address.png', 'Active'),
(24, 1005, 'AsaMuh42301300_proof_of_address.png', 'Active'),
(25, 101, 'MusMuh42501141_proof_of_address.png', 'Active'),
(26, 100, 'AkhTaj42301527_proof_of_address.png', 'Active'),
(27, 2007, 'MuhMuh42401131_proof_of_address.png', 'Active'),
(28, 1007, 'MahBab42000347_proof_of_address.png', 'Active'),
(29, 2009, 'MuhAbd42000049_proof_of_address.png', 'Active'),
(30, 2010, 'MuhPer42401504_proof_of_address.png', 'Active'),
(31, 2012, 'SyeNaz42301049_proof_of_address.png', 'Active'),
(32, 1008, 'UsmSal42301073_proof_of_address.png', 'Active'),
(33, 2011, 'FahIqb42301705_proof_of_address.png', 'Active'),
(34, 1009, 'MuhMuh42301140_proof_of_address.png', 'Active'),
(35, 504, 'FaiMum42604034_proof_of_address.png', 'Active'),
(36, 2013, 'SalAhm42201070_proof_of_address.png', 'Active'),
(37, 1010, 'YouFer42201858_proof_of_address.png', 'Active'),
(38, 1011, 'AbdIsm42201046_proof_of_address.png', 'Active'),
(39, 1012, 'KifMUh42201292_proof_of_address.png', 'Active'),
(40, 2014, 'AftAyu42401584_proof_of_address.png', 'Active'),
(41, 505, 'AdmAdm00000000_proof_of_address.png', 'Active'),
(42, 506, 'MuhMuh42301696_proof_of_address.png', 'Active');

-- --------------------------------------------------------

--
-- Table structure for table `emp_short_leave_applications`
--

CREATE TABLE `emp_short_leave_applications` (
  `leave_id` int(11) NOT NULL,
  `leave_purpose` mediumtext NOT NULL,
  `leave_for` varchar(255) NOT NULL,
  `date` date NOT NULL
) ENGINE=InnoDB DEFAULT CHARSET=utf8mb4;

--
-- Dumping data for table `emp_short_leave_applications`
--

INSERT INTO `emp_short_leave_applications` (`leave_id`, `leave_purpose`, `leave_for`, `date`) VALUES
(1, 'This was the best of them to win over us with an amazing  record on ', 'time_in', '2021-11-30'),
(2, '6AM and I was a little more ish  and I had to go back and get ', 'time_out', '2021-11-30'),
(3, 'He has a lot of experience and is not a fan but I develop his own skills in a new way to get a good deal ', 'time_in', '2021-11-02'),
(4, 'You can learn to live with your children in the same manner and you will have a very different life ', 'time_in', '2021-12-02'),
(5, 'Grid has been  the best in Karachi for a decade now hosted on ', 'time_out', '2021-12-02'),
(6, 'The first is that I can only hope to be a  new one again in my career as well and to ', 'time_out', '2021-12-01'),
(7, 'Gd was an absolute genius to the people who are the ones that ', 'time_in', '2021-11-28'),
(8, 'Etistjstijtsfjsjfjfzjsgjsgjsgkdgjgsgkkssgkdkgsgksgkksgkdydksykskygsk', 'time_in', '2021-11-28'),
(9, 'Iycididtixgoclhxoddicoghlcchoxigxgxtxogxgoxitzog', 'time_out', '2021-11-30'),
(10, 'God is the best man to have the life and the Ast is not a sin but I ', 'time_out', '2021-11-29'),
(11, 'You can see how much the Ast has done for a long period and ', 'time_out', '2021-11-25'),
(12, 'Hdudhd was  an important player for us in this world and ', 'time_in', '2021-11-27'),
(13, 'Hdjdbsushdudhdudhdududhedjebddudhdud', 'time_out', '2021-11-25'),
(14, 'Vs no internet no answer is no problem with an answer that I don\'t know what you say but he ', 'time_out', '2021-11-25'),
(15, 'Ch Insp Lee Thomas Mason of them is a senior member at a local branch ', 'time_out', '2021-11-25'),
(16, 'Get the Ast to be the first to get your hands off your ', 'time_out', '2021-11-25'),
(17, 'dddddddddddddddddddddddddddddddddddddddddddddddddddddddddddddddddddddddddddddddddddddddddddddddddddddddddddddd', 'time_out', '2021-11-02'),
(18, 'ssssssssssssssssssssssssssssssssssssssssssssss', 'time_in', '2021-11-10'),
(19, 'sssssssssssssssssssssssssssssssssssssssssssssssssssssssssssssssssssssssss', 'time_in', '2021-11-03');

-- --------------------------------------------------------

--
-- Table structure for table `emp_short_leave_application_refs`
--

CREATE TABLE `emp_short_leave_application_refs` (
  `id` int(11) NOT NULL,
  `leave_id` int(11) NOT NULL,
  `requested_by` int(11) NOT NULL,
  `requested_date` date NOT NULL,
  `requested_time` time NOT NULL,
  `request_status` varchar(255) NOT NULL,
  `approved_by` int(11) DEFAULT NULL,
  `approval_date` date DEFAULT NULL,
  `approval_time` time DEFAULT NULL,
  `handle_by` int(11) DEFAULT NULL,
  `view_date` date DEFAULT NULL,
  `view_time` time DEFAULT NULL,
  `comments` mediumtext DEFAULT NULL
) ENGINE=InnoDB DEFAULT CHARSET=utf8mb4;

--
-- Dumping data for table `emp_short_leave_application_refs`
--

INSERT INTO `emp_short_leave_application_refs` (`id`, `leave_id`, `requested_by`, `requested_date`, `requested_time`, `request_status`, `approved_by`, `approval_date`, `approval_time`, `handle_by`, `view_date`, `view_time`, `comments`) VALUES
(1, 1, 503, '2021-11-23', '10:12:17', 'Accepted', 500, '2021-11-23', '10:12:29', 500, '2021-11-23', '10:12:23', ''),
(2, 2, 502, '2021-11-23', '10:16:25', 'Accepted', 500, '2021-11-23', '10:16:32', 500, '2021-11-23', '10:16:28', ''),
(3, 3, 200, '2021-11-25', '12:37:58', 'Rejected', 500, '2021-11-25', '12:38:17', 500, '2021-11-25', '12:38:04', ''),
(4, 4, 200, '2021-11-25', '12:38:33', 'Accepted', 500, '2021-11-25', '12:38:40', 500, '2021-11-25', '12:38:36', ''),
(5, 5, 200, '2021-11-25', '12:39:47', 'Accepted', 500, '2021-11-25', '12:39:53', 500, '2021-11-25', '12:39:49', ''),
(6, 6, 200, '2021-11-25', '12:40:20', 'Accepted', 500, '2021-11-25', '12:40:26', 500, '2021-11-25', '12:40:23', ''),
(7, 7, 200, '2021-11-25', '12:43:30', 'Accepted', 500, '2021-11-25', '12:44:01', 500, '2021-11-25', '12:43:57', 'fdfdfd'),
(8, 8, 200, '2021-11-25', '12:46:37', 'Accepted', 500, '2021-11-25', '12:46:45', 500, '2021-11-25', '12:46:42', ''),
(9, 9, 200, '2021-11-25', '12:48:26', 'Accepted', 500, '2021-11-25', '12:48:36', 500, '2021-11-25', '12:48:32', ''),
(10, 10, 200, '2021-11-25', '12:49:55', 'Accepted', 500, '2021-11-25', '12:50:01', 500, '2021-11-25', '12:49:57', ''),
(11, 11, 502, '2021-11-25', '13:05:43', 'Accepted', 500, '2021-11-25', '13:06:03', 500, '2021-11-25', '13:05:59', ''),
(12, 12, 502, '2021-11-25', '13:07:14', 'Accepted', 500, '2021-11-25', '13:07:21', 500, '2021-11-25', '13:07:19', ''),
(13, 13, 502, '2021-11-25', '13:07:51', 'Accepted', 500, '2021-11-25', '13:07:58', 500, '2021-11-25', '13:07:55', ''),
(14, 15, 502, '2021-11-25', '13:10:11', 'Accepted', 500, '2021-11-25', '13:10:16', 500, '2021-11-25', '13:10:13', ''),
(15, 16, 502, '2021-11-25', '13:11:38', 'Accepted', 500, '2021-11-25', '13:11:45', 500, '2021-11-25', '13:11:41', ''),
(16, 17, 200, '2021-11-30', '15:33:33', 'Sent', NULL, NULL, NULL, NULL, NULL, NULL, NULL),
(17, 18, 200, '2021-11-30', '15:34:55', 'Sent', NULL, NULL, NULL, NULL, NULL, NULL, NULL),
(18, 19, 200, '2021-11-30', '15:36:03', 'Sent', NULL, NULL, NULL, NULL, NULL, NULL, NULL);

-- --------------------------------------------------------

--
-- Table structure for table `events`
--

CREATE TABLE `events` (
  `event_id` int(11) NOT NULL,
  `event_type` varchar(255) NOT NULL,
  `event_description` mediumtext DEFAULT NULL
) ENGINE=InnoDB DEFAULT CHARSET=utf8mb4;

--
-- Dumping data for table `events`
--

INSERT INTO `events` (`event_id`, `event_type`, `event_description`) VALUES
(1, 'chat', 'When a user chat with another'),
(2, 'leave or short leave application', 'when the user sends a leave or short leave application'),
(3, 'when sending purchase requisition', 'when sending purchase requisition');

-- --------------------------------------------------------

--
-- Table structure for table `guests`
--

CREATE TABLE `guests` (
  `id` int(11) NOT NULL,
  `guest_image` varchar(255) NOT NULL,
  `guest_name` varchar(255) NOT NULL,
  `guest_phone` varchar(255) NOT NULL
) ENGINE=InnoDB DEFAULT CHARSET=utf8mb4;

--
-- Dumping data for table `guests`
--

INSERT INTO `guests` (`id`, `guest_image`, `guest_name`, `guest_phone`) VALUES
(1, '1636006684543.png', 'Ahmed', '098765432123'),
(2, '1636006803342.png', 'Ali', '74746464646474474'),
(3, '1636009684108.png', 'Yousuf', '6464647484492'),
(4, '1636095227368.png', 'Usman', '778778766699877');

-- --------------------------------------------------------

--
-- Table structure for table `guest_meetings`
--

CREATE TABLE `guest_meetings` (
  `id` int(11) NOT NULL,
  `guest_id` int(11) NOT NULL,
  `emp_id` int(11) NOT NULL,
  `location_code` int(11) NOT NULL,
  `meeting_time` time NOT NULL,
  `meeting_date` date NOT NULL
) ENGINE=InnoDB DEFAULT CHARSET=utf8mb4;

--
-- Dumping data for table `guest_meetings`
--

INSERT INTO `guest_meetings` (`id`, `guest_id`, `emp_id`, `location_code`, `meeting_time`, `meeting_date`) VALUES
(1, 1, 1006, 1, '11:18:05', '2021-11-04'),
(2, 2, 1006, 1, '11:20:04', '2021-11-04'),
(3, 2, 1000, 1, '11:50:13', '2021-11-04'),
(4, 2, 2013, 1, '11:58:13', '2021-11-04'),
(5, 1, 1000, 1, '11:58:30', '2021-11-04'),
(6, 1, 2013, 1, '11:59:04', '2021-11-04'),
(7, 2, 1006, 1, '12:01:00', '2021-11-04'),
(8, 3, 1003, 1, '12:08:05', '2021-11-04'),
(9, 1, 1006, 1, '12:08:40', '2021-11-04'),
(10, 1, 1009, 1, '16:08:33', '2021-11-04'),
(11, 2, 1009, 1, '16:20:23', '2021-11-04'),
(12, 3, 1006, 1, '17:34:09', '2021-11-04'),
(13, 4, 1006, 1, '11:53:48', '2021-11-05'),
(14, 1, 2006, 1, '16:04:51', '2021-11-08');

-- --------------------------------------------------------

--
-- Table structure for table `invtry_advance_cash`
--

CREATE TABLE `invtry_advance_cash` (
  `advance_cash_code` int(11) NOT NULL,
  `cash_code` int(11) DEFAULT NULL,
  `company_code` int(11) NOT NULL,
  `amount` decimal(15,2) NOT NULL,
  `cash_purpose` int(11) NOT NULL
) ENGINE=InnoDB DEFAULT CHARSET=utf8mb4;

-- --------------------------------------------------------

--
-- Table structure for table `invtry_advance_cash_received_by`
--

CREATE TABLE `invtry_advance_cash_received_by` (
  `id` int(11) NOT NULL,
  `receiver_name` varchar(255) DEFAULT NULL,
  `receiver_image` varchar(255) DEFAULT NULL,
  `receiver_phone` varchar(255) DEFAULT NULL,
  `receiver_reference` varchar(255) DEFAULT NULL
) ENGINE=InnoDB DEFAULT CHARSET=utf8mb4;

-- --------------------------------------------------------

--
-- Table structure for table `invtry_advance_cash_ref`
--

CREATE TABLE `invtry_advance_cash_ref` (
  `id` int(11) NOT NULL,
  `cash_received_on` int(11) NOT NULL,
  `requested_date` date NOT NULL,
  `received_by` int(11) NOT NULL,
  `received_date` date NOT NULL,
  `handle_by` int(11) NOT NULL,
  `view_date` date NOT NULL,
  `approved_by` int(11) NOT NULL,
  `approval_date` date NOT NULL,
  `advance_cash_code` int(11) NOT NULL
) ENGINE=InnoDB DEFAULT CHARSET=utf8mb4;

-- --------------------------------------------------------

--
-- Table structure for table `invtry_asset_categories`
--

CREATE TABLE `invtry_asset_categories` (
  `asset_id` int(11) NOT NULL,
  `asset_code` varchar(5) NOT NULL,
  `asset_name` varchar(255) NOT NULL
) ENGINE=InnoDB DEFAULT CHARSET=utf8mb4;

--
-- Dumping data for table `invtry_asset_categories`
--

INSERT INTO `invtry_asset_categories` (`asset_id`, `asset_code`, `asset_name`) VALUES
(1, '01', 'Computer Accessories'),
(2, '02', 'Furniture and Fixture'),
(3, '03', 'Office Equipment'),
(4, '04', 'Electric Appliances and Equipment');

-- --------------------------------------------------------

--
-- Table structure for table `invtry_asset_sub_categories`
--

CREATE TABLE `invtry_asset_sub_categories` (
  `sub_asset_id` int(11) NOT NULL,
  `sub_asset_code` varchar(5) NOT NULL,
  `asset_id` int(11) NOT NULL,
  `sub_asset_name` varchar(255) NOT NULL
) ENGINE=InnoDB DEFAULT CHARSET=utf8mb4;

--
-- Dumping data for table `invtry_asset_sub_categories`
--

INSERT INTO `invtry_asset_sub_categories` (`sub_asset_id`, `sub_asset_code`, `asset_id`, `sub_asset_name`) VALUES
(3, '03', 1, 'Laptop'),
(4, '04', 1, 'Server'),
(5, '05', 1, 'Internet Switch'),
(6, '06', 1, 'Projector'),
(7, '07', 1, 'Printer'),
(8, '08', 1, 'Scanner'),
(9, '09', 1, 'Web cam'),
(10, '10', 1, 'Hard disk'),
(11, '01', 2, 'Table'),
(12, '02', 2, 'Chairs'),
(13, '03', 2, 'Sofa'),
(14, '04', 2, 'File cobinates'),
(15, '05', 2, 'Boards'),
(16, '06', 2, 'Stool'),
(17, '07', 2, 'Window Blinds'),
(18, '08', 2, 'Plant Pots Holder'),
(19, '09', 2, 'Wooden Box'),
(20, '01', 3, 'CCTV'),
(21, '02', 3, 'DVR'),
(22, '03', 3, 'Photocopier'),
(23, '04', 3, 'Stapler'),
(24, '05', 3, 'Punch hole'),
(25, '06', 3, 'Cash counting machine'),
(26, '07', 3, 'Cash locker'),
(27, '08', 3, 'Tablets'),
(28, '09', 3, 'Paper shredder'),
(29, '10', 3, 'Wifi Router'),
(30, '01', 4, 'Split Unit AC'),
(31, '02', 4, 'Fan'),
(32, '03', 4, 'UPS'),
(33, '04', 4, 'Battery'),
(34, '05', 4, 'Gernator'),
(35, '06', 4, 'Refrigerator'),
(36, '07', 4, 'Water dispenser'),
(38, '09', 4, 'Converterfgfgdfgdfg'),
(51, '45345', 1, 'asdasd');

-- --------------------------------------------------------

--
-- Table structure for table `invtry_purchase_requests`
--

CREATE TABLE `invtry_purchase_requests` (
  `pr_id` int(11) NOT NULL,
  `location_code` int(11) NOT NULL,
  `company_code` int(11) NOT NULL,
  `request_by` int(11) NOT NULL,
  `request_for` int(11) DEFAULT NULL,
  `request_date` date NOT NULL,
  `request_time` time NOT NULL,
  `handle_by` int(11) DEFAULT NULL,
  `view_date` date DEFAULT NULL,
  `view_time` time DEFAULT NULL,
  `forward_by` int(11) DEFAULT NULL,
  `forward_date` date DEFAULT NULL,
  `forward_time` time DEFAULT NULL,
  `approve_by` int(11) DEFAULT NULL,
  `approve_date` date DEFAULT NULL,
  `approve_time` time DEFAULT NULL,
  `delivery_date` date DEFAULT NULL,
  `delivery_time` time DEFAULT NULL,
  `status` varchar(255) NOT NULL,
  `total` float DEFAULT NULL,
  `remarks` mediumtext DEFAULT NULL,
  `emp_remarks` mediumtext DEFAULT NULL
) ENGINE=InnoDB DEFAULT CHARSET=utf8mb4;

--
-- Dumping data for table `invtry_purchase_requests`
--

INSERT INTO `invtry_purchase_requests` (`pr_id`, `location_code`, `company_code`, `request_by`, `request_for`, `request_date`, `request_time`, `handle_by`, `view_date`, `view_time`, `forward_by`, `forward_date`, `forward_time`, `approve_by`, `approve_date`, `approve_time`, `delivery_date`, `delivery_time`, `status`, `total`, `remarks`, `emp_remarks`) VALUES
(1, 1, 5, 502, 502, '2021-12-06', '10:37:23', 200, '2021-12-06', '10:38:08', 200, '2021-12-06', '10:39:12', 2013, '2021-12-06', '10:40:06', '2021-12-06', '10:44:01', 'Delivered', 5000, 'I approved it\n', 'I received'),
(2, 3, 20, 500, 1008, '2021-12-06', '10:41:29', 200, '2021-12-06', '10:41:40', 200, '2021-12-06', '10:41:54', NULL, NULL, NULL, NULL, NULL, 'Waiting For Approval', 0, NULL, NULL),
(3, 1, 5, 502, 502, '2021-12-06', '11:08:23', 200, '2021-12-06', '11:08:26', NULL, NULL, NULL, NULL, NULL, NULL, NULL, NULL, 'Viewed', NULL, NULL, NULL);

-- --------------------------------------------------------

--
-- Table structure for table `invtry_purchase_request_quotations`
--

CREATE TABLE `invtry_purchase_request_quotations` (
  `quotation_id` int(11) NOT NULL,
  `pr_id` int(11) NOT NULL,
  `image` mediumtext NOT NULL,
  `image_type` varchar(255) NOT NULL
) ENGINE=InnoDB DEFAULT CHARSET=utf8mb4;

--
-- Dumping data for table `invtry_purchase_request_quotations`
--

INSERT INTO `invtry_purchase_request_quotations` (`quotation_id`, `pr_id`, `image`, `image_type`) VALUES
(1, 1, '1_Mon 6th Dec 2021 at 103912/19.11.2021_17.40.10_REC.png', 'png'),
(2, 1, '1_Mon 6th Dec 2021 at 103912/asdasd.PNG', 'png'),
(3, 1, '1_Mon 6th Dec 2021 at 103912/snip.PNG', 'png'),
(4, 1, '1_Mon 6th Dec 2021 at 103912/snipp2.PNG', 'png'),
(5, 2, '2_Mon 6th Dec 2021 at 104154/19.11.2021_17.40.10_REC.png', 'png'),
(6, 2, '2_Mon 6th Dec 2021 at 104154/asdasd.PNG', 'png'),
(7, 2, '2_Mon 6th Dec 2021 at 104154/snip.PNG', 'png'),
(8, 2, '2_Mon 6th Dec 2021 at 104154/snipp2.PNG', 'png');

-- --------------------------------------------------------

--
-- Table structure for table `invtry_purchase_request_specifications`
--

CREATE TABLE `invtry_purchase_request_specifications` (
  `id` int(11) NOT NULL,
  `pr_id` int(11) NOT NULL,
  `description` varchar(255) NOT NULL,
  `reason` mediumtext NOT NULL,
  `price` float DEFAULT NULL,
  `quantity` int(11) DEFAULT NULL,
  `amount` float DEFAULT NULL
) ENGINE=InnoDB DEFAULT CHARSET=utf8mb4;

--
-- Dumping data for table `invtry_purchase_request_specifications`
--

INSERT INTO `invtry_purchase_request_specifications` (`id`, `pr_id`, `description`, `reason`, `price`, `quantity`, `amount`) VALUES
(1, 1, 'pens', 'this is some reason', 20, 100, 2000),
(2, 1, 'papers', 'this is some reason', 10, 300, 3000),
(3, 2, 'laptop', 'this is some reason', 0, 1, 0),
(4, 3, 'laptop', 'this is some reason', 0, 1, 0);

-- --------------------------------------------------------

--
-- Table structure for table `invtry_sub_locations`
--

CREATE TABLE `invtry_sub_locations` (
  `sub_location_id` int(11) NOT NULL,
  `sub_location_code` int(11) NOT NULL,
  `location_code` int(11) NOT NULL,
  `sub_location_name` mediumtext NOT NULL
) ENGINE=InnoDB DEFAULT CHARSET=utf8mb4;

--
-- Dumping data for table `invtry_sub_locations`
--

INSERT INTO `invtry_sub_locations` (`sub_location_id`, `sub_location_code`, `location_code`, `sub_location_name`) VALUES
(1, 1, 1, 'C.E Room'),
(2, 2, 1, 'Finance Manager'),
(3, 3, 1, 'Accounts Room'),
(4, 4, 1, 'Cashier Room'),
(5, 5, 1, 'Operation Hall'),
(6, 6, 1, 'Conference Room'),
(7, 7, 1, 'Kitchen'),
(8, 8, 1, 'JP room'),
(9, 9, 1, 'JP Conference Room'),
(10, 10, 1, 'JP Team Room'),
(11, 11, 1, 'ASPY Meeting Room'),
(12, 12, 1, 'SP Room');

-- --------------------------------------------------------

--
-- Table structure for table `locations`
--

CREATE TABLE `locations` (
  `location_code` int(11) NOT NULL,
  `location_name` varchar(255) NOT NULL,
  `attendance_mode` varchar(255) NOT NULL
) ENGINE=InnoDB DEFAULT CHARSET=utf8mb4;

--
-- Dumping data for table `locations`
--

INSERT INTO `locations` (`location_code`, `location_name`, `attendance_mode`) VALUES
(1, 'Head Office', 'tablet'),
(2, 'TPX Empty Terminal', 'machine'),
(3, 'NLCCT SBL Yard', 'machine'),
(4, 'Qasim Freight Station', 'machine');

-- --------------------------------------------------------

--
-- Table structure for table `logs`
--

CREATE TABLE `logs` (
  `log_id` int(11) NOT NULL,
  `emp_id` int(11) NOT NULL,
  `table` varchar(255) NOT NULL,
  `id` int(11) NOT NULL,
  `description` mediumtext NOT NULL,
  `date` date NOT NULL,
  `time` time NOT NULL
) ENGINE=InnoDB DEFAULT CHARSET=utf8mb4;

-- --------------------------------------------------------

--
-- Table structure for table `status`
--

CREATE TABLE `status` (
  `status_id` int(11) NOT NULL,
  `status_name` varchar(255) NOT NULL
) ENGINE=InnoDB DEFAULT CHARSET=utf8mb4;

--
-- Dumping data for table `status`
--

INSERT INTO `status` (`status_id`, `status_name`) VALUES
(1, 'Requested');

-- --------------------------------------------------------

--
-- Table structure for table `users`
--

CREATE TABLE `users` (
  `user_id` int(11) NOT NULL,
  `user_name` mediumtext NOT NULL,
  `user_image` varchar(255) NOT NULL,
  `user_password` mediumtext NOT NULL,
  `role_id` int(11) NOT NULL
) ENGINE=InnoDB DEFAULT CHARSET=utf8mb4;

--
-- Dumping data for table `users`
--

INSERT INTO `users` (`user_id`, `user_name`, `user_image`, `user_password`, `role_id`) VALUES
(1, 'f9da6bae1547ba5989d3fe34f18beaa235d16e4f2027be8928401ea20d5282ef53e9ab68cdcc81f6d13e0e6ba9781152pap7iz4ERUFM+Fx+f7xHXw==', 'Usm4210033.png', '0a6984dc043e59e9ca4b387a661121f3f7a1549408719da2ee36bfad9549d018ecb90b92b443bd0c705a435103f46da9612bBOAG5mrq5994eAe6xw==', 1),
(4, 'e8a830290fc967af1eef9fb730281c071102861b78aad7a52e7aeb99d4535bfa426b43d484908d98b307858f8ceca95dVT+HODbEyslhSdK19dCmpw==', '1630579095281.png', 'a34d888cec24860a9b30aeca42e5dd88f49637f33eefac4a8691012038479e893d2e6aaa94d7111be8439d11293547d4jYYAye/xDmGZCMZ4yya0Hw==', 2),
(5, '2948f5fe8d418d6ca9cf572d2fbe8ef4de256dd130d57bc63cc582ec370c7402c31b730c8afb24a7e393bbac62e50586R8QjMBWyzCRb/OSTCRI39A==', '1631091833127.png', 'ba1f51daba9a5b6fa3f32aca8882520499aaeb1a8d83b9868fb10b5c4b5c04bda71670aab008282e68d3d5a5477a6e884RjRV92mJvDr/thJQaVUTg==', 2);

-- --------------------------------------------------------

--
-- Table structure for table `user_roles`
--

CREATE TABLE `user_roles` (
  `role_id` int(11) NOT NULL,
  `role_title` varchar(255) NOT NULL,
  `role_desc` varchar(255) DEFAULT NULL
) ENGINE=InnoDB DEFAULT CHARSET=utf8mb4;

--
-- Dumping data for table `user_roles`
--

INSERT INTO `user_roles` (`role_id`, `role_title`, `role_desc`) VALUES
(1, 'Admin', 'Admin'),
(2, 'User', 'User');

--
-- Indexes for dumped tables
--

--
-- Indexes for table `accesses`
--
ALTER TABLE `accesses`
  ADD PRIMARY KEY (`access_id`);

--
-- Indexes for table `att_devices`
--
ALTER TABLE `att_devices`
  ADD PRIMARY KEY (`device_id`),
  ADD KEY `location_code` (`location_code`);

--
-- Indexes for table `companies`
--
ALTER TABLE `companies`
  ADD PRIMARY KEY (`company_code`);

--
-- Indexes for table `company_locations`
--
ALTER TABLE `company_locations`
  ADD PRIMARY KEY (`id`),
  ADD UNIQUE KEY `company_code` (`company_code`,`location_code`),
  ADD KEY `location_code` (`location_code`);

--
-- Indexes for table `departments`
--
ALTER TABLE `departments`
  ADD PRIMARY KEY (`department_code`);

--
-- Indexes for table `descussions`
--
ALTER TABLE `descussions`
  ADD PRIMARY KEY (`id`),
  ADD KEY `emp_id` (`emp_id`);

--
-- Indexes for table `designations`
--
ALTER TABLE `designations`
  ADD PRIMARY KEY (`designation_code`),
  ADD KEY `department_code` (`department_code`);

--
-- Indexes for table `employees`
--
ALTER TABLE `employees`
  ADD PRIMARY KEY (`emp_id`),
  ADD KEY `company_code` (`company_code`),
  ADD KEY `location_code` (`location_code`),
  ADD KEY `department_code` (`department_code`),
  ADD KEY `designation_code` (`designation_code`),
  ADD KEY `user_id` (`user_id`),
  ADD KEY `grade_code` (`grade_code`);

--
-- Indexes for table `emp_app_profile`
--
ALTER TABLE `emp_app_profile`
  ADD PRIMARY KEY (`id`),
  ADD KEY `emp_id` (`emp_id`);

--
-- Indexes for table `emp_armed_license`
--
ALTER TABLE `emp_armed_license`
  ADD PRIMARY KEY (`id`),
  ADD KEY `emp_id` (`emp_id`);

--
-- Indexes for table `emp_attendance`
--
ALTER TABLE `emp_attendance`
  ADD PRIMARY KEY (`id`),
  ADD KEY `emp_id` (`emp_id`),
  ADD KEY `leave_ref` (`leave_ref`);

--
-- Indexes for table `emp_attendance_requests`
--
ALTER TABLE `emp_attendance_requests`
  ADD PRIMARY KEY (`id`);

--
-- Indexes for table `emp_attendance_requests_ref`
--
ALTER TABLE `emp_attendance_requests_ref`
  ADD PRIMARY KEY (`id`),
  ADD KEY `handle_by` (`handle_by`),
  ADD KEY `requested_by` (`requested_by`),
  ADD KEY `request_status` (`request_status`),
  ADD KEY `request_id` (`request_id`);

--
-- Indexes for table `emp_chats`
--
ALTER TABLE `emp_chats`
  ADD PRIMARY KEY (`id`),
  ADD KEY `sender_id` (`sender_id`),
  ADD KEY `receiver_id` (`receiver_id`);

--
-- Indexes for table `emp_courses`
--
ALTER TABLE `emp_courses`
  ADD PRIMARY KEY (`course_id`);

--
-- Indexes for table `emp_course_categories`
--
ALTER TABLE `emp_course_categories`
  ADD PRIMARY KEY (`cc_id`),
  ADD KEY `course_id` (`course_id`);

--
-- Indexes for table `emp_course_videos`
--
ALTER TABLE `emp_course_videos`
  ADD PRIMARY KEY (`v_id`),
  ADD KEY `course_id` (`course_id`),
  ADD KEY `cc_id` (`cc_id`);

--
-- Indexes for table `emp_cv`
--
ALTER TABLE `emp_cv`
  ADD PRIMARY KEY (`id`),
  ADD KEY `emp_id` (`emp_id`);

--
-- Indexes for table `emp_drive_main`
--
ALTER TABLE `emp_drive_main`
  ADD PRIMARY KEY (`id`),
  ADD KEY `emp_id` (`emp_id`);

--
-- Indexes for table `emp_drive_sub`
--
ALTER TABLE `emp_drive_sub`
  ADD PRIMARY KEY (`id`),
  ADD KEY `folder_id` (`folder_id`);

--
-- Indexes for table `emp_driving_license`
--
ALTER TABLE `emp_driving_license`
  ADD PRIMARY KEY (`id`),
  ADD KEY `emp_id` (`emp_id`);

--
-- Indexes for table `emp_enrolled_in_course`
--
ALTER TABLE `emp_enrolled_in_course`
  ADD PRIMARY KEY (`id`),
  ADD KEY `course_id` (`course_id`),
  ADD KEY `emp_id` (`emp_id`);

--
-- Indexes for table `emp_enrolled_in_course_videos`
--
ALTER TABLE `emp_enrolled_in_course_videos`
  ADD PRIMARY KEY (`id`),
  ADD KEY `v_id` (`v_id`);

--
-- Indexes for table `emp_grades`
--
ALTER TABLE `emp_grades`
  ADD PRIMARY KEY (`grade_code`);

--
-- Indexes for table `emp_leave_applications`
--
ALTER TABLE `emp_leave_applications`
  ADD PRIMARY KEY (`leave_id`);

--
-- Indexes for table `emp_leave_application_refs`
--
ALTER TABLE `emp_leave_application_refs`
  ADD PRIMARY KEY (`id`),
  ADD KEY `handle_by` (`handle_by`),
  ADD KEY `requested_by` (`requested_by`),
  ADD KEY `leave_id` (`leave_id`),
  ADD KEY `approved_by` (`approved_by`);

--
-- Indexes for table `emp_machine_thumbs`
--
ALTER TABLE `emp_machine_thumbs`
  ADD PRIMARY KEY (`id`),
  ADD KEY `emp_id` (`emp_id`),
  ADD KEY `location` (`location`);

--
-- Indexes for table `emp_news_papers`
--
ALTER TABLE `emp_news_papers`
  ADD PRIMARY KEY (`id`);

--
-- Indexes for table `emp_notifications`
--
ALTER TABLE `emp_notifications`
  ADD PRIMARY KEY (`notification_id`),
  ADD KEY `event_id` (`event_id`),
  ADD KEY `notify_from` (`notify_from`),
  ADD KEY `notify_to` (`notify_to`);

--
-- Indexes for table `emp_prf_address`
--
ALTER TABLE `emp_prf_address`
  ADD PRIMARY KEY (`id`),
  ADD KEY `emp_id` (`emp_id`);

--
-- Indexes for table `emp_short_leave_applications`
--
ALTER TABLE `emp_short_leave_applications`
  ADD PRIMARY KEY (`leave_id`);

--
-- Indexes for table `emp_short_leave_application_refs`
--
ALTER TABLE `emp_short_leave_application_refs`
  ADD PRIMARY KEY (`id`),
  ADD KEY `approved_by` (`approved_by`),
  ADD KEY `leave_id` (`leave_id`),
  ADD KEY `handle_by` (`handle_by`),
  ADD KEY `requested_by` (`requested_by`);

--
-- Indexes for table `events`
--
ALTER TABLE `events`
  ADD PRIMARY KEY (`event_id`);

--
-- Indexes for table `guests`
--
ALTER TABLE `guests`
  ADD PRIMARY KEY (`id`);

--
-- Indexes for table `guest_meetings`
--
ALTER TABLE `guest_meetings`
  ADD PRIMARY KEY (`id`),
  ADD KEY `emp_id` (`emp_id`),
  ADD KEY `guest_id` (`guest_id`),
  ADD KEY `location_code` (`location_code`);

--
-- Indexes for table `invtry_advance_cash`
--
ALTER TABLE `invtry_advance_cash`
  ADD PRIMARY KEY (`advance_cash_code`),
  ADD KEY `company_code` (`company_code`);

--
-- Indexes for table `invtry_advance_cash_received_by`
--
ALTER TABLE `invtry_advance_cash_received_by`
  ADD PRIMARY KEY (`id`);

--
-- Indexes for table `invtry_advance_cash_ref`
--
ALTER TABLE `invtry_advance_cash_ref`
  ADD PRIMARY KEY (`id`),
  ADD KEY `advance_cash_code` (`advance_cash_code`),
  ADD KEY `approved_by` (`approved_by`),
  ADD KEY `handle_by` (`handle_by`),
  ADD KEY `received_by` (`received_by`);

--
-- Indexes for table `invtry_asset_categories`
--
ALTER TABLE `invtry_asset_categories`
  ADD PRIMARY KEY (`asset_id`);

--
-- Indexes for table `invtry_asset_sub_categories`
--
ALTER TABLE `invtry_asset_sub_categories`
  ADD PRIMARY KEY (`sub_asset_id`),
  ADD KEY `asset_id` (`asset_id`);

--
-- Indexes for table `invtry_purchase_requests`
--
ALTER TABLE `invtry_purchase_requests`
  ADD PRIMARY KEY (`pr_id`),
  ADD KEY `location_code` (`location_code`),
  ADD KEY `request_by` (`request_by`),
  ADD KEY `handle_by` (`handle_by`),
  ADD KEY `approve_by` (`approve_by`),
  ADD KEY `request_for` (`request_for`),
  ADD KEY `forward_by` (`forward_by`),
  ADD KEY `company_code` (`company_code`);

--
-- Indexes for table `invtry_purchase_request_quotations`
--
ALTER TABLE `invtry_purchase_request_quotations`
  ADD PRIMARY KEY (`quotation_id`),
  ADD KEY `pr_id` (`pr_id`);

--
-- Indexes for table `invtry_purchase_request_specifications`
--
ALTER TABLE `invtry_purchase_request_specifications`
  ADD PRIMARY KEY (`id`),
  ADD KEY `pr_id` (`pr_id`);

--
-- Indexes for table `invtry_sub_locations`
--
ALTER TABLE `invtry_sub_locations`
  ADD PRIMARY KEY (`sub_location_id`),
  ADD KEY `location_code` (`location_code`);

--
-- Indexes for table `locations`
--
ALTER TABLE `locations`
  ADD PRIMARY KEY (`location_code`);

--
-- Indexes for table `logs`
--
ALTER TABLE `logs`
  ADD PRIMARY KEY (`log_id`),
  ADD KEY `emp_id` (`emp_id`);

--
-- Indexes for table `status`
--
ALTER TABLE `status`
  ADD PRIMARY KEY (`status_id`);

--
-- Indexes for table `users`
--
ALTER TABLE `users`
  ADD PRIMARY KEY (`user_id`),
  ADD KEY `role_id` (`role_id`);

--
-- Indexes for table `user_roles`
--
ALTER TABLE `user_roles`
  ADD PRIMARY KEY (`role_id`);

--
-- AUTO_INCREMENT for dumped tables
--

--
-- AUTO_INCREMENT for table `accesses`
--
ALTER TABLE `accesses`
  MODIFY `access_id` int(11) NOT NULL AUTO_INCREMENT, AUTO_INCREMENT=516;

--
-- AUTO_INCREMENT for table `att_devices`
--
ALTER TABLE `att_devices`
  MODIFY `device_id` int(11) NOT NULL AUTO_INCREMENT, AUTO_INCREMENT=2;

--
-- AUTO_INCREMENT for table `companies`
--
ALTER TABLE `companies`
  MODIFY `company_code` int(11) NOT NULL AUTO_INCREMENT, AUTO_INCREMENT=202;

--
-- AUTO_INCREMENT for table `company_locations`
--
ALTER TABLE `company_locations`
  MODIFY `id` int(11) NOT NULL AUTO_INCREMENT, AUTO_INCREMENT=10;

--
-- AUTO_INCREMENT for table `departments`
--
ALTER TABLE `departments`
  MODIFY `department_code` int(11) NOT NULL AUTO_INCREMENT, AUTO_INCREMENT=28;

--
-- AUTO_INCREMENT for table `descussions`
--
ALTER TABLE `descussions`
  MODIFY `id` int(11) NOT NULL AUTO_INCREMENT, AUTO_INCREMENT=2;

--
-- AUTO_INCREMENT for table `designations`
--
ALTER TABLE `designations`
  MODIFY `designation_code` int(11) NOT NULL AUTO_INCREMENT, AUTO_INCREMENT=73;

--
-- AUTO_INCREMENT for table `employees`
--
ALTER TABLE `employees`
  MODIFY `emp_id` int(11) NOT NULL AUTO_INCREMENT, AUTO_INCREMENT=2002100147;

--
-- AUTO_INCREMENT for table `emp_app_profile`
--
ALTER TABLE `emp_app_profile`
  MODIFY `id` int(11) NOT NULL AUTO_INCREMENT, AUTO_INCREMENT=41;

--
-- AUTO_INCREMENT for table `emp_armed_license`
--
ALTER TABLE `emp_armed_license`
  MODIFY `id` int(11) NOT NULL AUTO_INCREMENT;

--
-- AUTO_INCREMENT for table `emp_attendance`
--
ALTER TABLE `emp_attendance`
  MODIFY `id` int(11) NOT NULL AUTO_INCREMENT, AUTO_INCREMENT=1365;

--
-- AUTO_INCREMENT for table `emp_attendance_requests`
--
ALTER TABLE `emp_attendance_requests`
  MODIFY `id` int(11) NOT NULL AUTO_INCREMENT, AUTO_INCREMENT=3;

--
-- AUTO_INCREMENT for table `emp_attendance_requests_ref`
--
ALTER TABLE `emp_attendance_requests_ref`
  MODIFY `id` int(11) NOT NULL AUTO_INCREMENT, AUTO_INCREMENT=3;

--
-- AUTO_INCREMENT for table `emp_chats`
--
ALTER TABLE `emp_chats`
  MODIFY `id` int(11) NOT NULL AUTO_INCREMENT, AUTO_INCREMENT=23;

--
-- AUTO_INCREMENT for table `emp_courses`
--
ALTER TABLE `emp_courses`
  MODIFY `course_id` int(11) NOT NULL AUTO_INCREMENT, AUTO_INCREMENT=2;

--
-- AUTO_INCREMENT for table `emp_course_categories`
--
ALTER TABLE `emp_course_categories`
  MODIFY `cc_id` int(11) NOT NULL AUTO_INCREMENT, AUTO_INCREMENT=5;

--
-- AUTO_INCREMENT for table `emp_course_videos`
--
ALTER TABLE `emp_course_videos`
  MODIFY `v_id` int(11) NOT NULL AUTO_INCREMENT, AUTO_INCREMENT=2;

--
-- AUTO_INCREMENT for table `emp_cv`
--
ALTER TABLE `emp_cv`
  MODIFY `id` int(11) NOT NULL AUTO_INCREMENT, AUTO_INCREMENT=47;

--
-- AUTO_INCREMENT for table `emp_drive_main`
--
ALTER TABLE `emp_drive_main`
  MODIFY `id` int(11) NOT NULL AUTO_INCREMENT, AUTO_INCREMENT=4;

--
-- AUTO_INCREMENT for table `emp_drive_sub`
--
ALTER TABLE `emp_drive_sub`
  MODIFY `id` int(11) NOT NULL AUTO_INCREMENT, AUTO_INCREMENT=9;

--
-- AUTO_INCREMENT for table `emp_driving_license`
--
ALTER TABLE `emp_driving_license`
  MODIFY `id` int(11) NOT NULL AUTO_INCREMENT, AUTO_INCREMENT=6;

--
-- AUTO_INCREMENT for table `emp_enrolled_in_course`
--
ALTER TABLE `emp_enrolled_in_course`
  MODIFY `id` int(11) NOT NULL AUTO_INCREMENT, AUTO_INCREMENT=2;

--
-- AUTO_INCREMENT for table `emp_enrolled_in_course_videos`
--
ALTER TABLE `emp_enrolled_in_course_videos`
  MODIFY `id` int(11) NOT NULL AUTO_INCREMENT;

--
-- AUTO_INCREMENT for table `emp_grades`
--
ALTER TABLE `emp_grades`
  MODIFY `grade_code` int(11) NOT NULL AUTO_INCREMENT, AUTO_INCREMENT=9;

--
-- AUTO_INCREMENT for table `emp_leave_applications`
--
ALTER TABLE `emp_leave_applications`
  MODIFY `leave_id` int(11) NOT NULL AUTO_INCREMENT, AUTO_INCREMENT=7;

--
-- AUTO_INCREMENT for table `emp_leave_application_refs`
--
ALTER TABLE `emp_leave_application_refs`
  MODIFY `id` int(11) NOT NULL AUTO_INCREMENT, AUTO_INCREMENT=7;

--
-- AUTO_INCREMENT for table `emp_machine_thumbs`
--
ALTER TABLE `emp_machine_thumbs`
  MODIFY `id` int(11) NOT NULL AUTO_INCREMENT, AUTO_INCREMENT=5126;

--
-- AUTO_INCREMENT for table `emp_news_papers`
--
ALTER TABLE `emp_news_papers`
  MODIFY `id` int(11) NOT NULL AUTO_INCREMENT, AUTO_INCREMENT=11;

--
-- AUTO_INCREMENT for table `emp_notifications`
--
ALTER TABLE `emp_notifications`
  MODIFY `notification_id` int(11) NOT NULL AUTO_INCREMENT, AUTO_INCREMENT=465;

--
-- AUTO_INCREMENT for table `emp_prf_address`
--
ALTER TABLE `emp_prf_address`
  MODIFY `id` int(11) NOT NULL AUTO_INCREMENT, AUTO_INCREMENT=43;

--
-- AUTO_INCREMENT for table `emp_short_leave_applications`
--
ALTER TABLE `emp_short_leave_applications`
  MODIFY `leave_id` int(11) NOT NULL AUTO_INCREMENT, AUTO_INCREMENT=20;

--
-- AUTO_INCREMENT for table `emp_short_leave_application_refs`
--
ALTER TABLE `emp_short_leave_application_refs`
  MODIFY `id` int(11) NOT NULL AUTO_INCREMENT, AUTO_INCREMENT=19;

--
-- AUTO_INCREMENT for table `events`
--
ALTER TABLE `events`
  MODIFY `event_id` int(11) NOT NULL AUTO_INCREMENT, AUTO_INCREMENT=4;

--
-- AUTO_INCREMENT for table `guests`
--
ALTER TABLE `guests`
  MODIFY `id` int(11) NOT NULL AUTO_INCREMENT, AUTO_INCREMENT=5;

--
-- AUTO_INCREMENT for table `guest_meetings`
--
ALTER TABLE `guest_meetings`
  MODIFY `id` int(11) NOT NULL AUTO_INCREMENT, AUTO_INCREMENT=15;

--
-- AUTO_INCREMENT for table `invtry_advance_cash`
--
ALTER TABLE `invtry_advance_cash`
  MODIFY `advance_cash_code` int(11) NOT NULL AUTO_INCREMENT;

--
-- AUTO_INCREMENT for table `invtry_advance_cash_received_by`
--
ALTER TABLE `invtry_advance_cash_received_by`
  MODIFY `id` int(11) NOT NULL AUTO_INCREMENT;

--
-- AUTO_INCREMENT for table `invtry_advance_cash_ref`
--
ALTER TABLE `invtry_advance_cash_ref`
  MODIFY `id` int(11) NOT NULL AUTO_INCREMENT;

--
-- AUTO_INCREMENT for table `invtry_asset_categories`
--
ALTER TABLE `invtry_asset_categories`
  MODIFY `asset_id` int(11) NOT NULL AUTO_INCREMENT, AUTO_INCREMENT=9;

--
-- AUTO_INCREMENT for table `invtry_asset_sub_categories`
--
ALTER TABLE `invtry_asset_sub_categories`
  MODIFY `sub_asset_id` int(11) NOT NULL AUTO_INCREMENT, AUTO_INCREMENT=52;

--
-- AUTO_INCREMENT for table `invtry_purchase_requests`
--
ALTER TABLE `invtry_purchase_requests`
  MODIFY `pr_id` int(11) NOT NULL AUTO_INCREMENT, AUTO_INCREMENT=4;

--
-- AUTO_INCREMENT for table `invtry_purchase_request_quotations`
--
ALTER TABLE `invtry_purchase_request_quotations`
  MODIFY `quotation_id` int(11) NOT NULL AUTO_INCREMENT, AUTO_INCREMENT=9;

--
-- AUTO_INCREMENT for table `invtry_purchase_request_specifications`
--
ALTER TABLE `invtry_purchase_request_specifications`
  MODIFY `id` int(11) NOT NULL AUTO_INCREMENT, AUTO_INCREMENT=5;

--
-- AUTO_INCREMENT for table `invtry_sub_locations`
--
ALTER TABLE `invtry_sub_locations`
  MODIFY `sub_location_id` int(11) NOT NULL AUTO_INCREMENT, AUTO_INCREMENT=13;

--
-- AUTO_INCREMENT for table `locations`
--
ALTER TABLE `locations`
  MODIFY `location_code` int(11) NOT NULL AUTO_INCREMENT, AUTO_INCREMENT=5;

--
-- AUTO_INCREMENT for table `logs`
--
ALTER TABLE `logs`
  MODIFY `log_id` int(11) NOT NULL AUTO_INCREMENT;

--
-- AUTO_INCREMENT for table `status`
--
ALTER TABLE `status`
  MODIFY `status_id` int(11) NOT NULL AUTO_INCREMENT, AUTO_INCREMENT=2;

--
-- AUTO_INCREMENT for table `users`
--
ALTER TABLE `users`
  MODIFY `user_id` int(11) NOT NULL AUTO_INCREMENT, AUTO_INCREMENT=6;

--
-- AUTO_INCREMENT for table `user_roles`
--
ALTER TABLE `user_roles`
  MODIFY `role_id` int(11) NOT NULL AUTO_INCREMENT, AUTO_INCREMENT=3;

--
-- Constraints for dumped tables
--

--
-- Constraints for table `att_devices`
--
ALTER TABLE `att_devices`
  ADD CONSTRAINT `att_devices_ibfk_1` FOREIGN KEY (`location_code`) REFERENCES `locations` (`location_code`);

--
-- Constraints for table `company_locations`
--
ALTER TABLE `company_locations`
  ADD CONSTRAINT `company_locations_ibfk_1` FOREIGN KEY (`company_code`) REFERENCES `companies` (`company_code`) ON UPDATE CASCADE,
  ADD CONSTRAINT `company_locations_ibfk_2` FOREIGN KEY (`location_code`) REFERENCES `locations` (`location_code`) ON UPDATE CASCADE;

--
-- Constraints for table `descussions`
--
ALTER TABLE `descussions`
  ADD CONSTRAINT `descussions_ibfk_1` FOREIGN KEY (`emp_id`) REFERENCES `employees` (`emp_id`);

--
-- Constraints for table `designations`
--
ALTER TABLE `designations`
  ADD CONSTRAINT `designations_ibfk_1` FOREIGN KEY (`department_code`) REFERENCES `departments` (`department_code`) ON DELETE CASCADE ON UPDATE CASCADE;

--
-- Constraints for table `employees`
--
ALTER TABLE `employees`
  ADD CONSTRAINT `employees_ibfk_1` FOREIGN KEY (`company_code`) REFERENCES `companies` (`company_code`) ON DELETE CASCADE ON UPDATE CASCADE,
  ADD CONSTRAINT `employees_ibfk_2` FOREIGN KEY (`location_code`) REFERENCES `locations` (`location_code`) ON DELETE CASCADE ON UPDATE CASCADE,
  ADD CONSTRAINT `employees_ibfk_3` FOREIGN KEY (`department_code`) REFERENCES `departments` (`department_code`) ON DELETE CASCADE ON UPDATE CASCADE,
  ADD CONSTRAINT `employees_ibfk_4` FOREIGN KEY (`designation_code`) REFERENCES `designations` (`designation_code`) ON DELETE CASCADE ON UPDATE CASCADE,
  ADD CONSTRAINT `employees_ibfk_5` FOREIGN KEY (`user_id`) REFERENCES `users` (`user_id`) ON DELETE CASCADE ON UPDATE CASCADE,
  ADD CONSTRAINT `employees_ibfk_6` FOREIGN KEY (`grade_code`) REFERENCES `emp_grades` (`grade_code`) ON DELETE CASCADE ON UPDATE CASCADE;

--
-- Constraints for table `emp_app_profile`
--
ALTER TABLE `emp_app_profile`
  ADD CONSTRAINT `emp_app_profile_ibfk_1` FOREIGN KEY (`emp_id`) REFERENCES `employees` (`emp_id`) ON DELETE CASCADE ON UPDATE CASCADE;

--
-- Constraints for table `emp_armed_license`
--
ALTER TABLE `emp_armed_license`
  ADD CONSTRAINT `emp_armed_license_ibfk_1` FOREIGN KEY (`emp_id`) REFERENCES `employees` (`emp_id`) ON DELETE CASCADE ON UPDATE CASCADE;

--
-- Constraints for table `emp_attendance`
--
ALTER TABLE `emp_attendance`
  ADD CONSTRAINT `emp_attendance_ibfk_1` FOREIGN KEY (`emp_id`) REFERENCES `employees` (`emp_id`) ON DELETE CASCADE ON UPDATE CASCADE;

--
-- Constraints for table `emp_attendance_requests_ref`
--
ALTER TABLE `emp_attendance_requests_ref`
  ADD CONSTRAINT `emp_attendance_requests_ref_ibfk_2` FOREIGN KEY (`handle_by`) REFERENCES `employees` (`emp_id`) ON DELETE CASCADE ON UPDATE CASCADE,
  ADD CONSTRAINT `emp_attendance_requests_ref_ibfk_3` FOREIGN KEY (`requested_by`) REFERENCES `employees` (`emp_id`) ON DELETE CASCADE ON UPDATE CASCADE,
  ADD CONSTRAINT `emp_attendance_requests_ref_ibfk_4` FOREIGN KEY (`request_status`) REFERENCES `status` (`status_id`) ON DELETE CASCADE ON UPDATE CASCADE,
  ADD CONSTRAINT `emp_attendance_requests_ref_ibfk_5` FOREIGN KEY (`request_id`) REFERENCES `emp_attendance_requests` (`id`) ON DELETE CASCADE ON UPDATE CASCADE;

--
-- Constraints for table `emp_chats`
--
ALTER TABLE `emp_chats`
  ADD CONSTRAINT `emp_chats_ibfk_1` FOREIGN KEY (`sender_id`) REFERENCES `employees` (`emp_id`) ON DELETE CASCADE ON UPDATE CASCADE,
  ADD CONSTRAINT `emp_chats_ibfk_2` FOREIGN KEY (`receiver_id`) REFERENCES `employees` (`emp_id`) ON DELETE CASCADE ON UPDATE CASCADE;

--
-- Constraints for table `emp_course_categories`
--
ALTER TABLE `emp_course_categories`
  ADD CONSTRAINT `emp_course_categories_ibfk_1` FOREIGN KEY (`course_id`) REFERENCES `emp_courses` (`course_id`) ON DELETE CASCADE ON UPDATE CASCADE;

--
-- Constraints for table `emp_course_videos`
--
ALTER TABLE `emp_course_videos`
  ADD CONSTRAINT `emp_course_videos_ibfk_1` FOREIGN KEY (`course_id`) REFERENCES `emp_courses` (`course_id`) ON DELETE CASCADE ON UPDATE CASCADE,
  ADD CONSTRAINT `emp_course_videos_ibfk_2` FOREIGN KEY (`cc_id`) REFERENCES `emp_course_categories` (`cc_id`) ON DELETE CASCADE ON UPDATE CASCADE;

--
-- Constraints for table `emp_cv`
--
ALTER TABLE `emp_cv`
  ADD CONSTRAINT `emp_cv_ibfk_1` FOREIGN KEY (`emp_id`) REFERENCES `employees` (`emp_id`) ON DELETE CASCADE ON UPDATE CASCADE;

--
-- Constraints for table `emp_drive_main`
--
ALTER TABLE `emp_drive_main`
  ADD CONSTRAINT `emp_drive_main_ibfk_1` FOREIGN KEY (`emp_id`) REFERENCES `employees` (`emp_id`) ON DELETE CASCADE ON UPDATE CASCADE;

--
-- Constraints for table `emp_drive_sub`
--
ALTER TABLE `emp_drive_sub`
  ADD CONSTRAINT `emp_drive_sub_ibfk_1` FOREIGN KEY (`folder_id`) REFERENCES `emp_drive_main` (`id`) ON DELETE CASCADE ON UPDATE CASCADE;

--
-- Constraints for table `emp_driving_license`
--
ALTER TABLE `emp_driving_license`
  ADD CONSTRAINT `emp_driving_license_ibfk_1` FOREIGN KEY (`emp_id`) REFERENCES `employees` (`emp_id`) ON DELETE CASCADE ON UPDATE CASCADE;

--
-- Constraints for table `emp_enrolled_in_course`
--
ALTER TABLE `emp_enrolled_in_course`
  ADD CONSTRAINT `emp_enrolled_in_course_ibfk_1` FOREIGN KEY (`course_id`) REFERENCES `emp_courses` (`course_id`) ON DELETE CASCADE ON UPDATE CASCADE,
  ADD CONSTRAINT `emp_enrolled_in_course_ibfk_2` FOREIGN KEY (`emp_id`) REFERENCES `employees` (`emp_id`) ON DELETE CASCADE ON UPDATE CASCADE;

--
-- Constraints for table `emp_enrolled_in_course_videos`
--
ALTER TABLE `emp_enrolled_in_course_videos`
  ADD CONSTRAINT `emp_enrolled_in_course_videos_ibfk_1` FOREIGN KEY (`v_id`) REFERENCES `emp_course_videos` (`v_id`) ON DELETE CASCADE ON UPDATE CASCADE;

--
-- Constraints for table `emp_leave_application_refs`
--
ALTER TABLE `emp_leave_application_refs`
  ADD CONSTRAINT `emp_leave_application_refs_ibfk_1` FOREIGN KEY (`handle_by`) REFERENCES `employees` (`emp_id`) ON DELETE CASCADE ON UPDATE CASCADE,
  ADD CONSTRAINT `emp_leave_application_refs_ibfk_2` FOREIGN KEY (`requested_by`) REFERENCES `employees` (`emp_id`) ON DELETE CASCADE ON UPDATE CASCADE,
  ADD CONSTRAINT `emp_leave_application_refs_ibfk_3` FOREIGN KEY (`leave_id`) REFERENCES `emp_leave_applications` (`leave_id`) ON DELETE CASCADE ON UPDATE CASCADE,
  ADD CONSTRAINT `emp_leave_application_refs_ibfk_4` FOREIGN KEY (`approved_by`) REFERENCES `employees` (`emp_id`) ON DELETE CASCADE ON UPDATE CASCADE;

--
-- Constraints for table `emp_machine_thumbs`
--
ALTER TABLE `emp_machine_thumbs`
  ADD CONSTRAINT `emp_machine_thumbs_ibfk_1` FOREIGN KEY (`emp_id`) REFERENCES `employees` (`emp_id`) ON DELETE CASCADE ON UPDATE CASCADE,
  ADD CONSTRAINT `emp_machine_thumbs_ibfk_2` FOREIGN KEY (`location`) REFERENCES `locations` (`location_code`) ON DELETE CASCADE ON UPDATE CASCADE;

--
-- Constraints for table `emp_notifications`
--
ALTER TABLE `emp_notifications`
  ADD CONSTRAINT `emp_notifications_ibfk_1` FOREIGN KEY (`event_id`) REFERENCES `events` (`event_id`) ON DELETE CASCADE ON UPDATE CASCADE,
  ADD CONSTRAINT `emp_notifications_ibfk_2` FOREIGN KEY (`notify_from`) REFERENCES `employees` (`emp_id`) ON DELETE CASCADE ON UPDATE CASCADE,
  ADD CONSTRAINT `emp_notifications_ibfk_3` FOREIGN KEY (`notify_to`) REFERENCES `employees` (`emp_id`) ON DELETE CASCADE ON UPDATE CASCADE;

--
-- Constraints for table `emp_prf_address`
--
ALTER TABLE `emp_prf_address`
  ADD CONSTRAINT `emp_prf_address_ibfk_1` FOREIGN KEY (`emp_id`) REFERENCES `employees` (`emp_id`) ON DELETE CASCADE ON UPDATE CASCADE;

--
-- Constraints for table `emp_short_leave_application_refs`
--
ALTER TABLE `emp_short_leave_application_refs`
  ADD CONSTRAINT `emp_short_leave_application_refs_ibfk_1` FOREIGN KEY (`approved_by`) REFERENCES `employees` (`emp_id`) ON DELETE CASCADE ON UPDATE CASCADE,
  ADD CONSTRAINT `emp_short_leave_application_refs_ibfk_2` FOREIGN KEY (`leave_id`) REFERENCES `emp_short_leave_applications` (`leave_id`) ON DELETE CASCADE ON UPDATE CASCADE,
  ADD CONSTRAINT `emp_short_leave_application_refs_ibfk_3` FOREIGN KEY (`handle_by`) REFERENCES `employees` (`emp_id`) ON DELETE CASCADE ON UPDATE CASCADE,
  ADD CONSTRAINT `emp_short_leave_application_refs_ibfk_4` FOREIGN KEY (`requested_by`) REFERENCES `employees` (`emp_id`) ON DELETE CASCADE ON UPDATE CASCADE;

--
-- Constraints for table `guest_meetings`
--
ALTER TABLE `guest_meetings`
  ADD CONSTRAINT `guest_meetings_ibfk_1` FOREIGN KEY (`emp_id`) REFERENCES `employees` (`emp_id`) ON DELETE CASCADE ON UPDATE CASCADE,
  ADD CONSTRAINT `guest_meetings_ibfk_2` FOREIGN KEY (`guest_id`) REFERENCES `guests` (`id`) ON DELETE CASCADE ON UPDATE CASCADE,
  ADD CONSTRAINT `guest_meetings_ibfk_3` FOREIGN KEY (`location_code`) REFERENCES `locations` (`location_code`) ON DELETE CASCADE ON UPDATE CASCADE;

--
-- Constraints for table `invtry_advance_cash`
--
ALTER TABLE `invtry_advance_cash`
  ADD CONSTRAINT `invtry_advance_cash_ibfk_1` FOREIGN KEY (`company_code`) REFERENCES `companies` (`company_code`) ON DELETE CASCADE ON UPDATE CASCADE;

--
-- Constraints for table `invtry_advance_cash_ref`
--
ALTER TABLE `invtry_advance_cash_ref`
  ADD CONSTRAINT `invtry_advance_cash_ref_ibfk_1` FOREIGN KEY (`advance_cash_code`) REFERENCES `invtry_advance_cash` (`advance_cash_code`) ON DELETE CASCADE ON UPDATE CASCADE,
  ADD CONSTRAINT `invtry_advance_cash_ref_ibfk_2` FOREIGN KEY (`approved_by`) REFERENCES `employees` (`emp_id`) ON DELETE CASCADE ON UPDATE CASCADE,
  ADD CONSTRAINT `invtry_advance_cash_ref_ibfk_3` FOREIGN KEY (`handle_by`) REFERENCES `employees` (`emp_id`) ON DELETE CASCADE ON UPDATE CASCADE,
  ADD CONSTRAINT `invtry_advance_cash_ref_ibfk_4` FOREIGN KEY (`received_by`) REFERENCES `invtry_advance_cash_received_by` (`id`) ON DELETE CASCADE ON UPDATE CASCADE;

--
-- Constraints for table `invtry_asset_sub_categories`
--
ALTER TABLE `invtry_asset_sub_categories`
  ADD CONSTRAINT `invtry_asset_sub_categories_ibfk_1` FOREIGN KEY (`asset_id`) REFERENCES `invtry_asset_categories` (`asset_id`) ON UPDATE CASCADE;

--
-- Constraints for table `invtry_purchase_requests`
--
ALTER TABLE `invtry_purchase_requests`
  ADD CONSTRAINT `invtry_purchase_requests_ibfk_1` FOREIGN KEY (`location_code`) REFERENCES `locations` (`location_code`) ON UPDATE CASCADE,
  ADD CONSTRAINT `invtry_purchase_requests_ibfk_2` FOREIGN KEY (`request_by`) REFERENCES `employees` (`emp_id`) ON UPDATE CASCADE,
  ADD CONSTRAINT `invtry_purchase_requests_ibfk_3` FOREIGN KEY (`handle_by`) REFERENCES `employees` (`emp_id`) ON UPDATE CASCADE,
  ADD CONSTRAINT `invtry_purchase_requests_ibfk_4` FOREIGN KEY (`approve_by`) REFERENCES `employees` (`emp_id`) ON UPDATE CASCADE,
  ADD CONSTRAINT `invtry_purchase_requests_ibfk_5` FOREIGN KEY (`request_for`) REFERENCES `employees` (`emp_id`) ON UPDATE CASCADE,
  ADD CONSTRAINT `invtry_purchase_requests_ibfk_6` FOREIGN KEY (`forward_by`) REFERENCES `employees` (`emp_id`) ON UPDATE CASCADE,
  ADD CONSTRAINT `invtry_purchase_requests_ibfk_7` FOREIGN KEY (`company_code`) REFERENCES `companies` (`company_code`) ON UPDATE CASCADE;

--
-- Constraints for table `invtry_purchase_request_quotations`
--
ALTER TABLE `invtry_purchase_request_quotations`
  ADD CONSTRAINT `invtry_purchase_request_quotations_ibfk_1` FOREIGN KEY (`pr_id`) REFERENCES `invtry_purchase_requests` (`pr_id`) ON UPDATE CASCADE;

--
-- Constraints for table `invtry_purchase_request_specifications`
--
ALTER TABLE `invtry_purchase_request_specifications`
  ADD CONSTRAINT `invtry_purchase_request_specifications_ibfk_1` FOREIGN KEY (`pr_id`) REFERENCES `invtry_purchase_requests` (`pr_id`) ON UPDATE CASCADE;

--
-- Constraints for table `invtry_sub_locations`
--
ALTER TABLE `invtry_sub_locations`
  ADD CONSTRAINT `invtry_sub_locations_ibfk_1` FOREIGN KEY (`location_code`) REFERENCES `locations` (`location_code`) ON DELETE CASCADE ON UPDATE CASCADE;

--
-- Constraints for table `logs`
--
ALTER TABLE `logs`
  ADD CONSTRAINT `logs_ibfk_1` FOREIGN KEY (`emp_id`) REFERENCES `employees` (`emp_id`) ON UPDATE CASCADE;

--
-- Constraints for table `users`
--
ALTER TABLE `users`
  ADD CONSTRAINT `users_ibfk_1` FOREIGN KEY (`role_id`) REFERENCES `user_roles` (`role_id`);
COMMIT;

/*!40101 SET CHARACTER_SET_CLIENT=@OLD_CHARACTER_SET_CLIENT */;
/*!40101 SET CHARACTER_SET_RESULTS=@OLD_CHARACTER_SET_RESULTS */;
/*!40101 SET COLLATION_CONNECTION=@OLD_COLLATION_CONNECTION */;
